
######################################################################

Num Generations: 500 | Population Size: 300 | Parents: 100 | Mutation Prob: 0.5 | Crossover Prob: 0.5

######################################################################
Metadata saved to: results/20260331_142801_nsga_ckpts/metadata.txt

======================================================================
                 MULTI-OBJECTIVE EVOLUTION - NSGA-II                  
======================================================================
Population: 300 | Generations: 500 | Parents: 100
Objective 1: Flat Terrain Speed | Objective 2: Ice Terrain Speed
======================================================================

Generation 0:	[ -6.72590306 -68.14328294]
Mean fitness:	-328.45 +- 569.63
Mean fitness per obj: ['-53.08 +-52.49', '-603.81 +-703.24']
Gen    1/500 [░░░░░░░░░░░░░░░░░░░░░░░░░░░░░░░░░░░░░░░░░░░░░░░░░░]   0.2%
     Best:     Objective 1=   7.89  Objective 2= -60.13
     Mean:     Objective 1= -53.08  Objective 2=-603.81

Gen    2/500 [░░░░░░░░░░░░░░░░░░░░░░░░░░░░░░░░░░░░░░░░░░░░░░░░░░]   0.4%
     Best:     Objective 1=  -5.05  Objective 2= -64.77
     Mean:     Objective 1= -48.40  Objective 2=-486.07

Gen    3/500 [░░░░░░░░░░░░░░░░░░░░░░░░░░░░░░░░░░░░░░░░░░░░░░░░░░]   0.6%
     Best:     Objective 1=  -0.84  Objective 2= -64.97
     Mean:     Objective 1= -50.90  Objective 2=-534.15

Gen    4/500 [░░░░░░░░░░░░░░░░░░░░░░░░░░░░░░░░░░░░░░░░░░░░░░░░░░]   0.8%
     Best:     Objective 1=  12.93  Objective 2= -60.87
     Mean:     Objective 1= -51.43  Objective 2=-430.16

Gen    5/500 [░░░░░░░░░░░░░░░░░░░░░░░░░░░░░░░░░░░░░░░░░░░░░░░░░░]   1.0%
     Best:     Objective 1=  13.91  Objective 2= -53.37
     Mean:     Objective 1= -43.31  Objective 2=-388.53

Generation 5:	[ -6.72590306 -68.14328294]
Mean fitness:	-240.93 +- 442.12
Mean fitness per obj: ['-41.25 +-37.78', '-440.61 +-556.57']
Gen    6/500 [░░░░░░░░░░░░░░░░░░░░░░░░░░░░░░░░░░░░░░░░░░░░░░░░░░]   1.2%
     Best:     Objective 1=  12.99  Objective 2= -62.94
     Mean:     Objective 1= -41.25  Objective 2=-440.61

Gen    7/500 [░░░░░░░░░░░░░░░░░░░░░░░░░░░░░░░░░░░░░░░░░░░░░░░░░░]   1.4%
     Best:     Objective 1=  -8.09  Objective 2= -55.62
     Mean:     Objective 1= -43.24  Objective 2=-442.43

Gen    8/500 [░░░░░░░░░░░░░░░░░░░░░░░░░░░░░░░░░░░░░░░░░░░░░░░░░░]   1.6%
     Best:     Objective 1=  21.90  Objective 2= -60.58
     Mean:     Objective 1= -46.64  Objective 2=-516.90

Gen    9/500 [░░░░░░░░░░░░░░░░░░░░░░░░░░░░░░░░░░░░░░░░░░░░░░░░░░]   1.8%
     Best:     Objective 1=  19.51  Objective 2= -51.24
     Mean:     Objective 1= -47.02  Objective 2=-439.40

Gen   10/500 [█░░░░░░░░░░░░░░░░░░░░░░░░░░░░░░░░░░░░░░░░░░░░░░░░░]   2.0%
     Best:     Objective 1=   3.62  Objective 2= -49.74
     Mean:     Objective 1= -40.91  Objective 2=-489.96

Generation 10:	[ -6.72590306 -68.14328294]
Mean fitness:	-246.12 +- 476.91
Mean fitness per obj: ['-40.98 +-57.68', '-451.26 +-606.13']
Gen   11/500 [█░░░░░░░░░░░░░░░░░░░░░░░░░░░░░░░░░░░░░░░░░░░░░░░░░]   2.2%
     Best:     Objective 1=   9.03  Objective 2= -54.48
     Mean:     Objective 1= -40.98  Objective 2=-451.26

Gen   12/500 [█░░░░░░░░░░░░░░░░░░░░░░░░░░░░░░░░░░░░░░░░░░░░░░░░░]   2.4%
     Best:     Objective 1=  -0.04  Objective 2= -53.22
     Mean:     Objective 1= -44.00  Objective 2=-451.93

Gen   13/500 [█░░░░░░░░░░░░░░░░░░░░░░░░░░░░░░░░░░░░░░░░░░░░░░░░░]   2.6%
     Best:     Objective 1=   3.34  Objective 2= -65.16
     Mean:     Objective 1= -38.20  Objective 2=-442.27

Gen   14/500 [█░░░░░░░░░░░░░░░░░░░░░░░░░░░░░░░░░░░░░░░░░░░░░░░░░]   2.8%
     Best:     Objective 1=  -0.72  Objective 2= -56.85
     Mean:     Objective 1= -46.73  Objective 2=-458.29

Gen   15/500 [█░░░░░░░░░░░░░░░░░░░░░░░░░░░░░░░░░░░░░░░░░░░░░░░░░]   3.0%
     Best:     Objective 1=   8.32  Objective 2= -48.73
     Mean:     Objective 1= -43.74  Objective 2=-480.81

Generation 15:	[ -5.33518965 -59.64741558]
Mean fitness:	-251.20 +- 438.32
Mean fitness per obj: ['-39.51 +-52.12', '-462.89 +-540.28']
Gen   16/500 [█░░░░░░░░░░░░░░░░░░░░░░░░░░░░░░░░░░░░░░░░░░░░░░░░░]   3.2%
     Best:     Objective 1=   7.70  Objective 2= -56.09
     Mean:     Objective 1= -39.51  Objective 2=-462.89

Gen   17/500 [█░░░░░░░░░░░░░░░░░░░░░░░░░░░░░░░░░░░░░░░░░░░░░░░░░]   3.4%
     Best:     Objective 1=   5.05  Objective 2= -47.46
     Mean:     Objective 1= -42.07  Objective 2=-513.14

Gen   18/500 [█░░░░░░░░░░░░░░░░░░░░░░░░░░░░░░░░░░░░░░░░░░░░░░░░░]   3.6%
     Best:     Objective 1=   1.61  Objective 2= -57.59
     Mean:     Objective 1= -40.18  Objective 2=-552.68

Gen   19/500 [█░░░░░░░░░░░░░░░░░░░░░░░░░░░░░░░░░░░░░░░░░░░░░░░░░]   3.8%
     Best:     Objective 1=  -1.74  Objective 2= -52.66
     Mean:     Objective 1= -41.17  Objective 2=-444.69

Gen   20/500 [██░░░░░░░░░░░░░░░░░░░░░░░░░░░░░░░░░░░░░░░░░░░░░░░░]   4.0%
     Best:     Objective 1=  46.50  Objective 2= -61.65
     Mean:     Objective 1= -44.79  Objective 2=-509.18

Generation 20:	[ -5.33518965 -59.64741558]
Mean fitness:	-214.59 +- 397.75
Mean fitness per obj: ['-39.46 +-39.39', '-389.72 +-503.50']
Gen   21/500 [██░░░░░░░░░░░░░░░░░░░░░░░░░░░░░░░░░░░░░░░░░░░░░░░░]   4.2%
     Best:     Objective 1=   4.19  Objective 2= -61.51
     Mean:     Objective 1= -39.46  Objective 2=-389.72

Gen   22/500 [██░░░░░░░░░░░░░░░░░░░░░░░░░░░░░░░░░░░░░░░░░░░░░░░░]   4.4%
     Best:     Objective 1=  -1.48  Objective 2= -56.47
     Mean:     Objective 1= -38.33  Objective 2=-475.04

Gen   23/500 [██░░░░░░░░░░░░░░░░░░░░░░░░░░░░░░░░░░░░░░░░░░░░░░░░]   4.6%
     Best:     Objective 1=  -2.91  Objective 2= -57.06
     Mean:     Objective 1= -38.74  Objective 2=-476.89

Gen   24/500 [██░░░░░░░░░░░░░░░░░░░░░░░░░░░░░░░░░░░░░░░░░░░░░░░░]   4.8%
     Best:     Objective 1=  11.24  Objective 2= -58.25
     Mean:     Objective 1= -42.79  Objective 2=-474.40

Gen   25/500 [██░░░░░░░░░░░░░░░░░░░░░░░░░░░░░░░░░░░░░░░░░░░░░░░░]   5.0%
     Best:     Objective 1=  -0.90  Objective 2= -65.55
     Mean:     Objective 1= -40.84  Objective 2=-528.75

Generation 25:	[ -5.33518965 -59.64741558]
Mean fitness:	-234.47 +- 424.95
Mean fitness per obj: ['-41.53 +-35.21', '-427.40 +-534.30']
Gen   26/500 [██░░░░░░░░░░░░░░░░░░░░░░░░░░░░░░░░░░░░░░░░░░░░░░░░]   5.2%
     Best:     Objective 1=   3.42  Objective 2= -59.91
     Mean:     Objective 1= -41.53  Objective 2=-427.40

Gen   27/500 [██░░░░░░░░░░░░░░░░░░░░░░░░░░░░░░░░░░░░░░░░░░░░░░░░]   5.4%
     Best:     Objective 1=   9.19  Objective 2= -57.47
     Mean:     Objective 1= -38.54  Objective 2=-429.57

Gen   28/500 [██░░░░░░░░░░░░░░░░░░░░░░░░░░░░░░░░░░░░░░░░░░░░░░░░]   5.6%
     Best:     Objective 1=   1.28  Objective 2= -52.24
     Mean:     Objective 1= -42.68  Objective 2=-433.09

Gen   29/500 [██░░░░░░░░░░░░░░░░░░░░░░░░░░░░░░░░░░░░░░░░░░░░░░░░]   5.8%
     Best:     Objective 1=   6.08  Objective 2= -52.76
     Mean:     Objective 1= -40.74  Objective 2=-527.58

Gen   30/500 [███░░░░░░░░░░░░░░░░░░░░░░░░░░░░░░░░░░░░░░░░░░░░░░░]   6.0%
     Best:     Objective 1=  -0.88  Objective 2= -49.86
     Mean:     Objective 1= -43.48  Objective 2=-469.42

Generation 30:	[  1.14641784 -59.30016166]
Mean fitness:	-245.55 +- 446.79
Mean fitness per obj: ['-39.10 +-34.40', '-452.01 +-559.30']
Gen   31/500 [███░░░░░░░░░░░░░░░░░░░░░░░░░░░░░░░░░░░░░░░░░░░░░░░]   6.2%
     Best:     Objective 1=   0.73  Objective 2= -58.55
     Mean:     Objective 1= -39.10  Objective 2=-452.01

Gen   32/500 [███░░░░░░░░░░░░░░░░░░░░░░░░░░░░░░░░░░░░░░░░░░░░░░░]   6.4%
     Best:     Objective 1=   2.78  Objective 2= -41.83
     Mean:     Objective 1= -41.90  Objective 2=-436.10

Gen   33/500 [███░░░░░░░░░░░░░░░░░░░░░░░░░░░░░░░░░░░░░░░░░░░░░░░]   6.6%
     Best:     Objective 1=  -0.78  Objective 2= -54.11
     Mean:     Objective 1= -42.90  Objective 2=-438.22

Gen   34/500 [███░░░░░░░░░░░░░░░░░░░░░░░░░░░░░░░░░░░░░░░░░░░░░░░]   6.8%
     Best:     Objective 1=   6.89  Objective 2= -57.77
     Mean:     Objective 1= -39.51  Objective 2=-493.70

Gen   35/500 [███░░░░░░░░░░░░░░░░░░░░░░░░░░░░░░░░░░░░░░░░░░░░░░░]   7.0%
     Best:     Objective 1=  -2.03  Objective 2= -51.73
     Mean:     Objective 1= -46.80  Objective 2=-515.58

Generation 35:	[  1.14641784 -59.30016166]
Mean fitness:	-267.96 +- 505.32
Mean fitness per obj: ['-46.21 +-60.23', '-489.72 +-639.31']
Gen   36/500 [███░░░░░░░░░░░░░░░░░░░░░░░░░░░░░░░░░░░░░░░░░░░░░░░]   7.2%
     Best:     Objective 1=  19.84  Objective 2= -50.05
     Mean:     Objective 1= -46.21  Objective 2=-489.72

Gen   37/500 [███░░░░░░░░░░░░░░░░░░░░░░░░░░░░░░░░░░░░░░░░░░░░░░░]   7.4%
     Best:     Objective 1=   1.73  Objective 2= -54.50
     Mean:     Objective 1= -42.62  Objective 2=-452.81

Gen   38/500 [███░░░░░░░░░░░░░░░░░░░░░░░░░░░░░░░░░░░░░░░░░░░░░░░]   7.6%
     Best:     Objective 1=   8.29  Objective 2= -48.29
     Mean:     Objective 1= -41.64  Objective 2=-486.18

Gen   39/500 [███░░░░░░░░░░░░░░░░░░░░░░░░░░░░░░░░░░░░░░░░░░░░░░░]   7.8%
     Best:     Objective 1=   6.54  Objective 2= -52.49
     Mean:     Objective 1= -38.68  Objective 2=-497.83

Gen   40/500 [████░░░░░░░░░░░░░░░░░░░░░░░░░░░░░░░░░░░░░░░░░░░░░░]   8.0%
     Best:     Objective 1=  -0.64  Objective 2= -49.89
     Mean:     Objective 1= -42.17  Objective 2=-463.37

Generation 40:	[  3.0251738  -59.13096292]
Mean fitness:	-268.44 +- 499.64
Mean fitness per obj: ['-42.95 +-53.45', '-493.92 +-628.28']
Gen   41/500 [████░░░░░░░░░░░░░░░░░░░░░░░░░░░░░░░░░░░░░░░░░░░░░░]   8.2%
     Best:     Objective 1=   6.74  Objective 2= -59.06
     Mean:     Objective 1= -42.95  Objective 2=-493.92

Gen   42/500 [████░░░░░░░░░░░░░░░░░░░░░░░░░░░░░░░░░░░░░░░░░░░░░░]   8.4%
     Best:     Objective 1=   2.38  Objective 2= -57.01
     Mean:     Objective 1= -43.87  Objective 2=-558.93

Gen   43/500 [████░░░░░░░░░░░░░░░░░░░░░░░░░░░░░░░░░░░░░░░░░░░░░░]   8.6%
     Best:     Objective 1=   4.83  Objective 2= -54.29
     Mean:     Objective 1= -44.39  Objective 2=-477.72

Gen   44/500 [████░░░░░░░░░░░░░░░░░░░░░░░░░░░░░░░░░░░░░░░░░░░░░░]   8.8%
     Best:     Objective 1=   9.76  Objective 2= -52.71
     Mean:     Objective 1= -45.94  Objective 2=-476.61

Gen   45/500 [████░░░░░░░░░░░░░░░░░░░░░░░░░░░░░░░░░░░░░░░░░░░░░░]   9.0%
     Best:     Objective 1=  11.89  Objective 2= -49.25
     Mean:     Objective 1= -46.22  Objective 2=-455.03

Generation 45:	[  3.0251738  -59.13096292]
Mean fitness:	-225.86 +- 389.85
Mean fitness per obj: ['-39.82 +-35.52', '-411.89 +-483.20']
Gen   46/500 [████░░░░░░░░░░░░░░░░░░░░░░░░░░░░░░░░░░░░░░░░░░░░░░]   9.2%
     Best:     Objective 1=  -0.04  Objective 2= -57.76
     Mean:     Objective 1= -39.82  Objective 2=-411.89

Gen   47/500 [████░░░░░░░░░░░░░░░░░░░░░░░░░░░░░░░░░░░░░░░░░░░░░░]   9.4%
     Best:     Objective 1=  -1.31  Objective 2= -52.91
     Mean:     Objective 1= -45.29  Objective 2=-440.72

Gen   48/500 [████░░░░░░░░░░░░░░░░░░░░░░░░░░░░░░░░░░░░░░░░░░░░░░]   9.6%
     Best:     Objective 1=  -3.40  Objective 2= -54.67
     Mean:     Objective 1= -40.85  Objective 2=-412.58

Gen   49/500 [████░░░░░░░░░░░░░░░░░░░░░░░░░░░░░░░░░░░░░░░░░░░░░░]   9.8%
     Best:     Objective 1=  10.65  Objective 2= -45.99
     Mean:     Objective 1= -44.11  Objective 2=-448.52

Gen   50/500 [█████░░░░░░░░░░░░░░░░░░░░░░░░░░░░░░░░░░░░░░░░░░░░░]  10.0%
     Best:     Objective 1=  -0.69  Objective 2= -46.19
     Mean:     Objective 1= -42.15  Objective 2=-452.71

Generation 50:	[  3.0251738  -59.13096292]
Mean fitness:	-249.86 +- 487.10
Mean fitness per obj: ['-42.36 +-44.63', '-457.35 +-621.63']
Gen   51/500 [█████░░░░░░░░░░░░░░░░░░░░░░░░░░░░░░░░░░░░░░░░░░░░░]  10.2%
     Best:     Objective 1=   9.95  Objective 2= -52.69
     Mean:     Objective 1= -42.36  Objective 2=-457.35

Gen   52/500 [█████░░░░░░░░░░░░░░░░░░░░░░░░░░░░░░░░░░░░░░░░░░░░░]  10.4%
     Best:     Objective 1=   3.44  Objective 2= -56.83
     Mean:     Objective 1= -36.73  Objective 2=-500.47

Gen   53/500 [█████░░░░░░░░░░░░░░░░░░░░░░░░░░░░░░░░░░░░░░░░░░░░░]  10.6%
     Best:     Objective 1=   6.80  Objective 2= -48.44
     Mean:     Objective 1= -42.78  Objective 2=-495.91

Gen   54/500 [█████░░░░░░░░░░░░░░░░░░░░░░░░░░░░░░░░░░░░░░░░░░░░░]  10.8%
     Best:     Objective 1=   8.87  Objective 2= -56.81
     Mean:     Objective 1= -40.41  Objective 2=-462.54

Gen   55/500 [█████░░░░░░░░░░░░░░░░░░░░░░░░░░░░░░░░░░░░░░░░░░░░░]  11.0%
     Best:     Objective 1=   3.93  Objective 2= -44.48
     Mean:     Objective 1= -42.79  Objective 2=-435.04

Generation 55:	[  3.0251738  -59.13096292]
Mean fitness:	-279.43 +- 509.63
Mean fitness per obj: ['-46.96 +-65.81', '-511.90 +-637.98']
Gen   56/500 [█████░░░░░░░░░░░░░░░░░░░░░░░░░░░░░░░░░░░░░░░░░░░░░]  11.2%
     Best:     Objective 1=  -6.43  Objective 2= -55.47
     Mean:     Objective 1= -46.96  Objective 2=-511.90

Gen   57/500 [█████░░░░░░░░░░░░░░░░░░░░░░░░░░░░░░░░░░░░░░░░░░░░░]  11.4%
     Best:     Objective 1=   1.98  Objective 2= -54.11
     Mean:     Objective 1= -43.48  Objective 2=-522.29

Gen   58/500 [█████░░░░░░░░░░░░░░░░░░░░░░░░░░░░░░░░░░░░░░░░░░░░░]  11.6%
     Best:     Objective 1=   9.61  Objective 2= -58.66
     Mean:     Objective 1= -41.92  Objective 2=-440.22

Gen   59/500 [█████░░░░░░░░░░░░░░░░░░░░░░░░░░░░░░░░░░░░░░░░░░░░░]  11.8%
     Best:     Objective 1=   4.31  Objective 2= -50.68
     Mean:     Objective 1= -42.59  Objective 2=-513.97

Gen   60/500 [██████░░░░░░░░░░░░░░░░░░░░░░░░░░░░░░░░░░░░░░░░░░░░]  12.0%
     Best:     Objective 1=  12.49  Objective 2= -51.80
     Mean:     Objective 1= -39.30  Objective 2=-477.40

Generation 60:	[  3.0251738  -59.13096292]
Mean fitness:	-264.80 +- 494.86
Mean fitness per obj: ['-43.73 +-68.98', '-485.87 +-622.32']
Gen   61/500 [██████░░░░░░░░░░░░░░░░░░░░░░░░░░░░░░░░░░░░░░░░░░░░]  12.2%
     Best:     Objective 1=   1.21  Objective 2= -56.33
     Mean:     Objective 1= -43.73  Objective 2=-485.87

Gen   62/500 [██████░░░░░░░░░░░░░░░░░░░░░░░░░░░░░░░░░░░░░░░░░░░░]  12.4%
     Best:     Objective 1=   4.93  Objective 2= -53.47
     Mean:     Objective 1= -41.83  Objective 2=-456.34

Gen   63/500 [██████░░░░░░░░░░░░░░░░░░░░░░░░░░░░░░░░░░░░░░░░░░░░]  12.6%
     Best:     Objective 1=  14.91  Objective 2= -53.97
     Mean:     Objective 1= -40.78  Objective 2=-428.16

Gen   64/500 [██████░░░░░░░░░░░░░░░░░░░░░░░░░░░░░░░░░░░░░░░░░░░░]  12.8%
     Best:     Objective 1=   1.01  Objective 2= -55.14
     Mean:     Objective 1= -38.10  Objective 2=-464.72

Gen   65/500 [██████░░░░░░░░░░░░░░░░░░░░░░░░░░░░░░░░░░░░░░░░░░░░]  13.0%
     Best:     Objective 1=  12.88  Objective 2= -53.43
     Mean:     Objective 1= -38.97  Objective 2=-387.41

Generation 65:	[  3.0251738  -59.13096292]
Mean fitness:	-258.22 +- 476.14
Mean fitness per obj: ['-36.92 +-31.04', '-479.53 +-595.40']
Gen   66/500 [██████░░░░░░░░░░░░░░░░░░░░░░░░░░░░░░░░░░░░░░░░░░░░]  13.2%
     Best:     Objective 1=   2.85  Objective 2= -56.22
     Mean:     Objective 1= -36.92  Objective 2=-479.53

Gen   67/500 [██████░░░░░░░░░░░░░░░░░░░░░░░░░░░░░░░░░░░░░░░░░░░░]  13.4%
     Best:     Objective 1=   7.75  Objective 2= -51.46
     Mean:     Objective 1= -42.76  Objective 2=-466.67

Gen   68/500 [██████░░░░░░░░░░░░░░░░░░░░░░░░░░░░░░░░░░░░░░░░░░░░]  13.6%
     Best:     Objective 1=   0.07  Objective 2= -48.25
     Mean:     Objective 1= -35.52  Objective 2=-411.79

Gen   69/500 [██████░░░░░░░░░░░░░░░░░░░░░░░░░░░░░░░░░░░░░░░░░░░░]  13.8%
     Best:     Objective 1=   7.81  Objective 2= -56.11
     Mean:     Objective 1= -39.44  Objective 2=-404.70

Gen   70/500 [███████░░░░░░░░░░░░░░░░░░░░░░░░░░░░░░░░░░░░░░░░░░░]  14.0%
     Best:     Objective 1=  13.42  Objective 2= -52.86
     Mean:     Objective 1= -37.69  Objective 2=-417.49

Generation 70:	[  3.0251738  -59.13096292]
Mean fitness:	-249.66 +- 461.36
Mean fitness per obj: ['-38.21 +-46.62', '-461.10 +-578.03']
Gen   71/500 [███████░░░░░░░░░░░░░░░░░░░░░░░░░░░░░░░░░░░░░░░░░░░]  14.2%
     Best:     Objective 1=   1.12  Objective 2= -56.29
     Mean:     Objective 1= -38.21  Objective 2=-461.10

Gen   72/500 [███████░░░░░░░░░░░░░░░░░░░░░░░░░░░░░░░░░░░░░░░░░░░]  14.4%
     Best:     Objective 1=   9.73  Objective 2= -47.85
     Mean:     Objective 1= -41.04  Objective 2=-409.11

Gen   73/500 [███████░░░░░░░░░░░░░░░░░░░░░░░░░░░░░░░░░░░░░░░░░░░]  14.6%
     Best:     Objective 1=   4.24  Objective 2= -53.23
     Mean:     Objective 1= -40.91  Objective 2=-412.55

Gen   74/500 [███████░░░░░░░░░░░░░░░░░░░░░░░░░░░░░░░░░░░░░░░░░░░]  14.8%
     Best:     Objective 1=  -1.91  Objective 2= -57.16
     Mean:     Objective 1= -43.23  Objective 2=-423.52

Gen   75/500 [███████░░░░░░░░░░░░░░░░░░░░░░░░░░░░░░░░░░░░░░░░░░░]  15.0%
     Best:     Objective 1=  16.11  Objective 2= -58.99
     Mean:     Objective 1= -40.50  Objective 2=-487.19

Generation 75:	[  3.0251738  -59.13096292]
Mean fitness:	-243.61 +- 458.38
Mean fitness per obj: ['-41.50 +-41.15', '-445.73 +-580.37']
Gen   76/500 [███████░░░░░░░░░░░░░░░░░░░░░░░░░░░░░░░░░░░░░░░░░░░]  15.2%
     Best:     Objective 1=   1.52  Objective 2= -51.20
     Mean:     Objective 1= -41.50  Objective 2=-445.73

Gen   77/500 [███████░░░░░░░░░░░░░░░░░░░░░░░░░░░░░░░░░░░░░░░░░░░]  15.4%
     Best:     Objective 1=  -0.49  Objective 2= -56.36
     Mean:     Objective 1= -37.90  Objective 2=-518.38

Gen   78/500 [███████░░░░░░░░░░░░░░░░░░░░░░░░░░░░░░░░░░░░░░░░░░░]  15.6%
     Best:     Objective 1=   9.71  Objective 2= -53.94
     Mean:     Objective 1= -38.23  Objective 2=-432.02

Gen   79/500 [███████░░░░░░░░░░░░░░░░░░░░░░░░░░░░░░░░░░░░░░░░░░░]  15.8%
     Best:     Objective 1=  16.51  Objective 2= -49.88
     Mean:     Objective 1= -42.06  Objective 2=-446.97

Gen   80/500 [████████░░░░░░░░░░░░░░░░░░░░░░░░░░░░░░░░░░░░░░░░░░]  16.0%
     Best:     Objective 1=  -2.57  Objective 2= -55.92
     Mean:     Objective 1= -38.97  Objective 2=-451.24

Generation 80:	[  3.0251738  -59.13096292]
Mean fitness:	-222.03 +- 402.93
Mean fitness per obj: ['-38.57 +-49.20', '-405.50 +-504.94']
Gen   81/500 [████████░░░░░░░░░░░░░░░░░░░░░░░░░░░░░░░░░░░░░░░░░░]  16.2%
     Best:     Objective 1=  11.70  Objective 2= -44.36
     Mean:     Objective 1= -38.57  Objective 2=-405.50

Gen   82/500 [████████░░░░░░░░░░░░░░░░░░░░░░░░░░░░░░░░░░░░░░░░░░]  16.4%
     Best:     Objective 1=   6.98  Objective 2= -49.20
     Mean:     Objective 1= -41.57  Objective 2=-444.37

Gen   83/500 [████████░░░░░░░░░░░░░░░░░░░░░░░░░░░░░░░░░░░░░░░░░░]  16.6%
     Best:     Objective 1=  26.10  Objective 2= -52.05
     Mean:     Objective 1= -37.21  Objective 2=-495.42

Gen   84/500 [████████░░░░░░░░░░░░░░░░░░░░░░░░░░░░░░░░░░░░░░░░░░]  16.8%
     Best:     Objective 1=  -0.99  Objective 2= -51.90
     Mean:     Objective 1= -43.60  Objective 2=-502.17

Gen   85/500 [████████░░░░░░░░░░░░░░░░░░░░░░░░░░░░░░░░░░░░░░░░░░]  17.0%
     Best:     Objective 1=   5.33  Objective 2= -48.18
     Mean:     Objective 1= -39.59  Objective 2=-453.33

Generation 85:	[  3.0251738  -59.13096292]
Mean fitness:	-258.23 +- 478.63
Mean fitness per obj: ['-40.14 +-45.62', '-476.32 +-600.80']
Gen   86/500 [████████░░░░░░░░░░░░░░░░░░░░░░░░░░░░░░░░░░░░░░░░░░]  17.2%
     Best:     Objective 1=   8.31  Objective 2= -56.37
     Mean:     Objective 1= -40.14  Objective 2=-476.32

Gen   87/500 [████████░░░░░░░░░░░░░░░░░░░░░░░░░░░░░░░░░░░░░░░░░░]  17.4%
     Best:     Objective 1=  -0.12  Objective 2= -42.74
     Mean:     Objective 1= -42.32  Objective 2=-453.03

Gen   88/500 [████████░░░░░░░░░░░░░░░░░░░░░░░░░░░░░░░░░░░░░░░░░░]  17.6%
     Best:     Objective 1=   7.57  Objective 2= -49.94
     Mean:     Objective 1= -36.95  Objective 2=-433.19

Gen   89/500 [████████░░░░░░░░░░░░░░░░░░░░░░░░░░░░░░░░░░░░░░░░░░]  17.8%
     Best:     Objective 1=  11.75  Objective 2= -46.84
     Mean:     Objective 1= -39.01  Objective 2=-468.52

Gen   90/500 [█████████░░░░░░░░░░░░░░░░░░░░░░░░░░░░░░░░░░░░░░░░░]  18.0%
     Best:     Objective 1=   1.54  Objective 2= -45.12
     Mean:     Objective 1= -39.55  Objective 2=-502.24

Generation 90:	[  3.0251738  -59.13096292]
Mean fitness:	-233.00 +- 396.31
Mean fitness per obj: ['-44.47 +-39.69', '-421.52 +-491.39']
Gen   91/500 [█████████░░░░░░░░░░░░░░░░░░░░░░░░░░░░░░░░░░░░░░░░░]  18.2%
     Best:     Objective 1=   1.57  Objective 2= -48.05
     Mean:     Objective 1= -44.47  Objective 2=-421.52

Gen   92/500 [█████████░░░░░░░░░░░░░░░░░░░░░░░░░░░░░░░░░░░░░░░░░]  18.4%
     Best:     Objective 1=  -1.35  Objective 2= -55.34
     Mean:     Objective 1= -39.20  Objective 2=-473.17

Gen   93/500 [█████████░░░░░░░░░░░░░░░░░░░░░░░░░░░░░░░░░░░░░░░░░]  18.6%
     Best:     Objective 1=   8.58  Objective 2= -55.85
     Mean:     Objective 1= -40.44  Objective 2=-415.89

Gen   94/500 [█████████░░░░░░░░░░░░░░░░░░░░░░░░░░░░░░░░░░░░░░░░░]  18.8%
     Best:     Objective 1=  -4.37  Objective 2= -54.91
     Mean:     Objective 1= -42.17  Objective 2=-392.24

Gen   95/500 [█████████░░░░░░░░░░░░░░░░░░░░░░░░░░░░░░░░░░░░░░░░░]  19.0%
     Best:     Objective 1=  16.08  Objective 2= -49.94
     Mean:     Objective 1= -41.81  Objective 2=-426.01

Generation 95:	[  3.0251738  -59.13096292]
Mean fitness:	-265.19 +- 498.38
Mean fitness per obj: ['-39.02 +-42.66', '-491.36 +-626.61']
Gen   96/500 [█████████░░░░░░░░░░░░░░░░░░░░░░░░░░░░░░░░░░░░░░░░░]  19.2%
     Best:     Objective 1=  22.16  Objective 2= -48.15
     Mean:     Objective 1= -39.02  Objective 2=-491.36

Gen   97/500 [█████████░░░░░░░░░░░░░░░░░░░░░░░░░░░░░░░░░░░░░░░░░]  19.4%
     Best:     Objective 1=  11.34  Objective 2= -56.59
     Mean:     Objective 1= -39.85  Objective 2=-450.69

Gen   98/500 [█████████░░░░░░░░░░░░░░░░░░░░░░░░░░░░░░░░░░░░░░░░░]  19.6%
     Best:     Objective 1=  13.63  Objective 2= -48.15
     Mean:     Objective 1= -39.64  Objective 2=-449.60

Gen   99/500 [█████████░░░░░░░░░░░░░░░░░░░░░░░░░░░░░░░░░░░░░░░░░]  19.8%
     Best:     Objective 1=  -0.90  Objective 2= -54.07
     Mean:     Objective 1= -42.21  Objective 2=-425.44

Gen  100/500 [██████████░░░░░░░░░░░░░░░░░░░░░░░░░░░░░░░░░░░░░░░░]  20.0%
     Best:     Objective 1=   6.58  Objective 2= -46.13
     Mean:     Objective 1= -41.77  Objective 2=-454.26

Generation 100:	[  3.52189064 -53.41909942]
Mean fitness:	-283.23 +- 573.96
Mean fitness per obj: ['-40.72 +-56.59', '-525.74 +-733.51']
Gen  101/500 [██████████░░░░░░░░░░░░░░░░░░░░░░░░░░░░░░░░░░░░░░░░]  20.2%
     Best:     Objective 1=  13.03  Objective 2= -48.36
     Mean:     Objective 1= -40.72  Objective 2=-525.74

Gen  102/500 [██████████░░░░░░░░░░░░░░░░░░░░░░░░░░░░░░░░░░░░░░░░]  20.4%
     Best:     Objective 1=   2.64  Objective 2= -53.21
     Mean:     Objective 1= -43.81  Objective 2=-481.71

Gen  103/500 [██████████░░░░░░░░░░░░░░░░░░░░░░░░░░░░░░░░░░░░░░░░]  20.6%
     Best:     Objective 1=   3.70  Objective 2= -51.74
     Mean:     Objective 1= -36.90  Objective 2=-467.46

Gen  104/500 [██████████░░░░░░░░░░░░░░░░░░░░░░░░░░░░░░░░░░░░░░░░]  20.8%
     Best:     Objective 1=  -0.79  Objective 2= -45.69
     Mean:     Objective 1= -40.73  Objective 2=-417.58

Gen  105/500 [██████████░░░░░░░░░░░░░░░░░░░░░░░░░░░░░░░░░░░░░░░░]  21.0%
     Best:     Objective 1=   1.96  Objective 2= -51.17
     Mean:     Objective 1= -41.79  Objective 2=-443.52

Generation 105:	[  3.52189064 -53.41909942]
Mean fitness:	-215.14 +- 359.54
Mean fitness per obj: ['-45.19 +-63.80', '-385.09 +-443.51']
Gen  106/500 [██████████░░░░░░░░░░░░░░░░░░░░░░░░░░░░░░░░░░░░░░░░]  21.2%
     Best:     Objective 1=   6.33  Objective 2= -54.73
     Mean:     Objective 1= -45.19  Objective 2=-385.09

Gen  107/500 [██████████░░░░░░░░░░░░░░░░░░░░░░░░░░░░░░░░░░░░░░░░]  21.4%
     Best:     Objective 1=  11.75  Objective 2= -50.50
     Mean:     Objective 1= -44.65  Objective 2=-459.92

Gen  108/500 [██████████░░░░░░░░░░░░░░░░░░░░░░░░░░░░░░░░░░░░░░░░]  21.6%
     Best:     Objective 1=  27.64  Objective 2= -51.26
     Mean:     Objective 1= -43.10  Objective 2=-404.31

Gen  109/500 [██████████░░░░░░░░░░░░░░░░░░░░░░░░░░░░░░░░░░░░░░░░]  21.8%
     Best:     Objective 1=  -4.84  Objective 2= -44.26
     Mean:     Objective 1= -39.42  Objective 2=-454.64

Gen  110/500 [███████████░░░░░░░░░░░░░░░░░░░░░░░░░░░░░░░░░░░░░░░]  22.0%
     Best:     Objective 1=  -0.10  Objective 2= -53.60
     Mean:     Objective 1= -40.21  Objective 2=-479.93

Generation 110:	[  3.59259804 -51.44084059]
Mean fitness:	-272.45 +- 506.90
Mean fitness per obj: ['-43.11 +-61.96', '-501.78 +-636.30']
Gen  111/500 [███████████░░░░░░░░░░░░░░░░░░░░░░░░░░░░░░░░░░░░░░░]  22.2%
     Best:     Objective 1=  20.00  Objective 2= -37.05
     Mean:     Objective 1= -43.11  Objective 2=-501.78

Gen  112/500 [███████████░░░░░░░░░░░░░░░░░░░░░░░░░░░░░░░░░░░░░░░]  22.4%
     Best:     Objective 1=  -2.03  Objective 2= -51.70
     Mean:     Objective 1= -39.63  Objective 2=-467.09

Gen  113/500 [███████████░░░░░░░░░░░░░░░░░░░░░░░░░░░░░░░░░░░░░░░]  22.6%
     Best:     Objective 1=  16.51  Objective 2= -43.77
     Mean:     Objective 1= -37.32  Objective 2=-412.42

Gen  114/500 [███████████░░░░░░░░░░░░░░░░░░░░░░░░░░░░░░░░░░░░░░░]  22.8%
     Best:     Objective 1=  20.02  Objective 2= -53.96
     Mean:     Objective 1= -44.68  Objective 2=-439.58

Gen  115/500 [███████████░░░░░░░░░░░░░░░░░░░░░░░░░░░░░░░░░░░░░░░]  23.0%
     Best:     Objective 1=  12.39  Objective 2= -49.60
     Mean:     Objective 1= -40.77  Objective 2=-429.78

Generation 115:	[  3.59259804 -51.44084059]
Mean fitness:	-259.15 +- 471.60
Mean fitness per obj: ['-42.76 +-58.40', '-475.54 +-589.71']
Gen  116/500 [███████████░░░░░░░░░░░░░░░░░░░░░░░░░░░░░░░░░░░░░░░]  23.2%
     Best:     Objective 1=   1.91  Objective 2= -52.86
     Mean:     Objective 1= -42.76  Objective 2=-475.54

Gen  117/500 [███████████░░░░░░░░░░░░░░░░░░░░░░░░░░░░░░░░░░░░░░░]  23.4%
     Best:     Objective 1=   9.77  Objective 2= -45.68
     Mean:     Objective 1= -39.55  Objective 2=-399.75

Gen  118/500 [███████████░░░░░░░░░░░░░░░░░░░░░░░░░░░░░░░░░░░░░░░]  23.6%
     Best:     Objective 1=   2.80  Objective 2= -37.56
     Mean:     Objective 1= -43.38  Objective 2=-488.61

Gen  119/500 [███████████░░░░░░░░░░░░░░░░░░░░░░░░░░░░░░░░░░░░░░░]  23.8%
     Best:     Objective 1=   0.42  Objective 2= -44.48
     Mean:     Objective 1= -40.73  Objective 2=-418.87

Gen  120/500 [████████████░░░░░░░░░░░░░░░░░░░░░░░░░░░░░░░░░░░░░░]  24.0%
     Best:     Objective 1=  -5.42  Objective 2= -40.89
     Mean:     Objective 1= -40.26  Objective 2=-496.84

Generation 120:	[  3.59259804 -51.44084059]
Mean fitness:	-251.87 +- 458.88
Mean fitness per obj: ['-42.39 +-49.27', '-461.35 +-575.28']
Gen  121/500 [████████████░░░░░░░░░░░░░░░░░░░░░░░░░░░░░░░░░░░░░░]  24.2%
     Best:     Objective 1=   8.53  Objective 2= -45.94
     Mean:     Objective 1= -42.39  Objective 2=-461.35

Gen  122/500 [████████████░░░░░░░░░░░░░░░░░░░░░░░░░░░░░░░░░░░░░░]  24.4%
     Best:     Objective 1=   0.78  Objective 2= -49.32
     Mean:     Objective 1= -39.58  Objective 2=-433.79

Gen  123/500 [████████████░░░░░░░░░░░░░░░░░░░░░░░░░░░░░░░░░░░░░░]  24.6%
     Best:     Objective 1=  11.01  Objective 2= -42.34
     Mean:     Objective 1= -39.92  Objective 2=-408.37

Gen  124/500 [████████████░░░░░░░░░░░░░░░░░░░░░░░░░░░░░░░░░░░░░░]  24.8%
     Best:     Objective 1=  12.41  Objective 2= -49.43
     Mean:     Objective 1= -42.80  Objective 2=-441.73

Gen  125/500 [████████████░░░░░░░░░░░░░░░░░░░░░░░░░░░░░░░░░░░░░░]  25.0%
     Best:     Objective 1=  19.18  Objective 2= -47.46
     Mean:     Objective 1= -44.46  Objective 2=-415.34

Generation 125:	[  3.59259804 -51.44084059]
Mean fitness:	-246.52 +- 466.57
Mean fitness per obj: ['-35.07 +-38.29', '-457.97 +-586.92']
Gen  126/500 [████████████░░░░░░░░░░░░░░░░░░░░░░░░░░░░░░░░░░░░░░]  25.2%
     Best:     Objective 1=  21.62  Objective 2= -51.22
     Mean:     Objective 1= -35.07  Objective 2=-457.97

Gen  127/500 [████████████░░░░░░░░░░░░░░░░░░░░░░░░░░░░░░░░░░░░░░]  25.4%
     Best:     Objective 1=   2.11  Objective 2= -48.06
     Mean:     Objective 1= -35.87  Objective 2=-414.77

Gen  128/500 [████████████░░░░░░░░░░░░░░░░░░░░░░░░░░░░░░░░░░░░░░]  25.6%
     Best:     Objective 1=  21.08  Objective 2= -46.41
     Mean:     Objective 1= -36.36  Objective 2=-446.75

Gen  129/500 [████████████░░░░░░░░░░░░░░░░░░░░░░░░░░░░░░░░░░░░░░]  25.8%
     Best:     Objective 1=   6.12  Objective 2= -49.84
     Mean:     Objective 1= -45.79  Objective 2=-398.85

Gen  130/500 [█████████████░░░░░░░░░░░░░░░░░░░░░░░░░░░░░░░░░░░░░]  26.0%
     Best:     Objective 1=   1.14  Objective 2= -46.89
     Mean:     Objective 1= -39.43  Objective 2=-443.41

Generation 130:	[  3.59259804 -51.44084059]
Mean fitness:	-257.63 +- 460.67
Mean fitness per obj: ['-44.17 +-63.70', '-471.10 +-573.79']
Gen  131/500 [█████████████░░░░░░░░░░░░░░░░░░░░░░░░░░░░░░░░░░░░░]  26.2%
     Best:     Objective 1=  -1.72  Objective 2= -52.78
     Mean:     Objective 1= -44.17  Objective 2=-471.10

Gen  132/500 [█████████████░░░░░░░░░░░░░░░░░░░░░░░░░░░░░░░░░░░░░]  26.4%
     Best:     Objective 1=  16.45  Objective 2= -51.03
     Mean:     Objective 1= -38.53  Objective 2=-385.45

Gen  133/500 [█████████████░░░░░░░░░░░░░░░░░░░░░░░░░░░░░░░░░░░░░]  26.6%
     Best:     Objective 1=   6.13  Objective 2= -46.36
     Mean:     Objective 1= -50.20  Objective 2=-395.34

Gen  134/500 [█████████████░░░░░░░░░░░░░░░░░░░░░░░░░░░░░░░░░░░░░]  26.8%
     Best:     Objective 1=   9.28  Objective 2= -50.18
     Mean:     Objective 1= -37.83  Objective 2=-431.59

Gen  135/500 [█████████████░░░░░░░░░░░░░░░░░░░░░░░░░░░░░░░░░░░░░]  27.0%
     Best:     Objective 1=  20.56  Objective 2= -50.66
     Mean:     Objective 1= -41.72  Objective 2=-451.48

Generation 135:	[  3.59259804 -51.44084059]
Mean fitness:	-227.55 +- 406.55
Mean fitness per obj: ['-41.01 +-42.37', '-414.09 +-509.10']
Gen  136/500 [█████████████░░░░░░░░░░░░░░░░░░░░░░░░░░░░░░░░░░░░░]  27.2%
     Best:     Objective 1=  23.33  Objective 2= -47.47
     Mean:     Objective 1= -41.01  Objective 2=-414.09

Gen  137/500 [█████████████░░░░░░░░░░░░░░░░░░░░░░░░░░░░░░░░░░░░░]  27.4%
     Best:     Objective 1=   5.67  Objective 2= -51.80
     Mean:     Objective 1= -40.63  Objective 2=-456.06

Gen  138/500 [█████████████░░░░░░░░░░░░░░░░░░░░░░░░░░░░░░░░░░░░░]  27.6%
     Best:     Objective 1=  18.94  Objective 2= -42.05
     Mean:     Objective 1= -40.39  Objective 2=-458.63

Gen  139/500 [█████████████░░░░░░░░░░░░░░░░░░░░░░░░░░░░░░░░░░░░░]  27.8%
     Best:     Objective 1=   8.40  Objective 2= -46.47
     Mean:     Objective 1= -36.17  Objective 2=-426.28

Gen  140/500 [██████████████░░░░░░░░░░░░░░░░░░░░░░░░░░░░░░░░░░░░]  28.0%
     Best:     Objective 1=   8.60  Objective 2= -48.30
     Mean:     Objective 1= -43.47  Objective 2=-430.37

Generation 140:	[  3.59259804 -51.44084059]
Mean fitness:	-260.50 +- 501.05
Mean fitness per obj: ['-40.57 +-44.89', '-480.42 +-635.10']
Gen  141/500 [██████████████░░░░░░░░░░░░░░░░░░░░░░░░░░░░░░░░░░░░]  28.2%
     Best:     Objective 1=  10.22  Objective 2= -46.98
     Mean:     Objective 1= -40.57  Objective 2=-480.42

Gen  142/500 [██████████████░░░░░░░░░░░░░░░░░░░░░░░░░░░░░░░░░░░░]  28.4%
     Best:     Objective 1=  -4.65  Objective 2= -52.55
     Mean:     Objective 1= -42.00  Objective 2=-413.09

Gen  143/500 [██████████████░░░░░░░░░░░░░░░░░░░░░░░░░░░░░░░░░░░░]  28.6%
     Best:     Objective 1=  14.00  Objective 2= -56.39
     Mean:     Objective 1= -39.32  Objective 2=-460.84

Gen  144/500 [██████████████░░░░░░░░░░░░░░░░░░░░░░░░░░░░░░░░░░░░]  28.8%
     Best:     Objective 1=   1.72  Objective 2= -46.78
     Mean:     Objective 1= -44.86  Objective 2=-422.46

Gen  145/500 [██████████████░░░░░░░░░░░░░░░░░░░░░░░░░░░░░░░░░░░░]  29.0%
     Best:     Objective 1=   9.10  Objective 2= -50.32
     Mean:     Objective 1= -42.56  Objective 2=-465.75

Generation 145:	[  3.59259804 -51.44084059]
Mean fitness:	-212.24 +- 372.34
Mean fitness per obj: ['-41.63 +-47.18', '-382.85 +-465.65']
Gen  146/500 [██████████████░░░░░░░░░░░░░░░░░░░░░░░░░░░░░░░░░░░░]  29.2%
     Best:     Objective 1=  14.73  Objective 2= -49.54
     Mean:     Objective 1= -41.63  Objective 2=-382.85

Gen  147/500 [██████████████░░░░░░░░░░░░░░░░░░░░░░░░░░░░░░░░░░░░]  29.4%
     Best:     Objective 1=  13.82  Objective 2= -50.79
     Mean:     Objective 1= -41.12  Objective 2=-402.57

Gen  148/500 [██████████████░░░░░░░░░░░░░░░░░░░░░░░░░░░░░░░░░░░░]  29.6%
     Best:     Objective 1=  11.99  Objective 2= -47.80
     Mean:     Objective 1= -39.00  Objective 2=-452.52

Gen  149/500 [██████████████░░░░░░░░░░░░░░░░░░░░░░░░░░░░░░░░░░░░]  29.8%
     Best:     Objective 1=  15.00  Objective 2= -44.22
     Mean:     Objective 1= -48.78  Objective 2=-500.97

Gen  150/500 [███████████████░░░░░░░░░░░░░░░░░░░░░░░░░░░░░░░░░░░]  30.0%
     Best:     Objective 1=  11.09  Objective 2= -48.85
     Mean:     Objective 1= -36.00  Objective 2=-476.09

Generation 150:	[  3.59259804 -51.44084059]
Mean fitness:	-249.46 +- 468.70
Mean fitness per obj: ['-36.16 +-33.29', '-462.75 +-589.28']
Gen  151/500 [███████████████░░░░░░░░░░░░░░░░░░░░░░░░░░░░░░░░░░░]  30.2%
     Best:     Objective 1=   8.52  Objective 2= -51.99
     Mean:     Objective 1= -36.16  Objective 2=-462.75

Gen  152/500 [███████████████░░░░░░░░░░░░░░░░░░░░░░░░░░░░░░░░░░░]  30.4%
     Best:     Objective 1=   6.27  Objective 2= -51.68
     Mean:     Objective 1= -39.62  Objective 2=-478.85

Gen  153/500 [███████████████░░░░░░░░░░░░░░░░░░░░░░░░░░░░░░░░░░░]  30.6%
     Best:     Objective 1=   4.90  Objective 2= -40.31
     Mean:     Objective 1= -40.10  Objective 2=-457.33

Gen  154/500 [███████████████░░░░░░░░░░░░░░░░░░░░░░░░░░░░░░░░░░░]  30.8%
     Best:     Objective 1=   3.55  Objective 2= -51.37
     Mean:     Objective 1= -39.27  Objective 2=-430.24

Gen  155/500 [███████████████░░░░░░░░░░░░░░░░░░░░░░░░░░░░░░░░░░░]  31.0%
     Best:     Objective 1=   4.89  Objective 2= -46.98
     Mean:     Objective 1= -36.10  Objective 2=-409.54

Generation 155:	[  3.59259804 -51.44084059]
Mean fitness:	-257.26 +- 490.40
Mean fitness per obj: ['-41.97 +-53.16', '-472.54 +-620.85']
Gen  156/500 [███████████████░░░░░░░░░░░░░░░░░░░░░░░░░░░░░░░░░░░]  31.2%
     Best:     Objective 1=   1.58  Objective 2= -43.52
     Mean:     Objective 1= -41.97  Objective 2=-472.54

Gen  157/500 [███████████████░░░░░░░░░░░░░░░░░░░░░░░░░░░░░░░░░░░]  31.4%
     Best:     Objective 1=   3.72  Objective 2= -49.87
     Mean:     Objective 1= -39.87  Objective 2=-413.80

Gen  158/500 [███████████████░░░░░░░░░░░░░░░░░░░░░░░░░░░░░░░░░░░]  31.6%
     Best:     Objective 1=  -1.09  Objective 2= -52.80
     Mean:     Objective 1= -36.84  Objective 2=-516.03

Gen  159/500 [███████████████░░░░░░░░░░░░░░░░░░░░░░░░░░░░░░░░░░░]  31.8%
     Best:     Objective 1=   3.54  Objective 2= -45.48
     Mean:     Objective 1= -39.48  Objective 2=-429.27

Gen  160/500 [████████████████░░░░░░░░░░░░░░░░░░░░░░░░░░░░░░░░░░]  32.0%
     Best:     Objective 1=   6.92  Objective 2= -48.44
     Mean:     Objective 1= -38.01  Objective 2=-474.72

Generation 160:	[  3.59259804 -51.44084059]
Mean fitness:	-240.86 +- 440.00
Mean fitness per obj: ['-39.38 +-42.04', '-442.34 +-551.59']
Gen  161/500 [████████████████░░░░░░░░░░░░░░░░░░░░░░░░░░░░░░░░░░]  32.2%
     Best:     Objective 1=  13.84  Objective 2= -48.94
     Mean:     Objective 1= -39.38  Objective 2=-442.34

Gen  162/500 [████████████████░░░░░░░░░░░░░░░░░░░░░░░░░░░░░░░░░░]  32.4%
     Best:     Objective 1=   9.02  Objective 2= -45.86
     Mean:     Objective 1= -40.76  Objective 2=-422.43

Gen  163/500 [████████████████░░░░░░░░░░░░░░░░░░░░░░░░░░░░░░░░░░]  32.6%
     Best:     Objective 1=   3.70  Objective 2= -48.05
     Mean:     Objective 1= -35.52  Objective 2=-471.82

Gen  164/500 [████████████████░░░░░░░░░░░░░░░░░░░░░░░░░░░░░░░░░░]  32.8%
     Best:     Objective 1=  -1.91  Objective 2= -39.12
     Mean:     Objective 1= -40.03  Objective 2=-476.24

Gen  165/500 [████████████████░░░░░░░░░░░░░░░░░░░░░░░░░░░░░░░░░░]  33.0%
     Best:     Objective 1=   6.39  Objective 2= -51.21
     Mean:     Objective 1= -49.32  Objective 2=-494.84

Generation 165:	[  3.59259804 -51.44084059]
Mean fitness:	-264.35 +- 515.76
Mean fitness per obj: ['-37.42 +-42.01', '-491.28 +-653.65']
Gen  166/500 [████████████████░░░░░░░░░░░░░░░░░░░░░░░░░░░░░░░░░░]  33.2%
     Best:     Objective 1=  12.74  Objective 2= -44.72
     Mean:     Objective 1= -37.42  Objective 2=-491.28

Gen  167/500 [████████████████░░░░░░░░░░░░░░░░░░░░░░░░░░░░░░░░░░]  33.4%
     Best:     Objective 1=  43.06  Objective 2= -51.57
     Mean:     Objective 1= -38.64  Objective 2=-439.58

Gen  168/500 [████████████████░░░░░░░░░░░░░░░░░░░░░░░░░░░░░░░░░░]  33.6%
     Best:     Objective 1=   5.12  Objective 2= -45.88
     Mean:     Objective 1= -43.19  Objective 2=-437.97

Gen  169/500 [████████████████░░░░░░░░░░░░░░░░░░░░░░░░░░░░░░░░░░]  33.8%
     Best:     Objective 1=  23.29  Objective 2= -47.50
     Mean:     Objective 1= -39.45  Objective 2=-559.03

Gen  170/500 [█████████████████░░░░░░░░░░░░░░░░░░░░░░░░░░░░░░░░░]  34.0%
     Best:     Objective 1=   2.28  Objective 2= -44.83
     Mean:     Objective 1= -40.44  Objective 2=-415.81

Generation 170:	[  3.59259804 -51.44084059]
Mean fitness:	-242.87 +- 464.39
Mean fitness per obj: ['-40.14 +-37.38', '-445.60 +-589.68']
Gen  171/500 [█████████████████░░░░░░░░░░░░░░░░░░░░░░░░░░░░░░░░░]  34.2%
     Best:     Objective 1=  11.74  Objective 2= -49.02
     Mean:     Objective 1= -40.14  Objective 2=-445.60

Gen  172/500 [█████████████████░░░░░░░░░░░░░░░░░░░░░░░░░░░░░░░░░]  34.4%
     Best:     Objective 1=  16.19  Objective 2= -46.99
     Mean:     Objective 1= -34.91  Objective 2=-454.18

Gen  173/500 [█████████████████░░░░░░░░░░░░░░░░░░░░░░░░░░░░░░░░░]  34.6%
     Best:     Objective 1=   0.46  Objective 2= -43.29
     Mean:     Objective 1= -39.43  Objective 2=-376.01

Gen  174/500 [█████████████████░░░░░░░░░░░░░░░░░░░░░░░░░░░░░░░░░]  34.8%
     Best:     Objective 1=  12.62  Objective 2= -47.34
     Mean:     Objective 1= -42.32  Objective 2=-457.16

Gen  175/500 [█████████████████░░░░░░░░░░░░░░░░░░░░░░░░░░░░░░░░░]  35.0%
     Best:     Objective 1=   8.30  Objective 2= -42.44
     Mean:     Objective 1= -37.91  Objective 2=-449.93

Generation 175:	[  3.59259804 -51.44084059]
Mean fitness:	-250.79 +- 460.04
Mean fitness per obj: ['-37.89 +-47.70', '-463.69 +-574.75']
Gen  176/500 [█████████████████░░░░░░░░░░░░░░░░░░░░░░░░░░░░░░░░░]  35.2%
     Best:     Objective 1=   4.23  Objective 2= -48.12
     Mean:     Objective 1= -37.89  Objective 2=-463.69

Gen  177/500 [█████████████████░░░░░░░░░░░░░░░░░░░░░░░░░░░░░░░░░]  35.4%
     Best:     Objective 1=   8.57  Objective 2= -51.10
     Mean:     Objective 1= -41.95  Objective 2=-433.62

Gen  178/500 [█████████████████░░░░░░░░░░░░░░░░░░░░░░░░░░░░░░░░░]  35.6%
     Best:     Objective 1=   1.40  Objective 2= -44.50
     Mean:     Objective 1= -40.56  Objective 2=-408.60

Gen  179/500 [█████████████████░░░░░░░░░░░░░░░░░░░░░░░░░░░░░░░░░]  35.8%
     Best:     Objective 1=  45.98  Objective 2= -45.75
     Mean:     Objective 1= -41.02  Objective 2=-501.63

Gen  180/500 [██████████████████░░░░░░░░░░░░░░░░░░░░░░░░░░░░░░░░]  36.0%
     Best:     Objective 1=   3.03  Objective 2= -44.17
     Mean:     Objective 1= -43.65  Objective 2=-440.19

Generation 180:	[  3.59259804 -51.44084059]
Mean fitness:	-268.27 +- 498.17
Mean fitness per obj: ['-40.42 +-45.48', '-496.12 +-624.85']
Gen  181/500 [██████████████████░░░░░░░░░░░░░░░░░░░░░░░░░░░░░░░░]  36.2%
     Best:     Objective 1=  -1.12  Objective 2= -44.49
     Mean:     Objective 1= -40.42  Objective 2=-496.12

Gen  182/500 [██████████████████░░░░░░░░░░░░░░░░░░░░░░░░░░░░░░░░]  36.4%
     Best:     Objective 1=  -0.35  Objective 2= -49.85
     Mean:     Objective 1= -42.84  Objective 2=-431.27

Gen  183/500 [██████████████████░░░░░░░░░░░░░░░░░░░░░░░░░░░░░░░░]  36.6%
     Best:     Objective 1=  29.04  Objective 2= -50.22
     Mean:     Objective 1= -36.56  Objective 2=-417.11

Gen  184/500 [██████████████████░░░░░░░░░░░░░░░░░░░░░░░░░░░░░░░░]  36.8%
     Best:     Objective 1=  11.25  Objective 2= -49.04
     Mean:     Objective 1= -38.51  Objective 2=-443.43

Gen  185/500 [██████████████████░░░░░░░░░░░░░░░░░░░░░░░░░░░░░░░░]  37.0%
     Best:     Objective 1=   0.87  Objective 2= -52.37
     Mean:     Objective 1= -39.17  Objective 2=-432.64

Generation 185:	[  3.59259804 -51.44084059]
Mean fitness:	-233.63 +- 415.97
Mean fitness per obj: ['-45.46 +-57.90', '-421.81 +-521.42']
Gen  186/500 [██████████████████░░░░░░░░░░░░░░░░░░░░░░░░░░░░░░░░]  37.2%
     Best:     Objective 1=  11.25  Objective 2= -49.05
     Mean:     Objective 1= -45.46  Objective 2=-421.81

Gen  187/500 [██████████████████░░░░░░░░░░░░░░░░░░░░░░░░░░░░░░░░]  37.4%
     Best:     Objective 1=  -3.11  Objective 2= -53.67
     Mean:     Objective 1= -38.46  Objective 2=-427.62

Gen  188/500 [██████████████████░░░░░░░░░░░░░░░░░░░░░░░░░░░░░░░░]  37.6%
     Best:     Objective 1=  10.19  Objective 2= -44.88
     Mean:     Objective 1= -41.56  Objective 2=-412.28

Gen  189/500 [██████████████████░░░░░░░░░░░░░░░░░░░░░░░░░░░░░░░░]  37.8%
     Best:     Objective 1=   0.19  Objective 2= -40.52
     Mean:     Objective 1= -39.30  Objective 2=-399.68

Gen  190/500 [███████████████████░░░░░░░░░░░░░░░░░░░░░░░░░░░░░░░]  38.0%
     Best:     Objective 1=   2.42  Objective 2= -42.50
     Mean:     Objective 1= -40.67  Objective 2=-432.66

Generation 190:	[  3.59259804 -51.44084059]
Mean fitness:	-234.76 +- 437.99
Mean fitness per obj: ['-36.85 +-41.31', '-432.67 +-551.02']
Gen  191/500 [███████████████████░░░░░░░░░░░░░░░░░░░░░░░░░░░░░░░]  38.2%
     Best:     Objective 1=  20.39  Objective 2= -46.22
     Mean:     Objective 1= -36.85  Objective 2=-432.67

Gen  192/500 [███████████████████░░░░░░░░░░░░░░░░░░░░░░░░░░░░░░░]  38.4%
     Best:     Objective 1=  18.74  Objective 2= -48.60
     Mean:     Objective 1= -36.61  Objective 2=-461.21

Gen  193/500 [███████████████████░░░░░░░░░░░░░░░░░░░░░░░░░░░░░░░]  38.6%
     Best:     Objective 1=   9.43  Objective 2= -47.26
     Mean:     Objective 1= -36.51  Objective 2=-378.20

Gen  194/500 [███████████████████░░░░░░░░░░░░░░░░░░░░░░░░░░░░░░░]  38.8%
     Best:     Objective 1=   1.25  Objective 2= -49.13
     Mean:     Objective 1= -40.39  Objective 2=-458.39

Gen  195/500 [███████████████████░░░░░░░░░░░░░░░░░░░░░░░░░░░░░░░]  39.0%
     Best:     Objective 1=  20.88  Objective 2= -48.30
     Mean:     Objective 1= -45.71  Objective 2=-479.06

Generation 195:	[  3.59259804 -51.44084059]
Mean fitness:	-251.16 +- 478.17
Mean fitness per obj: ['-39.64 +-51.01', '-462.68 +-604.33']
Gen  196/500 [███████████████████░░░░░░░░░░░░░░░░░░░░░░░░░░░░░░░]  39.2%
     Best:     Objective 1=   1.31  Objective 2= -38.43
     Mean:     Objective 1= -39.64  Objective 2=-462.68

Gen  197/500 [███████████████████░░░░░░░░░░░░░░░░░░░░░░░░░░░░░░░]  39.4%
     Best:     Objective 1=   2.24  Objective 2= -47.42
     Mean:     Objective 1= -39.81  Objective 2=-474.07

Gen  198/500 [███████████████████░░░░░░░░░░░░░░░░░░░░░░░░░░░░░░░]  39.6%
     Best:     Objective 1=   2.74  Objective 2= -45.75
     Mean:     Objective 1= -36.22  Objective 2=-363.75

Gen  199/500 [███████████████████░░░░░░░░░░░░░░░░░░░░░░░░░░░░░░░]  39.8%
     Best:     Objective 1=   1.66  Objective 2= -46.45
     Mean:     Objective 1= -39.05  Objective 2=-419.44

Gen  200/500 [████████████████████░░░░░░░░░░░░░░░░░░░░░░░░░░░░░░]  40.0%
     Best:     Objective 1=  29.95  Objective 2= -42.97
     Mean:     Objective 1= -41.75  Objective 2=-449.75

Generation 200:	[  3.59259804 -51.44084059]
Mean fitness:	-235.97 +- 421.19
Mean fitness per obj: ['-38.74 +-45.34', '-433.19 +-524.35']
Gen  201/500 [████████████████████░░░░░░░░░░░░░░░░░░░░░░░░░░░░░░]  40.2%
     Best:     Objective 1=   9.65  Objective 2= -51.72
     Mean:     Objective 1= -38.74  Objective 2=-433.19

Gen  202/500 [████████████████████░░░░░░░░░░░░░░░░░░░░░░░░░░░░░░]  40.4%
     Best:     Objective 1=   9.24  Objective 2= -44.31
     Mean:     Objective 1= -38.10  Objective 2=-417.98

Gen  203/500 [████████████████████░░░░░░░░░░░░░░░░░░░░░░░░░░░░░░]  40.6%
     Best:     Objective 1=  19.68  Objective 2= -49.31
     Mean:     Objective 1= -41.34  Objective 2=-474.57

Gen  204/500 [████████████████████░░░░░░░░░░░░░░░░░░░░░░░░░░░░░░]  40.8%
     Best:     Objective 1=   5.41  Objective 2= -53.23
     Mean:     Objective 1= -38.85  Objective 2=-422.43

Gen  205/500 [████████████████████░░░░░░░░░░░░░░░░░░░░░░░░░░░░░░]  41.0%
     Best:     Objective 1=  -3.70  Objective 2= -44.12
     Mean:     Objective 1= -37.26  Objective 2=-441.83

Generation 205:	[  3.59259804 -51.44084059]
Mean fitness:	-227.97 +- 443.06
Mean fitness per obj: ['-38.25 +-38.50', '-417.70 +-564.92']
Gen  206/500 [████████████████████░░░░░░░░░░░░░░░░░░░░░░░░░░░░░░]  41.2%
     Best:     Objective 1=  -3.70  Objective 2= -43.16
     Mean:     Objective 1= -38.25  Objective 2=-417.70

Gen  207/500 [████████████████████░░░░░░░░░░░░░░░░░░░░░░░░░░░░░░]  41.4%
     Best:     Objective 1=   6.37  Objective 2= -47.69
     Mean:     Objective 1= -39.42  Objective 2=-435.34

Gen  208/500 [████████████████████░░░░░░░░░░░░░░░░░░░░░░░░░░░░░░]  41.6%
     Best:     Objective 1=   2.47  Objective 2= -46.42
     Mean:     Objective 1= -40.04  Objective 2=-445.84

Gen  209/500 [████████████████████░░░░░░░░░░░░░░░░░░░░░░░░░░░░░░]  41.8%
     Best:     Objective 1=   4.27  Objective 2= -48.36
     Mean:     Objective 1= -35.56  Objective 2=-433.77

Gen  210/500 [█████████████████████░░░░░░░░░░░░░░░░░░░░░░░░░░░░░]  42.0%
     Best:     Objective 1=   7.48  Objective 2= -49.10
     Mean:     Objective 1= -39.66  Objective 2=-436.54

Generation 210:	[  3.59259804 -51.44084059]
Mean fitness:	-228.42 +- 445.43
Mean fitness per obj: ['-38.16 +-46.21', '-418.69 +-567.69']
Gen  211/500 [█████████████████████░░░░░░░░░░░░░░░░░░░░░░░░░░░░░]  42.2%
     Best:     Objective 1=   6.86  Objective 2= -44.89
     Mean:     Objective 1= -38.16  Objective 2=-418.69

Gen  212/500 [█████████████████████░░░░░░░░░░░░░░░░░░░░░░░░░░░░░]  42.4%
     Best:     Objective 1=   7.72  Objective 2= -49.18
     Mean:     Objective 1= -33.07  Objective 2=-472.42

Gen  213/500 [█████████████████████░░░░░░░░░░░░░░░░░░░░░░░░░░░░░]  42.6%
     Best:     Objective 1=   8.28  Objective 2= -50.16
     Mean:     Objective 1= -36.45  Objective 2=-413.09

Gen  214/500 [█████████████████████░░░░░░░░░░░░░░░░░░░░░░░░░░░░░]  42.8%
     Best:     Objective 1=   9.19  Objective 2= -48.04
     Mean:     Objective 1= -36.37  Objective 2=-389.29

Gen  215/500 [█████████████████████░░░░░░░░░░░░░░░░░░░░░░░░░░░░░]  43.0%
     Best:     Objective 1=  15.69  Objective 2= -47.43
     Mean:     Objective 1= -38.66  Objective 2=-454.26

Generation 215:	[  3.59259804 -51.44084059]
Mean fitness:	-264.48 +- 487.80
Mean fitness per obj: ['-38.43 +-31.40', '-490.53 +-610.50']
Gen  216/500 [█████████████████████░░░░░░░░░░░░░░░░░░░░░░░░░░░░░]  43.2%
     Best:     Objective 1=   7.06  Objective 2= -39.11
     Mean:     Objective 1= -38.43  Objective 2=-490.53

Gen  217/500 [█████████████████████░░░░░░░░░░░░░░░░░░░░░░░░░░░░░]  43.4%
     Best:     Objective 1=  15.10  Objective 2= -47.84
     Mean:     Objective 1= -36.07  Objective 2=-401.44

Gen  218/500 [█████████████████████░░░░░░░░░░░░░░░░░░░░░░░░░░░░░]  43.6%
     Best:     Objective 1=  17.84  Objective 2= -48.88
     Mean:     Objective 1= -37.65  Objective 2=-436.88

Gen  219/500 [█████████████████████░░░░░░░░░░░░░░░░░░░░░░░░░░░░░]  43.8%
     Best:     Objective 1=  20.05  Objective 2= -47.58
     Mean:     Objective 1= -35.96  Objective 2=-511.55

Gen  220/500 [██████████████████████░░░░░░░░░░░░░░░░░░░░░░░░░░░░]  44.0%
     Best:     Objective 1=  39.23  Objective 2= -42.44
     Mean:     Objective 1= -35.55  Objective 2=-404.96

Generation 220:	[  3.59259804 -51.44084059]
Mean fitness:	-237.27 +- 449.07
Mean fitness per obj: ['-38.08 +-40.54', '-436.46 +-567.75']
Gen  221/500 [██████████████████████░░░░░░░░░░░░░░░░░░░░░░░░░░░░]  44.2%
     Best:     Objective 1=   6.25  Objective 2= -48.73
     Mean:     Objective 1= -38.08  Objective 2=-436.46

Gen  222/500 [██████████████████████░░░░░░░░░░░░░░░░░░░░░░░░░░░░]  44.4%
     Best:     Objective 1=   8.56  Objective 2= -50.13
     Mean:     Objective 1= -35.00  Objective 2=-431.73

Gen  223/500 [██████████████████████░░░░░░░░░░░░░░░░░░░░░░░░░░░░]  44.6%
     Best:     Objective 1=  -2.47  Objective 2= -45.53
     Mean:     Objective 1= -38.24  Objective 2=-434.82

Gen  224/500 [██████████████████████░░░░░░░░░░░░░░░░░░░░░░░░░░░░]  44.8%
     Best:     Objective 1=  11.57  Objective 2= -42.25
     Mean:     Objective 1= -38.67  Objective 2=-459.81

Gen  225/500 [██████████████████████░░░░░░░░░░░░░░░░░░░░░░░░░░░░]  45.0%
     Best:     Objective 1=   8.11  Objective 2= -47.65
     Mean:     Objective 1= -34.50  Objective 2=-411.24

Generation 225:	[  3.59259804 -51.44084059]
Mean fitness:	-236.34 +- 451.45
Mean fitness per obj: ['-35.51 +-50.27', '-437.17 +-569.58']
Gen  226/500 [██████████████████████░░░░░░░░░░░░░░░░░░░░░░░░░░░░]  45.2%
     Best:     Objective 1=  22.92  Objective 2= -50.36
     Mean:     Objective 1= -35.51  Objective 2=-437.17

Gen  227/500 [██████████████████████░░░░░░░░░░░░░░░░░░░░░░░░░░░░]  45.4%
     Best:     Objective 1=  10.66  Objective 2= -42.33
     Mean:     Objective 1= -35.22  Objective 2=-457.05

Gen  228/500 [██████████████████████░░░░░░░░░░░░░░░░░░░░░░░░░░░░]  45.6%
     Best:     Objective 1=  18.78  Objective 2= -47.29
     Mean:     Objective 1= -39.30  Objective 2=-396.86

Gen  229/500 [██████████████████████░░░░░░░░░░░░░░░░░░░░░░░░░░░░]  45.8%
     Best:     Objective 1=   2.68  Objective 2= -39.38
     Mean:     Objective 1= -36.71  Objective 2=-384.32

Gen  230/500 [███████████████████████░░░░░░░░░░░░░░░░░░░░░░░░░░░]  46.0%
     Best:     Objective 1=  24.85  Objective 2= -46.94
     Mean:     Objective 1= -33.31  Objective 2=-404.27

Generation 230:	[  3.59259804 -51.44084059]
Mean fitness:	-241.50 +- 468.81
Mean fitness per obj: ['-37.29 +-39.31', '-445.70 +-595.49']
Gen  231/500 [███████████████████████░░░░░░░░░░░░░░░░░░░░░░░░░░░]  46.2%
     Best:     Objective 1=   9.57  Objective 2= -48.17
     Mean:     Objective 1= -37.29  Objective 2=-445.70

Gen  232/500 [███████████████████████░░░░░░░░░░░░░░░░░░░░░░░░░░░]  46.4%
     Best:     Objective 1=   1.32  Objective 2= -44.79
     Mean:     Objective 1= -45.38  Objective 2=-346.57

Gen  233/500 [███████████████████████░░░░░░░░░░░░░░░░░░░░░░░░░░░]  46.6%
     Best:     Objective 1=  18.41  Objective 2= -49.00
     Mean:     Objective 1= -37.75  Objective 2=-359.66

Gen  234/500 [███████████████████████░░░░░░░░░░░░░░░░░░░░░░░░░░░]  46.8%
     Best:     Objective 1=   2.11  Objective 2= -51.11
     Mean:     Objective 1= -38.72  Objective 2=-440.96

Gen  235/500 [███████████████████████░░░░░░░░░░░░░░░░░░░░░░░░░░░]  47.0%
     Best:     Objective 1=   8.61  Objective 2= -42.11
     Mean:     Objective 1= -36.58  Objective 2=-502.19

Generation 235:	[  3.59259804 -51.44084059]
Mean fitness:	-215.37 +- 401.71
Mean fitness per obj: ['-38.48 +-52.89', '-392.27 +-507.31']
Gen  236/500 [███████████████████████░░░░░░░░░░░░░░░░░░░░░░░░░░░]  47.2%
     Best:     Objective 1=  10.27  Objective 2= -49.38
     Mean:     Objective 1= -38.48  Objective 2=-392.27

Gen  237/500 [███████████████████████░░░░░░░░░░░░░░░░░░░░░░░░░░░]  47.4%
     Best:     Objective 1=   4.62  Objective 2= -46.50
     Mean:     Objective 1= -43.43  Objective 2=-385.85

Gen  238/500 [███████████████████████░░░░░░░░░░░░░░░░░░░░░░░░░░░]  47.6%
     Best:     Objective 1=  21.20  Objective 2= -49.08
     Mean:     Objective 1= -38.70  Objective 2=-400.35

Gen  239/500 [███████████████████████░░░░░░░░░░░░░░░░░░░░░░░░░░░]  47.8%
     Best:     Objective 1=  13.34  Objective 2= -53.36
     Mean:     Objective 1= -40.89  Objective 2=-468.93

Gen  240/500 [████████████████████████░░░░░░░░░░░░░░░░░░░░░░░░░░]  48.0%
     Best:     Objective 1=  -2.76  Objective 2= -46.02
     Mean:     Objective 1= -35.87  Objective 2=-374.50

Generation 240:	[  3.59259804 -51.44084059]
Mean fitness:	-230.35 +- 407.68
Mean fitness per obj: ['-42.01 +-63.57', '-418.69 +-507.37']
Gen  241/500 [████████████████████████░░░░░░░░░░░░░░░░░░░░░░░░░░]  48.2%
     Best:     Objective 1=  18.58  Objective 2= -46.81
     Mean:     Objective 1= -42.01  Objective 2=-418.69

Gen  242/500 [████████████████████████░░░░░░░░░░░░░░░░░░░░░░░░░░]  48.4%
     Best:     Objective 1=   7.67  Objective 2= -43.42
     Mean:     Objective 1= -38.20  Objective 2=-387.62

Gen  243/500 [████████████████████████░░░░░░░░░░░░░░░░░░░░░░░░░░]  48.6%
     Best:     Objective 1=   5.81  Objective 2= -43.66
     Mean:     Objective 1= -37.81  Objective 2=-452.82

Gen  244/500 [████████████████████████░░░░░░░░░░░░░░░░░░░░░░░░░░]  48.8%
     Best:     Objective 1=   5.73  Objective 2= -42.32
     Mean:     Objective 1= -38.78  Objective 2=-415.05

Gen  245/500 [████████████████████████░░░░░░░░░░░░░░░░░░░░░░░░░░]  49.0%
     Best:     Objective 1=  11.12  Objective 2= -38.21
     Mean:     Objective 1= -34.06  Objective 2=-383.34

Generation 245:	[  3.59259804 -51.44084059]
Mean fitness:	-252.33 +- 482.82
Mean fitness per obj: ['-38.03 +-33.19', '-466.64 +-610.96']
Gen  246/500 [████████████████████████░░░░░░░░░░░░░░░░░░░░░░░░░░]  49.2%
     Best:     Objective 1=   1.92  Objective 2= -47.21
     Mean:     Objective 1= -38.03  Objective 2=-466.64

Gen  247/500 [████████████████████████░░░░░░░░░░░░░░░░░░░░░░░░░░]  49.4%
     Best:     Objective 1=   0.19  Objective 2= -37.42
     Mean:     Objective 1= -33.78  Objective 2=-377.66

Gen  248/500 [████████████████████████░░░░░░░░░░░░░░░░░░░░░░░░░░]  49.6%
     Best:     Objective 1=   2.48  Objective 2= -48.97
     Mean:     Objective 1= -43.65  Objective 2=-431.71

Gen  249/500 [████████████████████████░░░░░░░░░░░░░░░░░░░░░░░░░░]  49.8%
     Best:     Objective 1=   3.96  Objective 2= -46.46
     Mean:     Objective 1= -35.07  Objective 2=-429.16

Gen  250/500 [█████████████████████████░░░░░░░░░░░░░░░░░░░░░░░░░]  50.0%
     Best:     Objective 1=   6.49  Objective 2= -44.08
     Mean:     Objective 1= -38.94  Objective 2=-386.21

Generation 250:	[  3.59259804 -51.44084059]
Mean fitness:	-225.35 +- 421.25
Mean fitness per obj: ['-39.23 +-64.59', '-411.48 +-530.51']
Gen  251/500 [█████████████████████████░░░░░░░░░░░░░░░░░░░░░░░░░]  50.2%
     Best:     Objective 1=   5.50  Objective 2= -45.89
     Mean:     Objective 1= -39.23  Objective 2=-411.48

Gen  252/500 [█████████████████████████░░░░░░░░░░░░░░░░░░░░░░░░░]  50.4%
     Best:     Objective 1=   2.32  Objective 2= -44.87
     Mean:     Objective 1= -35.89  Objective 2=-412.78

Gen  253/500 [█████████████████████████░░░░░░░░░░░░░░░░░░░░░░░░░]  50.6%
     Best:     Objective 1=  14.27  Objective 2= -49.71
     Mean:     Objective 1= -37.82  Objective 2=-454.80

Gen  254/500 [█████████████████████████░░░░░░░░░░░░░░░░░░░░░░░░░]  50.8%
     Best:     Objective 1=  16.73  Objective 2= -44.86
     Mean:     Objective 1= -34.05  Objective 2=-395.16

Gen  255/500 [█████████████████████████░░░░░░░░░░░░░░░░░░░░░░░░░]  51.0%
     Best:     Objective 1=   7.74  Objective 2= -45.64
     Mean:     Objective 1= -36.84  Objective 2=-426.56

Generation 255:	[  3.59259804 -51.44084059]
Mean fitness:	-229.12 +- 412.99
Mean fitness per obj: ['-33.22 +-30.85', '-425.01 +-513.25']
Gen  256/500 [█████████████████████████░░░░░░░░░░░░░░░░░░░░░░░░░]  51.2%
     Best:     Objective 1=  -0.51  Objective 2= -45.05
     Mean:     Objective 1= -33.22  Objective 2=-425.01

Gen  257/500 [█████████████████████████░░░░░░░░░░░░░░░░░░░░░░░░░]  51.4%
     Best:     Objective 1=   2.27  Objective 2= -49.73
     Mean:     Objective 1= -37.55  Objective 2=-406.75

Gen  258/500 [█████████████████████████░░░░░░░░░░░░░░░░░░░░░░░░░]  51.6%
     Best:     Objective 1=   8.30  Objective 2= -40.75
     Mean:     Objective 1= -43.33  Objective 2=-445.09

Gen  259/500 [█████████████████████████░░░░░░░░░░░░░░░░░░░░░░░░░]  51.8%
     Best:     Objective 1=   8.94  Objective 2= -46.55
     Mean:     Objective 1= -35.80  Objective 2=-379.23

Gen  260/500 [██████████████████████████░░░░░░░░░░░░░░░░░░░░░░░░]  52.0%
     Best:     Objective 1=  34.09  Objective 2= -43.89
     Mean:     Objective 1= -39.41  Objective 2=-399.25

Generation 260:	[  3.59259804 -51.44084059]
Mean fitness:	-208.60 +- 392.15
Mean fitness per obj: ['-36.41 +-41.64', '-380.79 +-496.53']
Gen  261/500 [██████████████████████████░░░░░░░░░░░░░░░░░░░░░░░░]  52.2%
     Best:     Objective 1=  13.53  Objective 2= -42.02
     Mean:     Objective 1= -36.41  Objective 2=-380.79

Gen  262/500 [██████████████████████████░░░░░░░░░░░░░░░░░░░░░░░░]  52.4%
     Best:     Objective 1=   6.84  Objective 2= -51.11
     Mean:     Objective 1= -38.85  Objective 2=-449.87

Gen  263/500 [██████████████████████████░░░░░░░░░░░░░░░░░░░░░░░░]  52.6%
     Best:     Objective 1=   6.42  Objective 2= -46.16
     Mean:     Objective 1= -39.51  Objective 2=-431.22

Gen  264/500 [██████████████████████████░░░░░░░░░░░░░░░░░░░░░░░░]  52.8%
     Best:     Objective 1=  11.36  Objective 2= -46.39
     Mean:     Objective 1= -34.15  Objective 2=-417.37

Gen  265/500 [██████████████████████████░░░░░░░░░░░░░░░░░░░░░░░░]  53.0%
     Best:     Objective 1=  14.74  Objective 2= -41.70
     Mean:     Objective 1= -38.27  Objective 2=-399.34

Generation 265:	[  3.59259804 -51.44084059]
Mean fitness:	-213.07 +- 376.17
Mean fitness per obj: ['-43.26 +-65.32', '-382.89 +-470.18']
Gen  266/500 [██████████████████████████░░░░░░░░░░░░░░░░░░░░░░░░]  53.2%
     Best:     Objective 1=  24.88  Objective 2= -43.85
     Mean:     Objective 1= -43.26  Objective 2=-382.89

Gen  267/500 [██████████████████████████░░░░░░░░░░░░░░░░░░░░░░░░]  53.4%
     Best:     Objective 1=  15.20  Objective 2= -43.27
     Mean:     Objective 1= -38.43  Objective 2=-382.03

Gen  268/500 [██████████████████████████░░░░░░░░░░░░░░░░░░░░░░░░]  53.6%
     Best:     Objective 1=  19.17  Objective 2= -49.05
     Mean:     Objective 1= -39.14  Objective 2=-380.84

Gen  269/500 [██████████████████████████░░░░░░░░░░░░░░░░░░░░░░░░]  53.8%
     Best:     Objective 1=   2.39  Objective 2= -42.80
     Mean:     Objective 1= -34.33  Objective 2=-416.92

Gen  270/500 [███████████████████████████░░░░░░░░░░░░░░░░░░░░░░░]  54.0%
     Best:     Objective 1=   1.49  Objective 2= -49.67
     Mean:     Objective 1= -33.92  Objective 2=-460.36

Generation 270:	[ 15.20310653 -51.11089604]
Mean fitness:	-238.81 +- 476.08
Mean fitness per obj: ['-33.29 +-37.55', '-444.33 +-606.15']
Gen  271/500 [███████████████████████████░░░░░░░░░░░░░░░░░░░░░░░]  54.2%
     Best:     Objective 1=  16.38  Objective 2= -43.07
     Mean:     Objective 1= -33.29  Objective 2=-444.33

Gen  272/500 [███████████████████████████░░░░░░░░░░░░░░░░░░░░░░░]  54.4%
     Best:     Objective 1=  14.07  Objective 2= -49.56
     Mean:     Objective 1= -35.79  Objective 2=-392.20

Gen  273/500 [███████████████████████████░░░░░░░░░░░░░░░░░░░░░░░]  54.6%
     Best:     Objective 1=   3.40  Objective 2= -48.08
     Mean:     Objective 1= -36.96  Objective 2=-361.21

Gen  274/500 [███████████████████████████░░░░░░░░░░░░░░░░░░░░░░░]  54.8%
     Best:     Objective 1=   1.92  Objective 2= -48.37
     Mean:     Objective 1= -35.54  Objective 2=-374.65

Gen  275/500 [███████████████████████████░░░░░░░░░░░░░░░░░░░░░░░]  55.0%
     Best:     Objective 1=   1.52  Objective 2= -47.52
     Mean:     Objective 1= -37.40  Objective 2=-410.27

Generation 275:	[ 15.20310653 -51.11089604]
Mean fitness:	-205.97 +- 367.88
Mean fitness per obj: ['-36.65 +-36.44', '-375.29 +-460.44']
Gen  276/500 [███████████████████████████░░░░░░░░░░░░░░░░░░░░░░░]  55.2%
     Best:     Objective 1=   4.30  Objective 2= -43.41
     Mean:     Objective 1= -36.65  Objective 2=-375.29

Gen  277/500 [███████████████████████████░░░░░░░░░░░░░░░░░░░░░░░]  55.4%
     Best:     Objective 1=   5.85  Objective 2= -40.12
     Mean:     Objective 1= -35.54  Objective 2=-425.63

Gen  278/500 [███████████████████████████░░░░░░░░░░░░░░░░░░░░░░░]  55.6%
     Best:     Objective 1=   3.87  Objective 2= -46.14
     Mean:     Objective 1= -37.06  Objective 2=-372.94

Gen  279/500 [███████████████████████████░░░░░░░░░░░░░░░░░░░░░░░]  55.8%
     Best:     Objective 1=   4.69  Objective 2= -45.53
     Mean:     Objective 1= -40.71  Objective 2=-357.25

Gen  280/500 [████████████████████████████░░░░░░░░░░░░░░░░░░░░░░]  56.0%
     Best:     Objective 1=  10.56  Objective 2= -46.28
     Mean:     Objective 1= -35.29  Objective 2=-377.29

Generation 280:	[ 15.20310653 -51.11089604]
Mean fitness:	-230.52 +- 456.57
Mean fitness per obj: ['-36.87 +-44.99', '-424.17 +-582.99']
Gen  281/500 [████████████████████████████░░░░░░░░░░░░░░░░░░░░░░]  56.2%
     Best:     Objective 1=  -0.33  Objective 2= -48.79
     Mean:     Objective 1= -36.87  Objective 2=-424.17

Gen  282/500 [████████████████████████████░░░░░░░░░░░░░░░░░░░░░░]  56.4%
     Best:     Objective 1=   5.29  Objective 2= -47.39
     Mean:     Objective 1= -38.23  Objective 2=-418.30

Gen  283/500 [████████████████████████████░░░░░░░░░░░░░░░░░░░░░░]  56.6%
     Best:     Objective 1=   4.88  Objective 2= -44.01
     Mean:     Objective 1= -31.33  Objective 2=-406.01

Gen  284/500 [████████████████████████████░░░░░░░░░░░░░░░░░░░░░░]  56.8%
     Best:     Objective 1=   3.58  Objective 2= -47.60
     Mean:     Objective 1= -35.08  Objective 2=-386.75

Gen  285/500 [████████████████████████████░░░░░░░░░░░░░░░░░░░░░░]  57.0%
     Best:     Objective 1=  10.09  Objective 2= -46.44
     Mean:     Objective 1= -37.15  Objective 2=-381.02

Generation 285:	[ 15.20310653 -51.11089604]
Mean fitness:	-214.53 +- 409.01
Mean fitness per obj: ['-36.31 +-47.64', '-392.76 +-518.45']
Gen  286/500 [████████████████████████████░░░░░░░░░░░░░░░░░░░░░░]  57.2%
     Best:     Objective 1=  16.16  Objective 2= -50.32
     Mean:     Objective 1= -36.31  Objective 2=-392.76

Gen  287/500 [████████████████████████████░░░░░░░░░░░░░░░░░░░░░░]  57.4%
     Best:     Objective 1=   4.92  Objective 2= -47.73
     Mean:     Objective 1= -39.97  Objective 2=-440.78

Gen  288/500 [████████████████████████████░░░░░░░░░░░░░░░░░░░░░░]  57.6%
     Best:     Objective 1=   9.87  Objective 2= -44.40
     Mean:     Objective 1= -34.73  Objective 2=-368.61

Gen  289/500 [████████████████████████████░░░░░░░░░░░░░░░░░░░░░░]  57.8%
     Best:     Objective 1=   4.86  Objective 2= -40.88
     Mean:     Objective 1= -31.62  Objective 2=-368.19

Gen  290/500 [████████████████████████████░░░░░░░░░░░░░░░░░░░░░░]  58.0%
     Best:     Objective 1=  18.38  Objective 2= -44.89
     Mean:     Objective 1= -35.91  Objective 2=-431.88

Generation 290:	[ 15.20310653 -51.11089604]
Mean fitness:	-221.00 +- 445.85
Mean fitness per obj: ['-34.33 +-39.24', '-407.67 +-571.26']
Gen  291/500 [█████████████████████████████░░░░░░░░░░░░░░░░░░░░░]  58.2%
     Best:     Objective 1=  10.52  Objective 2= -46.96
     Mean:     Objective 1= -34.33  Objective 2=-407.67

Gen  292/500 [█████████████████████████████░░░░░░░░░░░░░░░░░░░░░]  58.4%
     Best:     Objective 1=  13.51  Objective 2= -41.99
     Mean:     Objective 1= -34.30  Objective 2=-410.39

Gen  293/500 [█████████████████████████████░░░░░░░░░░░░░░░░░░░░░]  58.6%
     Best:     Objective 1=  24.09  Objective 2= -45.34
     Mean:     Objective 1= -34.91  Objective 2=-420.69

Gen  294/500 [█████████████████████████████░░░░░░░░░░░░░░░░░░░░░]  58.8%
     Best:     Objective 1=  20.79  Objective 2= -49.75
     Mean:     Objective 1= -36.30  Objective 2=-393.96

Gen  295/500 [█████████████████████████████░░░░░░░░░░░░░░░░░░░░░]  59.0%
     Best:     Objective 1=  13.69  Objective 2= -49.29
     Mean:     Objective 1= -37.09  Objective 2=-421.18

Generation 295:	[ 15.20310653 -51.11089604]
Mean fitness:	-216.08 +- 415.37
Mean fitness per obj: ['-37.46 +-55.34', '-394.70 +-527.44']
Gen  296/500 [█████████████████████████████░░░░░░░░░░░░░░░░░░░░░]  59.2%
     Best:     Objective 1=  26.64  Objective 2= -45.00
     Mean:     Objective 1= -37.46  Objective 2=-394.70

Gen  297/500 [█████████████████████████████░░░░░░░░░░░░░░░░░░░░░]  59.4%
     Best:     Objective 1=  14.60  Objective 2= -48.02
     Mean:     Objective 1= -34.15  Objective 2=-373.18

Gen  298/500 [█████████████████████████████░░░░░░░░░░░░░░░░░░░░░]  59.6%
     Best:     Objective 1=   7.24  Objective 2= -42.10
     Mean:     Objective 1= -40.52  Objective 2=-384.06

Gen  299/500 [█████████████████████████████░░░░░░░░░░░░░░░░░░░░░]  59.8%
     Best:     Objective 1=  11.41  Objective 2= -46.83
     Mean:     Objective 1= -36.83  Objective 2=-406.51

Gen  300/500 [██████████████████████████████░░░░░░░░░░░░░░░░░░░░]  60.0%
     Best:     Objective 1=   6.86  Objective 2= -47.39
     Mean:     Objective 1= -35.95  Objective 2=-378.86

Generation 300:	[ 15.20310653 -51.11089604]
Mean fitness:	-240.24 +- 455.11
Mean fitness per obj: ['-36.49 +-48.89', '-444.00 +-573.44']
Gen  301/500 [██████████████████████████████░░░░░░░░░░░░░░░░░░░░]  60.2%
     Best:     Objective 1=   3.70  Objective 2= -43.78
     Mean:     Objective 1= -36.49  Objective 2=-444.00

Gen  302/500 [██████████████████████████████░░░░░░░░░░░░░░░░░░░░]  60.4%
     Best:     Objective 1=  24.08  Objective 2= -46.70
     Mean:     Objective 1= -33.64  Objective 2=-365.76

Gen  303/500 [██████████████████████████████░░░░░░░░░░░░░░░░░░░░]  60.6%
     Best:     Objective 1=   1.90  Objective 2= -44.34
     Mean:     Objective 1= -37.17  Objective 2=-426.31

Gen  304/500 [██████████████████████████████░░░░░░░░░░░░░░░░░░░░]  60.8%
     Best:     Objective 1=   7.61  Objective 2= -46.48
     Mean:     Objective 1= -34.18  Objective 2=-364.35

Gen  305/500 [██████████████████████████████░░░░░░░░░░░░░░░░░░░░]  61.0%
     Best:     Objective 1=  12.28  Objective 2= -47.53
     Mean:     Objective 1= -33.96  Objective 2=-317.21

Generation 305:	[ 15.20310653 -51.11089604]
Mean fitness:	-217.30 +- 417.65
Mean fitness per obj: ['-37.92 +-56.36', '-396.67 +-530.42']
Gen  306/500 [██████████████████████████████░░░░░░░░░░░░░░░░░░░░]  61.2%
     Best:     Objective 1=  11.51  Objective 2= -45.93
     Mean:     Objective 1= -37.92  Objective 2=-396.67

Gen  307/500 [██████████████████████████████░░░░░░░░░░░░░░░░░░░░]  61.4%
     Best:     Objective 1=  17.74  Objective 2= -44.06
     Mean:     Objective 1= -32.71  Objective 2=-404.89

Gen  308/500 [██████████████████████████████░░░░░░░░░░░░░░░░░░░░]  61.6%
     Best:     Objective 1=  25.80  Objective 2= -40.89
     Mean:     Objective 1= -33.52  Objective 2=-382.39

Gen  309/500 [██████████████████████████████░░░░░░░░░░░░░░░░░░░░]  61.8%
     Best:     Objective 1=   7.35  Objective 2= -47.50
     Mean:     Objective 1= -35.83  Objective 2=-383.89

Gen  310/500 [███████████████████████████████░░░░░░░░░░░░░░░░░░░]  62.0%
     Best:     Objective 1=  28.42  Objective 2= -46.42
     Mean:     Objective 1= -38.66  Objective 2=-433.09

Generation 310:	[ 15.20310653 -51.11089604]
Mean fitness:	-222.50 +- 438.05
Mean fitness per obj: ['-37.37 +-56.21', '-407.63 +-558.64']
Gen  311/500 [███████████████████████████████░░░░░░░░░░░░░░░░░░░]  62.2%
     Best:     Objective 1=   4.44  Objective 2= -49.57
     Mean:     Objective 1= -37.37  Objective 2=-407.63

Gen  312/500 [███████████████████████████████░░░░░░░░░░░░░░░░░░░]  62.4%
     Best:     Objective 1=   7.54  Objective 2= -43.81
     Mean:     Objective 1= -31.73  Objective 2=-381.27

Gen  313/500 [███████████████████████████████░░░░░░░░░░░░░░░░░░░]  62.6%
     Best:     Objective 1=   1.16  Objective 2= -44.49
     Mean:     Objective 1= -33.29  Objective 2=-358.32

Gen  314/500 [███████████████████████████████░░░░░░░░░░░░░░░░░░░]  62.8%
     Best:     Objective 1=  10.08  Objective 2= -42.71
     Mean:     Objective 1= -32.43  Objective 2=-368.17

Gen  315/500 [███████████████████████████████░░░░░░░░░░░░░░░░░░░]  63.0%
     Best:     Objective 1=  35.23  Objective 2= -37.29
     Mean:     Objective 1= -32.12  Objective 2=-382.24

Generation 315:	[ 15.20310653 -51.11089604]
Mean fitness:	-209.05 +- 392.17
Mean fitness per obj: ['-34.99 +-37.94', '-383.11 +-495.54']
Gen  316/500 [███████████████████████████████░░░░░░░░░░░░░░░░░░░]  63.2%
     Best:     Objective 1=  11.70  Objective 2= -47.41
     Mean:     Objective 1= -34.99  Objective 2=-383.11

Gen  317/500 [███████████████████████████████░░░░░░░░░░░░░░░░░░░]  63.4%
     Best:     Objective 1=  -0.32  Objective 2= -48.49
     Mean:     Objective 1= -33.04  Objective 2=-382.20

Gen  318/500 [███████████████████████████████░░░░░░░░░░░░░░░░░░░]  63.6%
     Best:     Objective 1=  11.63  Objective 2= -43.10
     Mean:     Objective 1= -35.83  Objective 2=-400.74

Gen  319/500 [███████████████████████████████░░░░░░░░░░░░░░░░░░░]  63.8%
     Best:     Objective 1=   5.56  Objective 2= -46.78
     Mean:     Objective 1= -37.45  Objective 2=-362.27

Gen  320/500 [████████████████████████████████░░░░░░░░░░░░░░░░░░]  64.0%
     Best:     Objective 1=  10.70  Objective 2= -43.77
     Mean:     Objective 1= -34.25  Objective 2=-394.26

Generation 320:	[ 15.20310653 -51.11089604]
Mean fitness:	-218.39 +- 398.59
Mean fitness per obj: ['-38.59 +-55.69', '-398.18 +-499.99']
Gen  321/500 [████████████████████████████████░░░░░░░░░░░░░░░░░░]  64.2%
     Best:     Objective 1=   2.65  Objective 2= -42.70
     Mean:     Objective 1= -38.59  Objective 2=-398.18

Gen  322/500 [████████████████████████████████░░░░░░░░░░░░░░░░░░]  64.4%
     Best:     Objective 1=   1.20  Objective 2= -45.33
     Mean:     Objective 1= -36.54  Objective 2=-356.26

Gen  323/500 [████████████████████████████████░░░░░░░░░░░░░░░░░░]  64.6%
     Best:     Objective 1=  17.11  Objective 2= -46.40
     Mean:     Objective 1= -38.86  Objective 2=-377.38

Gen  324/500 [████████████████████████████████░░░░░░░░░░░░░░░░░░]  64.8%
     Best:     Objective 1=   5.65  Objective 2= -44.67
     Mean:     Objective 1= -37.69  Objective 2=-398.86

Gen  325/500 [████████████████████████████████░░░░░░░░░░░░░░░░░░]  65.0%
     Best:     Objective 1=   6.17  Objective 2= -45.13
     Mean:     Objective 1= -38.91  Objective 2=-349.88

Generation 325:	[ 17.11335411 -49.99013963]
Mean fitness:	-231.91 +- 458.19
Mean fitness per obj: ['-32.97 +-39.13', '-430.85 +-582.41']
Gen  326/500 [████████████████████████████████░░░░░░░░░░░░░░░░░░]  65.2%
     Best:     Objective 1=  12.13  Objective 2= -48.00
     Mean:     Objective 1= -32.97  Objective 2=-430.85

Gen  327/500 [████████████████████████████████░░░░░░░░░░░░░░░░░░]  65.4%
     Best:     Objective 1=  14.06  Objective 2= -38.03
     Mean:     Objective 1= -32.86  Objective 2=-389.55

Gen  328/500 [████████████████████████████████░░░░░░░░░░░░░░░░░░]  65.6%
     Best:     Objective 1=  23.06  Objective 2= -43.31
     Mean:     Objective 1= -36.95  Objective 2=-352.48

Gen  329/500 [████████████████████████████████░░░░░░░░░░░░░░░░░░]  65.8%
     Best:     Objective 1=  27.20  Objective 2= -42.28
     Mean:     Objective 1= -34.85  Objective 2=-344.24

Gen  330/500 [█████████████████████████████████░░░░░░░░░░░░░░░░░]  66.0%
     Best:     Objective 1=   4.87  Objective 2= -46.03
     Mean:     Objective 1= -31.16  Objective 2=-358.51

Generation 330:	[ 17.11335411 -49.99013963]
Mean fitness:	-207.07 +- 391.41
Mean fitness per obj: ['-32.32 +-32.99', '-381.82 +-494.20']
Gen  331/500 [█████████████████████████████████░░░░░░░░░░░░░░░░░]  66.2%
     Best:     Objective 1=  33.19  Objective 2= -45.27
     Mean:     Objective 1= -32.32  Objective 2=-381.82

Gen  332/500 [█████████████████████████████████░░░░░░░░░░░░░░░░░]  66.4%
     Best:     Objective 1=  16.65  Objective 2= -45.76
     Mean:     Objective 1= -31.02  Objective 2=-387.08

Gen  333/500 [█████████████████████████████████░░░░░░░░░░░░░░░░░]  66.6%
     Best:     Objective 1=  10.62  Objective 2= -44.64
     Mean:     Objective 1= -32.96  Objective 2=-479.82

Gen  334/500 [█████████████████████████████████░░░░░░░░░░░░░░░░░]  66.8%
     Best:     Objective 1=  11.83  Objective 2= -45.32
     Mean:     Objective 1= -36.02  Objective 2=-426.34

Gen  335/500 [█████████████████████████████████░░░░░░░░░░░░░░░░░]  67.0%
     Best:     Objective 1=   9.53  Objective 2= -36.14
     Mean:     Objective 1= -36.14  Objective 2=-402.39

Generation 335:	[ 17.11335411 -49.99013963]
Mean fitness:	-215.03 +- 398.72
Mean fitness per obj: ['-29.01 +-27.63', '-401.04 +-497.99']
Gen  336/500 [█████████████████████████████████░░░░░░░░░░░░░░░░░]  67.2%
     Best:     Objective 1=  19.99  Objective 2= -45.08
     Mean:     Objective 1= -29.01  Objective 2=-401.04

Gen  337/500 [█████████████████████████████████░░░░░░░░░░░░░░░░░]  67.4%
     Best:     Objective 1=   8.76  Objective 2= -45.78
     Mean:     Objective 1= -33.05  Objective 2=-354.36

Gen  338/500 [█████████████████████████████████░░░░░░░░░░░░░░░░░]  67.6%
     Best:     Objective 1=  18.18  Objective 2= -43.11
     Mean:     Objective 1= -32.20  Objective 2=-389.91

Gen  339/500 [█████████████████████████████████░░░░░░░░░░░░░░░░░]  67.8%
     Best:     Objective 1=   6.30  Objective 2= -46.75
     Mean:     Objective 1= -36.87  Objective 2=-429.47

Gen  340/500 [██████████████████████████████████░░░░░░░░░░░░░░░░]  68.0%
     Best:     Objective 1=   5.94  Objective 2= -49.34
     Mean:     Objective 1= -34.38  Objective 2=-422.11

Generation 340:	[ 17.11335411 -49.99013963]
Mean fitness:	-197.57 +- 354.01
Mean fitness per obj: ['-31.88 +-25.59', '-363.27 +-441.68']
Gen  341/500 [██████████████████████████████████░░░░░░░░░░░░░░░░]  68.2%
     Best:     Objective 1=  16.62  Objective 2= -46.01
     Mean:     Objective 1= -31.88  Objective 2=-363.27

Gen  342/500 [██████████████████████████████████░░░░░░░░░░░░░░░░]  68.4%
     Best:     Objective 1=  19.30  Objective 2= -46.86
     Mean:     Objective 1= -33.78  Objective 2=-409.66

Gen  343/500 [██████████████████████████████████░░░░░░░░░░░░░░░░]  68.6%
     Best:     Objective 1=   8.94  Objective 2= -44.40
     Mean:     Objective 1= -34.18  Objective 2=-425.75

Gen  344/500 [██████████████████████████████████░░░░░░░░░░░░░░░░]  68.8%
     Best:     Objective 1=  25.20  Objective 2= -43.25
     Mean:     Objective 1= -33.44  Objective 2=-367.58

Gen  345/500 [██████████████████████████████████░░░░░░░░░░░░░░░░]  69.0%
     Best:     Objective 1=   4.38  Objective 2= -42.02
     Mean:     Objective 1= -37.98  Objective 2=-392.18

Generation 345:	[ 17.11335411 -49.99013963]
Mean fitness:	-203.18 +- 374.27
Mean fitness per obj: ['-34.31 +-33.10', '-372.06 +-471.19']
Gen  346/500 [██████████████████████████████████░░░░░░░░░░░░░░░░]  69.2%
     Best:     Objective 1=   9.19  Objective 2= -40.33
     Mean:     Objective 1= -34.31  Objective 2=-372.06

Gen  347/500 [██████████████████████████████████░░░░░░░░░░░░░░░░]  69.4%
     Best:     Objective 1=  -0.22  Objective 2= -43.10
     Mean:     Objective 1= -36.39  Objective 2=-334.15

Gen  348/500 [██████████████████████████████████░░░░░░░░░░░░░░░░]  69.6%
     Best:     Objective 1=   3.02  Objective 2= -42.53
     Mean:     Objective 1= -31.66  Objective 2=-359.59

Gen  349/500 [██████████████████████████████████░░░░░░░░░░░░░░░░]  69.8%
     Best:     Objective 1=   4.84  Objective 2= -45.43
     Mean:     Objective 1= -33.86  Objective 2=-415.78

Gen  350/500 [███████████████████████████████████░░░░░░░░░░░░░░░]  70.0%
     Best:     Objective 1=  38.34  Objective 2= -44.56
     Mean:     Objective 1= -34.31  Objective 2=-357.15

Generation 350:	[ 17.11335411 -49.99013963]
Mean fitness:	-223.75 +- 427.81
Mean fitness per obj: ['-35.50 +-40.33', '-411.99 +-541.81']
Gen  351/500 [███████████████████████████████████░░░░░░░░░░░░░░░]  70.2%
     Best:     Objective 1=   7.31  Objective 2= -45.72
     Mean:     Objective 1= -35.50  Objective 2=-411.99

Gen  352/500 [███████████████████████████████████░░░░░░░░░░░░░░░]  70.4%
     Best:     Objective 1=   5.55  Objective 2= -44.39
     Mean:     Objective 1= -30.71  Objective 2=-406.10

Gen  353/500 [███████████████████████████████████░░░░░░░░░░░░░░░]  70.6%
     Best:     Objective 1=   5.55  Objective 2= -42.85
     Mean:     Objective 1= -33.89  Objective 2=-364.74

Gen  354/500 [███████████████████████████████████░░░░░░░░░░░░░░░]  70.8%
     Best:     Objective 1=  23.46  Objective 2= -43.27
     Mean:     Objective 1= -35.69  Objective 2=-395.90

Gen  355/500 [███████████████████████████████████░░░░░░░░░░░░░░░]  71.0%
     Best:     Objective 1=   3.03  Objective 2= -41.24
     Mean:     Objective 1= -33.12  Objective 2=-405.56

Generation 355:	[ 17.11335411 -49.99013963]
Mean fitness:	-222.13 +- 434.40
Mean fitness per obj: ['-32.52 +-38.01', '-411.74 +-551.41']
Gen  356/500 [███████████████████████████████████░░░░░░░░░░░░░░░]  71.2%
     Best:     Objective 1=  10.08  Objective 2= -42.72
     Mean:     Objective 1= -32.52  Objective 2=-411.74

Gen  357/500 [███████████████████████████████████░░░░░░░░░░░░░░░]  71.4%
     Best:     Objective 1=   3.99  Objective 2= -44.48
     Mean:     Objective 1= -34.16  Objective 2=-369.38

Gen  358/500 [███████████████████████████████████░░░░░░░░░░░░░░░]  71.6%
     Best:     Objective 1=  17.09  Objective 2= -42.42
     Mean:     Objective 1= -32.67  Objective 2=-394.32

Gen  359/500 [███████████████████████████████████░░░░░░░░░░░░░░░]  71.8%
     Best:     Objective 1=  17.38  Objective 2= -45.90
     Mean:     Objective 1= -36.13  Objective 2=-390.02

Gen  360/500 [████████████████████████████████████░░░░░░░░░░░░░░]  72.0%
     Best:     Objective 1=  15.77  Objective 2= -41.26
     Mean:     Objective 1= -31.12  Objective 2=-426.76

Generation 360:	[ 17.11335411 -49.99013963]
Mean fitness:	-213.56 +- 433.51
Mean fitness per obj: ['-32.23 +-31.12', '-394.90 +-555.99']
Gen  361/500 [████████████████████████████████████░░░░░░░░░░░░░░]  72.2%
     Best:     Objective 1=  19.46  Objective 2= -41.93
     Mean:     Objective 1= -32.23  Objective 2=-394.90

Gen  362/500 [████████████████████████████████████░░░░░░░░░░░░░░]  72.4%
     Best:     Objective 1=   8.26  Objective 2= -44.29
     Mean:     Objective 1= -37.21  Objective 2=-455.58

Gen  363/500 [████████████████████████████████████░░░░░░░░░░░░░░]  72.6%
     Best:     Objective 1=  55.47  Objective 2= -47.64
     Mean:     Objective 1= -34.78  Objective 2=-362.38

Gen  364/500 [████████████████████████████████████░░░░░░░░░░░░░░]  72.8%
     Best:     Objective 1=  19.37  Objective 2= -43.03
     Mean:     Objective 1= -31.83  Objective 2=-383.06

Gen  365/500 [████████████████████████████████████░░░░░░░░░░░░░░]  73.0%
     Best:     Objective 1=   3.73  Objective 2= -45.62
     Mean:     Objective 1= -32.47  Objective 2=-401.62

Generation 365:	[ 17.11335411 -49.99013963]
Mean fitness:	-232.82 +- 463.45
Mean fitness per obj: ['-35.00 +-49.45', '-430.64 +-590.65']
Gen  366/500 [████████████████████████████████████░░░░░░░░░░░░░░]  73.2%
     Best:     Objective 1=  11.40  Objective 2= -42.84
     Mean:     Objective 1= -35.00  Objective 2=-430.64

Gen  367/500 [████████████████████████████████████░░░░░░░░░░░░░░]  73.4%
     Best:     Objective 1=  20.57  Objective 2= -44.27
     Mean:     Objective 1= -36.53  Objective 2=-339.96

Gen  368/500 [████████████████████████████████████░░░░░░░░░░░░░░]  73.6%
     Best:     Objective 1=  14.28  Objective 2= -40.40
     Mean:     Objective 1= -33.17  Objective 2=-362.72

Gen  369/500 [████████████████████████████████████░░░░░░░░░░░░░░]  73.8%
     Best:     Objective 1=  30.14  Objective 2= -44.11
     Mean:     Objective 1= -30.58  Objective 2=-404.51

Gen  370/500 [█████████████████████████████████████░░░░░░░░░░░░░]  74.0%
     Best:     Objective 1=  27.21  Objective 2= -41.71
     Mean:     Objective 1= -37.61  Objective 2=-345.00

Generation 370:	[ 17.11335411 -49.99013963]
Mean fitness:	-209.03 +- 404.25
Mean fitness per obj: ['-33.84 +-33.83', '-384.22 +-514.11']
Gen  371/500 [█████████████████████████████████████░░░░░░░░░░░░░]  74.2%
     Best:     Objective 1=   7.48  Objective 2= -40.98
     Mean:     Objective 1= -33.84  Objective 2=-384.22

Gen  372/500 [█████████████████████████████████████░░░░░░░░░░░░░]  74.4%
     Best:     Objective 1=   9.61  Objective 2= -42.62
     Mean:     Objective 1= -35.54  Objective 2=-382.16

Gen  373/500 [█████████████████████████████████████░░░░░░░░░░░░░]  74.6%
     Best:     Objective 1=   3.22  Objective 2= -44.98
     Mean:     Objective 1= -29.89  Objective 2=-385.44

Gen  374/500 [█████████████████████████████████████░░░░░░░░░░░░░]  74.8%
     Best:     Objective 1=  11.05  Objective 2= -47.13
     Mean:     Objective 1= -30.52  Objective 2=-366.12

Gen  375/500 [█████████████████████████████████████░░░░░░░░░░░░░]  75.0%
     Best:     Objective 1=   3.95  Objective 2= -43.97
     Mean:     Objective 1= -37.57  Objective 2=-345.22

Generation 375:	[ 17.11335411 -49.99013963]
Mean fitness:	-204.60 +- 402.42
Mean fitness per obj: ['-33.32 +-41.05', '-375.88 +-513.34']
Gen  376/500 [█████████████████████████████████████░░░░░░░░░░░░░]  75.2%
     Best:     Objective 1=  23.11  Objective 2= -45.92
     Mean:     Objective 1= -33.32  Objective 2=-375.88

Gen  377/500 [█████████████████████████████████████░░░░░░░░░░░░░]  75.4%
     Best:     Objective 1=   7.01  Objective 2= -46.60
     Mean:     Objective 1= -31.10  Objective 2=-368.16

Gen  378/500 [█████████████████████████████████████░░░░░░░░░░░░░]  75.6%
     Best:     Objective 1=   6.72  Objective 2= -41.95
     Mean:     Objective 1= -33.50  Objective 2=-375.71

Gen  379/500 [█████████████████████████████████████░░░░░░░░░░░░░]  75.8%
     Best:     Objective 1=   0.24  Objective 2= -47.06
     Mean:     Objective 1= -29.12  Objective 2=-405.28

Gen  380/500 [██████████████████████████████████████░░░░░░░░░░░░]  76.0%
     Best:     Objective 1=  25.43  Objective 2= -46.49
     Mean:     Objective 1= -31.99  Objective 2=-412.12

Generation 380:	[ 17.11335411 -49.99013963]
Mean fitness:	-203.18 +- 397.84
Mean fitness per obj: ['-36.94 +-60.27', '-369.43 +-507.58']
Gen  381/500 [██████████████████████████████████████░░░░░░░░░░░░]  76.2%
     Best:     Objective 1=  12.39  Objective 2= -39.78
     Mean:     Objective 1= -36.94  Objective 2=-369.43

Gen  382/500 [██████████████████████████████████████░░░░░░░░░░░░]  76.4%
     Best:     Objective 1=   4.29  Objective 2= -45.85
     Mean:     Objective 1= -35.25  Objective 2=-449.34

Gen  383/500 [██████████████████████████████████████░░░░░░░░░░░░]  76.6%
     Best:     Objective 1=  23.13  Objective 2= -46.08
     Mean:     Objective 1= -30.79  Objective 2=-372.72

Gen  384/500 [██████████████████████████████████████░░░░░░░░░░░░]  76.8%
     Best:     Objective 1=   3.87  Objective 2= -43.43
     Mean:     Objective 1= -33.46  Objective 2=-359.41

Gen  385/500 [██████████████████████████████████████░░░░░░░░░░░░]  77.0%
     Best:     Objective 1=  42.89  Objective 2= -43.97
     Mean:     Objective 1= -36.62  Objective 2=-401.25

Generation 385:	[ 17.11335411 -49.99013963]
Mean fitness:	-197.26 +- 381.74
Mean fitness per obj: ['-33.06 +-44.69', '-361.46 +-485.32']
Gen  386/500 [██████████████████████████████████████░░░░░░░░░░░░]  77.2%
     Best:     Objective 1=  30.94  Objective 2= -44.04
     Mean:     Objective 1= -33.06  Objective 2=-361.46

Gen  387/500 [██████████████████████████████████████░░░░░░░░░░░░]  77.4%
     Best:     Objective 1=  20.44  Objective 2= -39.05
     Mean:     Objective 1= -31.43  Objective 2=-353.09

Gen  388/500 [██████████████████████████████████████░░░░░░░░░░░░]  77.6%
     Best:     Objective 1=  17.07  Objective 2= -46.48
     Mean:     Objective 1= -36.68  Objective 2=-379.25

Gen  389/500 [██████████████████████████████████████░░░░░░░░░░░░]  77.8%
     Best:     Objective 1=  29.04  Objective 2= -47.91
     Mean:     Objective 1= -33.16  Objective 2=-378.73

Gen  390/500 [███████████████████████████████████████░░░░░░░░░░░]  78.0%
     Best:     Objective 1=   4.57  Objective 2= -45.22
     Mean:     Objective 1= -33.22  Objective 2=-341.61

Generation 390:	[ 17.11335411 -49.99013963]
Mean fitness:	-175.84 +- 312.84
Mean fitness per obj: ['-32.26 +-40.57', '-319.43 +-390.96']
Gen  391/500 [███████████████████████████████████████░░░░░░░░░░░]  78.2%
     Best:     Objective 1=  24.10  Objective 2= -48.95
     Mean:     Objective 1= -32.26  Objective 2=-319.43

Gen  392/500 [███████████████████████████████████████░░░░░░░░░░░]  78.4%
     Best:     Objective 1=  14.55  Objective 2= -43.34
     Mean:     Objective 1= -36.28  Objective 2=-344.61

Gen  393/500 [███████████████████████████████████████░░░░░░░░░░░]  78.6%
     Best:     Objective 1=  14.26  Objective 2= -50.87
     Mean:     Objective 1= -31.94  Objective 2=-431.62

Gen  394/500 [███████████████████████████████████████░░░░░░░░░░░]  78.8%
     Best:     Objective 1=  11.45  Objective 2= -46.55
     Mean:     Objective 1= -40.08  Objective 2=-419.89

Gen  395/500 [███████████████████████████████████████░░░░░░░░░░░]  79.0%
     Best:     Objective 1=  10.22  Objective 2= -42.84
     Mean:     Objective 1= -35.80  Objective 2=-344.65

Generation 395:	[ 17.11335411 -49.99013963]
Mean fitness:	-200.80 +- 387.22
Mean fitness per obj: ['-31.73 +-37.82', '-369.87 +-491.20']
Gen  396/500 [███████████████████████████████████████░░░░░░░░░░░]  79.2%
     Best:     Objective 1=   4.53  Objective 2= -43.72
     Mean:     Objective 1= -31.73  Objective 2=-369.87

Gen  397/500 [███████████████████████████████████████░░░░░░░░░░░]  79.4%
     Best:     Objective 1=  12.60  Objective 2= -43.60
     Mean:     Objective 1= -34.64  Objective 2=-371.67

Gen  398/500 [███████████████████████████████████████░░░░░░░░░░░]  79.6%
     Best:     Objective 1=  11.58  Objective 2= -42.83
     Mean:     Objective 1= -34.48  Objective 2=-359.91

Gen  399/500 [███████████████████████████████████████░░░░░░░░░░░]  79.8%
     Best:     Objective 1=  22.14  Objective 2= -45.15
     Mean:     Objective 1= -32.08  Objective 2=-332.65

Gen  400/500 [████████████████████████████████████████░░░░░░░░░░]  80.0%
     Best:     Objective 1=   6.57  Objective 2= -43.50
     Mean:     Objective 1= -31.73  Objective 2=-385.38

Generation 400:	[ 17.11335411 -49.99013963]
Mean fitness:	-180.11 +- 332.20
Mean fitness per obj: ['-31.13 +-28.38', '-329.09 +-418.96']
Gen  401/500 [████████████████████████████████████████░░░░░░░░░░]  80.2%
     Best:     Objective 1=   2.59  Objective 2= -43.26
     Mean:     Objective 1= -31.13  Objective 2=-329.09

Gen  402/500 [████████████████████████████████████████░░░░░░░░░░]  80.4%
     Best:     Objective 1=  20.50  Objective 2= -42.60
     Mean:     Objective 1= -28.50  Objective 2=-336.79

Gen  403/500 [████████████████████████████████████████░░░░░░░░░░]  80.6%
     Best:     Objective 1=   6.32  Objective 2= -38.50
     Mean:     Objective 1= -36.84  Objective 2=-358.49

Gen  404/500 [████████████████████████████████████████░░░░░░░░░░]  80.8%
     Best:     Objective 1=  16.16  Objective 2= -44.68
     Mean:     Objective 1= -30.05  Objective 2=-320.73

Gen  405/500 [████████████████████████████████████████░░░░░░░░░░]  81.0%
     Best:     Objective 1=  11.81  Objective 2= -48.58
     Mean:     Objective 1= -37.07  Objective 2=-375.85

Generation 405:	[ 17.11335411 -49.99013963]
Mean fitness:	-197.59 +- 365.35
Mean fitness per obj: ['-39.73 +-64.50', '-355.45 +-461.48']
Gen  406/500 [████████████████████████████████████████░░░░░░░░░░]  81.2%
     Best:     Objective 1=  15.70  Objective 2= -42.65
     Mean:     Objective 1= -39.73  Objective 2=-355.45

Gen  407/500 [████████████████████████████████████████░░░░░░░░░░]  81.4%
     Best:     Objective 1=   4.77  Objective 2= -45.79
     Mean:     Objective 1= -31.98  Objective 2=-396.57

Gen  408/500 [████████████████████████████████████████░░░░░░░░░░]  81.6%
     Best:     Objective 1=  12.56  Objective 2= -45.17
     Mean:     Objective 1= -33.90  Objective 2=-346.37

Gen  409/500 [████████████████████████████████████████░░░░░░░░░░]  81.8%
     Best:     Objective 1=  10.25  Objective 2= -46.71
     Mean:     Objective 1= -37.74  Objective 2=-377.89

Gen  410/500 [█████████████████████████████████████████░░░░░░░░░]  82.0%
     Best:     Objective 1=  24.92  Objective 2= -44.46
     Mean:     Objective 1= -36.32  Objective 2=-390.79

Generation 410:	[ 17.11335411 -49.99013963]
Mean fitness:	-195.58 +- 388.80
Mean fitness per obj: ['-31.94 +-28.57', '-359.22 +-497.95']
Gen  411/500 [█████████████████████████████████████████░░░░░░░░░]  82.2%
     Best:     Objective 1=   8.10  Objective 2= -42.32
     Mean:     Objective 1= -31.94  Objective 2=-359.22

Gen  412/500 [█████████████████████████████████████████░░░░░░░░░]  82.4%
     Best:     Objective 1=   2.72  Objective 2= -47.08
     Mean:     Objective 1= -33.84  Objective 2=-335.48

Gen  413/500 [█████████████████████████████████████████░░░░░░░░░]  82.6%
     Best:     Objective 1=   6.88  Objective 2= -41.03
     Mean:     Objective 1= -36.25  Objective 2=-378.25

Gen  414/500 [█████████████████████████████████████████░░░░░░░░░]  82.8%
     Best:     Objective 1=   4.59  Objective 2= -48.51
     Mean:     Objective 1= -33.23  Objective 2=-339.44

Gen  415/500 [█████████████████████████████████████████░░░░░░░░░]  83.0%
     Best:     Objective 1=   4.36  Objective 2= -45.75
     Mean:     Objective 1= -36.02  Objective 2=-331.89

Generation 415:	[ 17.11335411 -49.99013963]
Mean fitness:	-219.07 +- 425.66
Mean fitness per obj: ['-33.96 +-40.84', '-404.18 +-540.54']
Gen  416/500 [█████████████████████████████████████████░░░░░░░░░]  83.2%
     Best:     Objective 1=   5.56  Objective 2= -40.91
     Mean:     Objective 1= -33.96  Objective 2=-404.18

Gen  417/500 [█████████████████████████████████████████░░░░░░░░░]  83.4%
     Best:     Objective 1=   9.37  Objective 2= -40.66
     Mean:     Objective 1= -32.07  Objective 2=-347.26

Gen  418/500 [█████████████████████████████████████████░░░░░░░░░]  83.6%
     Best:     Objective 1=  -0.93  Objective 2= -41.79
     Mean:     Objective 1= -30.35  Objective 2=-401.76

Gen  419/500 [█████████████████████████████████████████░░░░░░░░░]  83.8%
     Best:     Objective 1=   6.33  Objective 2= -40.31
     Mean:     Objective 1= -31.80  Objective 2=-391.69

Gen  420/500 [██████████████████████████████████████████░░░░░░░░]  84.0%
     Best:     Objective 1=   8.81  Objective 2= -40.25
     Mean:     Objective 1= -39.94  Objective 2=-354.28

Generation 420:	[ 17.11335411 -49.99013963]
Mean fitness:	-210.65 +- 411.60
Mean fitness per obj: ['-35.37 +-36.22', '-385.92 +-525.43']
Gen  421/500 [██████████████████████████████████████████░░░░░░░░]  84.2%
     Best:     Objective 1=   8.99  Objective 2= -44.90
     Mean:     Objective 1= -35.37  Objective 2=-385.92

Gen  422/500 [██████████████████████████████████████████░░░░░░░░]  84.4%
     Best:     Objective 1=   1.66  Objective 2= -47.21
     Mean:     Objective 1= -34.61  Objective 2=-383.55

Gen  423/500 [██████████████████████████████████████████░░░░░░░░]  84.6%
     Best:     Objective 1=   9.78  Objective 2= -45.04
     Mean:     Objective 1= -37.54  Objective 2=-344.87

Gen  424/500 [██████████████████████████████████████████░░░░░░░░]  84.8%
     Best:     Objective 1=  10.18  Objective 2= -42.76
     Mean:     Objective 1= -31.40  Objective 2=-382.55

Gen  425/500 [██████████████████████████████████████████░░░░░░░░]  85.0%
     Best:     Objective 1=   4.32  Objective 2= -46.86
     Mean:     Objective 1= -32.29  Objective 2=-392.20

Generation 425:	[ 17.11335411 -49.99013963]
Mean fitness:	-215.37 +- 396.88
Mean fitness per obj: ['-34.22 +-46.87', '-396.52 +-497.19']
Gen  426/500 [██████████████████████████████████████████░░░░░░░░]  85.2%
     Best:     Objective 1=   8.76  Objective 2= -44.88
     Mean:     Objective 1= -34.22  Objective 2=-396.52

Gen  427/500 [██████████████████████████████████████████░░░░░░░░]  85.4%
     Best:     Objective 1=   3.37  Objective 2= -39.14
     Mean:     Objective 1= -31.31  Objective 2=-332.28

Gen  428/500 [██████████████████████████████████████████░░░░░░░░]  85.6%
     Best:     Objective 1=  25.17  Objective 2= -40.92
     Mean:     Objective 1= -36.24  Objective 2=-442.15

Gen  429/500 [██████████████████████████████████████████░░░░░░░░]  85.8%
     Best:     Objective 1=   5.33  Objective 2= -41.90
     Mean:     Objective 1= -29.62  Objective 2=-416.64

Gen  430/500 [███████████████████████████████████████████░░░░░░░]  86.0%
     Best:     Objective 1=   3.48  Objective 2= -41.19
     Mean:     Objective 1= -34.15  Objective 2=-347.40

Generation 430:	[ 17.11335411 -49.99013963]
Mean fitness:	-206.07 +- 403.88
Mean fitness per obj: ['-33.66 +-41.60', '-378.48 +-514.84']
Gen  431/500 [███████████████████████████████████████████░░░░░░░]  86.2%
     Best:     Objective 1=  13.06  Objective 2= -42.49
     Mean:     Objective 1= -33.66  Objective 2=-378.48

Gen  432/500 [███████████████████████████████████████████░░░░░░░]  86.4%
     Best:     Objective 1=  16.38  Objective 2= -41.69
     Mean:     Objective 1= -34.64  Objective 2=-365.77

Gen  433/500 [███████████████████████████████████████████░░░░░░░]  86.6%
     Best:     Objective 1=   9.92  Objective 2= -38.80
     Mean:     Objective 1= -35.05  Objective 2=-468.15

Gen  434/500 [███████████████████████████████████████████░░░░░░░]  86.8%
     Best:     Objective 1=   4.23  Objective 2= -42.21
     Mean:     Objective 1= -34.58  Objective 2=-329.82

Gen  435/500 [███████████████████████████████████████████░░░░░░░]  87.0%
     Best:     Objective 1=  27.63  Objective 2= -42.23
     Mean:     Objective 1= -36.37  Objective 2=-368.30

Generation 435:	[ 17.11335411 -49.99013963]
Mean fitness:	-217.41 +- 423.28
Mean fitness per obj: ['-34.61 +-39.01', '-400.21 +-538.49']
Gen  436/500 [███████████████████████████████████████████░░░░░░░]  87.2%
     Best:     Objective 1=  15.34  Objective 2= -49.03
     Mean:     Objective 1= -34.61  Objective 2=-400.21

Gen  437/500 [███████████████████████████████████████████░░░░░░░]  87.4%
     Best:     Objective 1=  13.11  Objective 2= -42.12
     Mean:     Objective 1= -35.54  Objective 2=-366.08

Gen  438/500 [███████████████████████████████████████████░░░░░░░]  87.6%
     Best:     Objective 1=  13.37  Objective 2= -42.79
     Mean:     Objective 1= -34.55  Objective 2=-388.32

Gen  439/500 [███████████████████████████████████████████░░░░░░░]  87.8%
     Best:     Objective 1=  22.54  Objective 2= -47.20
     Mean:     Objective 1= -33.11  Objective 2=-409.74

Gen  440/500 [████████████████████████████████████████████░░░░░░]  88.0%
     Best:     Objective 1=   5.40  Objective 2= -48.31
     Mean:     Objective 1= -36.47  Objective 2=-398.96

Generation 440:	[ 17.11335411 -49.99013963]
Mean fitness:	-192.22 +- 386.09
Mean fitness per obj: ['-29.98 +-28.59', '-354.45 +-494.64']
Gen  441/500 [████████████████████████████████████████████░░░░░░]  88.2%
     Best:     Objective 1=   5.80  Objective 2= -48.20
     Mean:     Objective 1= -29.98  Objective 2=-354.45

Gen  442/500 [████████████████████████████████████████████░░░░░░]  88.4%
     Best:     Objective 1=   2.52  Objective 2= -44.30
     Mean:     Objective 1= -32.07  Objective 2=-412.87

Gen  443/500 [████████████████████████████████████████████░░░░░░]  88.6%
     Best:     Objective 1=   7.25  Objective 2= -45.72
     Mean:     Objective 1= -33.93  Objective 2=-387.39

Gen  444/500 [████████████████████████████████████████████░░░░░░]  88.8%
     Best:     Objective 1=   7.14  Objective 2= -38.36
     Mean:     Objective 1= -29.82  Objective 2=-390.12

Gen  445/500 [████████████████████████████████████████████░░░░░░]  89.0%
     Best:     Objective 1=   5.27  Objective 2= -43.31
     Mean:     Objective 1= -34.85  Objective 2=-385.19

Generation 445:	[ 17.11335411 -49.99013963]
Mean fitness:	-193.65 +- 391.34
Mean fitness per obj: ['-32.41 +-31.42', '-354.90 +-503.30']
Gen  446/500 [████████████████████████████████████████████░░░░░░]  89.2%
     Best:     Objective 1=   9.99  Objective 2= -43.28
     Mean:     Objective 1= -32.41  Objective 2=-354.90

Gen  447/500 [████████████████████████████████████████████░░░░░░]  89.4%
     Best:     Objective 1=   0.33  Objective 2= -41.36
     Mean:     Objective 1= -36.75  Objective 2=-380.24

Gen  448/500 [████████████████████████████████████████████░░░░░░]  89.6%
     Best:     Objective 1=   3.13  Objective 2= -40.58
     Mean:     Objective 1= -31.64  Objective 2=-366.51

Gen  449/500 [████████████████████████████████████████████░░░░░░]  89.8%
     Best:     Objective 1=  15.26  Objective 2= -44.19
     Mean:     Objective 1= -31.65  Objective 2=-369.52

Gen  450/500 [█████████████████████████████████████████████░░░░░]  90.0%
     Best:     Objective 1=  11.79  Objective 2= -38.16
     Mean:     Objective 1= -32.25  Objective 2=-350.51

Generation 450:	[ 17.11335411 -49.99013963]
Mean fitness:	-197.96 +- 377.74
Mean fitness per obj: ['-31.33 +-38.92', '-364.59 +-477.83']
Gen  451/500 [█████████████████████████████████████████████░░░░░]  90.2%
     Best:     Objective 1=  13.38  Objective 2= -42.40
     Mean:     Objective 1= -31.33  Objective 2=-364.59

Gen  452/500 [█████████████████████████████████████████████░░░░░]  90.4%
     Best:     Objective 1=  13.52  Objective 2= -43.74
     Mean:     Objective 1= -37.63  Objective 2=-353.52

Gen  453/500 [█████████████████████████████████████████████░░░░░]  90.6%
     Best:     Objective 1=  16.82  Objective 2= -40.67
     Mean:     Objective 1= -35.80  Objective 2=-436.93

Gen  454/500 [█████████████████████████████████████████████░░░░░]  90.8%
     Best:     Objective 1=  21.91  Objective 2= -43.01
     Mean:     Objective 1= -32.37  Objective 2=-378.70

Gen  455/500 [█████████████████████████████████████████████░░░░░]  91.0%
     Best:     Objective 1=  16.31  Objective 2= -40.98
     Mean:     Objective 1= -34.75  Objective 2=-379.94

Generation 455:	[ 17.11335411 -49.99013963]
Mean fitness:	-192.02 +- 351.51
Mean fitness per obj: ['-32.88 +-37.35', '-351.15 +-441.67']
Gen  456/500 [█████████████████████████████████████████████░░░░░]  91.2%
     Best:     Objective 1=   3.58  Objective 2= -43.41
     Mean:     Objective 1= -32.88  Objective 2=-351.15

Gen  457/500 [█████████████████████████████████████████████░░░░░]  91.4%
     Best:     Objective 1=   4.99  Objective 2= -43.24
     Mean:     Objective 1= -33.88  Objective 2=-310.59

Gen  458/500 [█████████████████████████████████████████████░░░░░]  91.6%
     Best:     Objective 1=  16.38  Objective 2= -41.96
     Mean:     Objective 1= -35.52  Objective 2=-393.16

Gen  459/500 [█████████████████████████████████████████████░░░░░]  91.8%
     Best:     Objective 1=  14.68  Objective 2= -46.53
     Mean:     Objective 1= -33.43  Objective 2=-372.35

Gen  460/500 [██████████████████████████████████████████████░░░░]  92.0%
     Best:     Objective 1=   4.39  Objective 2= -44.15
     Mean:     Objective 1= -30.76  Objective 2=-330.25

Generation 460:	[ 17.11335411 -49.99013963]
Mean fitness:	-174.02 +- 311.18
Mean fitness per obj: ['-33.68 +-41.94', '-314.36 +-390.54']
Gen  461/500 [██████████████████████████████████████████████░░░░]  92.2%
     Best:     Objective 1=  19.29  Objective 2= -42.93
     Mean:     Objective 1= -33.68  Objective 2=-314.36

Gen  462/500 [██████████████████████████████████████████████░░░░]  92.4%
     Best:     Objective 1=  17.97  Objective 2= -43.21
     Mean:     Objective 1= -31.53  Objective 2=-386.35

Gen  463/500 [██████████████████████████████████████████████░░░░]  92.6%
     Best:     Objective 1=   2.68  Objective 2= -46.35
     Mean:     Objective 1= -38.19  Objective 2=-393.66

Gen  464/500 [██████████████████████████████████████████████░░░░]  92.8%
     Best:     Objective 1=  17.61  Objective 2= -42.39
     Mean:     Objective 1= -33.96  Objective 2=-362.82

Gen  465/500 [██████████████████████████████████████████████░░░░]  93.0%
     Best:     Objective 1=  15.05  Objective 2= -45.12
     Mean:     Objective 1= -32.90  Objective 2=-372.88

Generation 465:	[ 17.11335411 -49.99013963]
Mean fitness:	-219.60 +- 415.20
Mean fitness per obj: ['-30.58 +-36.75', '-408.63 +-521.50']
Gen  466/500 [██████████████████████████████████████████████░░░░]  93.2%
     Best:     Objective 1=   5.85  Objective 2= -45.45
     Mean:     Objective 1= -30.58  Objective 2=-408.63

Gen  467/500 [██████████████████████████████████████████████░░░░]  93.4%
     Best:     Objective 1=   4.84  Objective 2= -45.57
     Mean:     Objective 1= -33.39  Objective 2=-462.93

Gen  468/500 [██████████████████████████████████████████████░░░░]  93.6%
     Best:     Objective 1=  10.11  Objective 2= -40.80
     Mean:     Objective 1= -31.23  Objective 2=-413.11

Gen  469/500 [██████████████████████████████████████████████░░░░]  93.8%
     Best:     Objective 1=  15.43  Objective 2= -46.21
     Mean:     Objective 1= -32.20  Objective 2=-390.23

Gen  470/500 [███████████████████████████████████████████████░░░]  94.0%
     Best:     Objective 1=   1.45  Objective 2= -45.93
     Mean:     Objective 1= -33.31  Objective 2=-336.95

Generation 470:	[ 17.11335411 -49.99013963]
Mean fitness:	-219.88 +- 440.54
Mean fitness per obj: ['-33.09 +-37.09', '-406.67 +-563.02']
Gen  471/500 [███████████████████████████████████████████████░░░]  94.2%
     Best:     Objective 1=   5.09  Objective 2= -44.74
     Mean:     Objective 1= -33.09  Objective 2=-406.67

Gen  472/500 [███████████████████████████████████████████████░░░]  94.4%
     Best:     Objective 1=  19.75  Objective 2= -43.99
     Mean:     Objective 1= -31.45  Objective 2=-376.34

Gen  473/500 [███████████████████████████████████████████████░░░]  94.6%
     Best:     Objective 1=   5.76  Objective 2= -45.08
     Mean:     Objective 1= -31.13  Objective 2=-359.35

Gen  474/500 [███████████████████████████████████████████████░░░]  94.8%
     Best:     Objective 1=  19.87  Objective 2= -43.49
     Mean:     Objective 1= -32.44  Objective 2=-410.71

Gen  475/500 [███████████████████████████████████████████████░░░]  95.0%
     Best:     Objective 1=  22.13  Objective 2= -46.88
     Mean:     Objective 1= -32.44  Objective 2=-388.31

Generation 475:	[ 17.11335411 -49.99013963]
Mean fitness:	-208.90 +- 409.71
Mean fitness per obj: ['-34.09 +-47.24', '-383.72 +-521.90']
Gen  476/500 [███████████████████████████████████████████████░░░]  95.2%
     Best:     Objective 1=  10.60  Objective 2= -42.28
     Mean:     Objective 1= -34.09  Objective 2=-383.72

Gen  477/500 [███████████████████████████████████████████████░░░]  95.4%
     Best:     Objective 1=   9.30  Objective 2= -46.00
     Mean:     Objective 1= -35.81  Objective 2=-404.15

Gen  478/500 [███████████████████████████████████████████████░░░]  95.6%
     Best:     Objective 1=  11.13  Objective 2= -42.06
     Mean:     Objective 1= -31.98  Objective 2=-342.99

Gen  479/500 [███████████████████████████████████████████████░░░]  95.8%
     Best:     Objective 1=  22.05  Objective 2= -42.43
     Mean:     Objective 1= -33.63  Objective 2=-362.74

Gen  480/500 [████████████████████████████████████████████████░░]  96.0%
     Best:     Objective 1=  11.14  Objective 2= -44.13
     Mean:     Objective 1= -32.10  Objective 2=-393.89

Generation 480:	[ 17.11335411 -49.99013963]
Mean fitness:	-214.57 +- 417.49
Mean fitness per obj: ['-37.12 +-43.38', '-392.02 +-532.67']
Gen  481/500 [████████████████████████████████████████████████░░]  96.2%
     Best:     Objective 1=  26.77  Objective 2= -39.52
     Mean:     Objective 1= -37.12  Objective 2=-392.02

Gen  482/500 [████████████████████████████████████████████████░░]  96.4%
     Best:     Objective 1=   4.86  Objective 2= -43.06
     Mean:     Objective 1= -35.21  Objective 2=-369.12

Gen  483/500 [████████████████████████████████████████████████░░]  96.6%
     Best:     Objective 1=   4.81  Objective 2= -38.92
     Mean:     Objective 1= -29.17  Objective 2=-393.40

Gen  484/500 [████████████████████████████████████████████████░░]  96.8%
     Best:     Objective 1=  13.75  Objective 2= -37.53
     Mean:     Objective 1= -29.91  Objective 2=-327.65

Gen  485/500 [████████████████████████████████████████████████░░]  97.0%
     Best:     Objective 1=  17.85  Objective 2= -39.60
     Mean:     Objective 1= -32.27  Objective 2=-327.06

Generation 485:	[ 17.11335411 -49.99013963]
Mean fitness:	-171.16 +- 310.35
Mean fitness per obj: ['-31.14 +-29.39', '-311.17 +-390.60']
Gen  486/500 [████████████████████████████████████████████████░░]  97.2%
     Best:     Objective 1=  18.35  Objective 2= -45.57
     Mean:     Objective 1= -31.14  Objective 2=-311.17

Gen  487/500 [████████████████████████████████████████████████░░]  97.4%
     Best:     Objective 1=   0.57  Objective 2= -43.97
     Mean:     Objective 1= -33.94  Objective 2=-350.72

Gen  488/500 [████████████████████████████████████████████████░░]  97.6%
     Best:     Objective 1=  17.01  Objective 2= -44.14
     Mean:     Objective 1= -35.71  Objective 2=-369.91

Gen  489/500 [████████████████████████████████████████████████░░]  97.8%
     Best:     Objective 1=   3.29  Objective 2= -44.26
     Mean:     Objective 1= -33.44  Objective 2=-374.24

Gen  490/500 [█████████████████████████████████████████████████░]  98.0%
     Best:     Objective 1=  14.99  Objective 2= -44.11
     Mean:     Objective 1= -32.25  Objective 2=-365.24

Generation 490:	[ 17.11335411 -49.99013963]
Mean fitness:	-207.87 +- 422.48
Mean fitness per obj: ['-27.92 +-26.17', '-387.83 +-539.93']
Gen  491/500 [█████████████████████████████████████████████████░]  98.2%
     Best:     Objective 1=  12.62  Objective 2= -42.70
     Mean:     Objective 1= -27.92  Objective 2=-387.83

Gen  492/500 [█████████████████████████████████████████████████░]  98.4%
     Best:     Objective 1=   7.63  Objective 2= -42.56
     Mean:     Objective 1= -31.51  Objective 2=-361.39

Gen  493/500 [█████████████████████████████████████████████████░]  98.6%
     Best:     Objective 1=  16.48  Objective 2= -43.32
     Mean:     Objective 1= -30.26  Objective 2=-340.16

Gen  494/500 [█████████████████████████████████████████████████░]  98.8%
     Best:     Objective 1=   5.29  Objective 2= -43.64
     Mean:     Objective 1= -28.46  Objective 2=-403.68

Gen  495/500 [█████████████████████████████████████████████████░]  99.0%
     Best:     Objective 1=   4.40  Objective 2= -39.38
     Mean:     Objective 1= -31.02  Objective 2=-331.12

Generation 495:	[ 17.11335411 -49.99013963]
Mean fitness:	-186.45 +- 352.60
Mean fitness per obj: ['-31.17 +-24.97', '-341.73 +-446.99']
Gen  496/500 [█████████████████████████████████████████████████░]  99.2%
     Best:     Objective 1=  13.46  Objective 2= -44.44
     Mean:     Objective 1= -31.17  Objective 2=-341.73

Gen  497/500 [█████████████████████████████████████████████████░]  99.4%
     Best:     Objective 1=   9.03  Objective 2= -39.60
     Mean:     Objective 1= -30.53  Objective 2=-375.52

Gen  498/500 [█████████████████████████████████████████████████░]  99.6%
     Best:     Objective 1=  24.12  Objective 2= -44.40
     Mean:     Objective 1= -31.81  Objective 2=-339.31

Gen  499/500 [█████████████████████████████████████████████████░]  99.8%
     Best:     Objective 1=  17.44  Objective 2= -41.56
     Mean:     Objective 1= -35.68  Objective 2=-339.50

Gen  500/500 [██████████████████████████████████████████████████] 100.0%
     Best:     Objective 1=   2.07  Objective 2= -40.02
     Mean:     Objective 1= -30.83  Objective 2=-378.46

Fitness plot saved to: results/20260331_142801_nsga_ckpts/fitness_plot.pdf
Pareto front plot saved to: results/20260331_142801_nsga_ckpts/pareto_fronts.pdf
Loaded genotype from: results/20260331_142801_nsga_ckpts/499/x_best.npy  (shape: (560,))
Controller: NeuralNetworkController  |  Parameters: 560

Evaluating on flat terrain (256 episodes)...
  Flat : mean=-38.09 +/- 47.73  best=16.50  worst=-440.31
Evaluating on ice terrain (256 episodes)...
  Ice  : mean=-476.73 +/- 719.00  best=-48.11  worst=-5646.80
  Video saved to: results/20260331_142801_nsga_ckpts/evaluation_flat.mp4
  Video saved to: results/20260331_142801_nsga_ckpts/evaluation_ice.mp4

Score saved to: results/20260331_142801_nsga_ckpts/evaluation_score.txt

==================================================
  FLAT : -38.09 +/- 47.73  (best: 16.50)
  ICE  : -476.73 +/- 719.00  (best: -48.11)
==================================================
