
######################################################################

Num Generations: 500 | Population Size: 400 | Parents: 50 | Mutation Prob: 0.5 | Crossover Prob: 0.5

######################################################################
Metadata saved to: results/20260331_214024_nsga_ckpts/metadata.txt

======================================================================
                 MULTI-OBJECTIVE EVOLUTION - NSGA-II                  
======================================================================
Population: 400 | Generations: 500 | Parents: 50
Objective 1: Flat Terrain Speed | Objective 2: Ice Terrain Speed
======================================================================

Generation 0:	[ -6.72590306 -68.14328294]
Mean fitness:	-330.32 +- 568.64
Mean fitness per obj: ['-55.63 +-61.72', '-605.00 +-701.41']
Gen    1/500 [░░░░░░░░░░░░░░░░░░░░░░░░░░░░░░░░░░░░░░░░░░░░░░░░░░]   0.2%
     Best:     Objective 1=   7.89  Objective 2= -60.13
     Mean:     Objective 1= -55.63  Objective 2=-605.00

Gen    2/500 [░░░░░░░░░░░░░░░░░░░░░░░░░░░░░░░░░░░░░░░░░░░░░░░░░░]   0.4%
     Best:     Objective 1=  20.00  Objective 2= -56.00
     Mean:     Objective 1= -47.89  Objective 2=-464.86

Gen    3/500 [░░░░░░░░░░░░░░░░░░░░░░░░░░░░░░░░░░░░░░░░░░░░░░░░░░]   0.6%
     Best:     Objective 1=   2.63  Objective 2= -57.98
     Mean:     Objective 1= -46.85  Objective 2=-465.32

Gen    4/500 [░░░░░░░░░░░░░░░░░░░░░░░░░░░░░░░░░░░░░░░░░░░░░░░░░░]   0.8%
     Best:     Objective 1=  -1.40  Objective 2= -60.18
     Mean:     Objective 1= -47.04  Objective 2=-462.19

Gen    5/500 [░░░░░░░░░░░░░░░░░░░░░░░░░░░░░░░░░░░░░░░░░░░░░░░░░░]   1.0%
     Best:     Objective 1=   1.76  Objective 2= -55.82
     Mean:     Objective 1= -48.01  Objective 2=-492.88

Generation 5:	[ -2.06240218 -67.41090057]
Mean fitness:	-274.29 +- 526.40
Mean fitness per obj: ['-44.43 +-55.10', '-504.14 +-667.45']
Gen    6/500 [░░░░░░░░░░░░░░░░░░░░░░░░░░░░░░░░░░░░░░░░░░░░░░░░░░]   1.2%
     Best:     Objective 1=  -4.68  Objective 2= -52.85
     Mean:     Objective 1= -44.43  Objective 2=-504.14

Gen    7/500 [░░░░░░░░░░░░░░░░░░░░░░░░░░░░░░░░░░░░░░░░░░░░░░░░░░]   1.4%
     Best:     Objective 1=  -1.68  Objective 2= -41.29
     Mean:     Objective 1= -48.70  Objective 2=-470.67

Gen    8/500 [░░░░░░░░░░░░░░░░░░░░░░░░░░░░░░░░░░░░░░░░░░░░░░░░░░]   1.6%
     Best:     Objective 1=   1.89  Objective 2= -47.69
     Mean:     Objective 1= -45.18  Objective 2=-409.67

Gen    9/500 [░░░░░░░░░░░░░░░░░░░░░░░░░░░░░░░░░░░░░░░░░░░░░░░░░░]   1.8%
     Best:     Objective 1=  13.40  Objective 2= -48.47
     Mean:     Objective 1= -40.32  Objective 2=-420.28

Gen   10/500 [█░░░░░░░░░░░░░░░░░░░░░░░░░░░░░░░░░░░░░░░░░░░░░░░░░]   2.0%
     Best:     Objective 1=  15.13  Objective 2= -45.52
     Mean:     Objective 1= -37.00  Objective 2=-391.69

Generation 10:	[ -2.06240218 -67.41090057]
Mean fitness:	-251.12 +- 461.56
Mean fitness per obj: ['-43.81 +-51.23', '-458.42 +-580.95']
Gen   11/500 [█░░░░░░░░░░░░░░░░░░░░░░░░░░░░░░░░░░░░░░░░░░░░░░░░░]   2.2%
     Best:     Objective 1=   0.79  Objective 2= -45.84
     Mean:     Objective 1= -43.81  Objective 2=-458.42

Gen   12/500 [█░░░░░░░░░░░░░░░░░░░░░░░░░░░░░░░░░░░░░░░░░░░░░░░░░]   2.4%
     Best:     Objective 1=   0.22  Objective 2= -46.04
     Mean:     Objective 1= -38.05  Objective 2=-406.10

Gen   13/500 [█░░░░░░░░░░░░░░░░░░░░░░░░░░░░░░░░░░░░░░░░░░░░░░░░░]   2.6%
     Best:     Objective 1=  36.50  Objective 2= -43.45
     Mean:     Objective 1= -36.68  Objective 2=-419.07

Gen   14/500 [█░░░░░░░░░░░░░░░░░░░░░░░░░░░░░░░░░░░░░░░░░░░░░░░░░]   2.8%
     Best:     Objective 1=  10.39  Objective 2= -52.73
     Mean:     Objective 1= -39.17  Objective 2=-379.73

Gen   15/500 [█░░░░░░░░░░░░░░░░░░░░░░░░░░░░░░░░░░░░░░░░░░░░░░░░░]   3.0%
     Best:     Objective 1=   6.58  Objective 2= -48.93
     Mean:     Objective 1= -37.30  Objective 2=-353.54

Generation 15:	[ 17.60392465 -56.71275242]
Mean fitness:	-195.52 +- 380.94
Mean fitness per obj: ['-35.69 +-33.97', '-355.35 +-487.84']
Gen   16/500 [█░░░░░░░░░░░░░░░░░░░░░░░░░░░░░░░░░░░░░░░░░░░░░░░░░]   3.2%
     Best:     Objective 1=  20.84  Objective 2= -47.73
     Mean:     Objective 1= -35.69  Objective 2=-355.35

Gen   17/500 [█░░░░░░░░░░░░░░░░░░░░░░░░░░░░░░░░░░░░░░░░░░░░░░░░░]   3.4%
     Best:     Objective 1=   0.08  Objective 2= -46.07
     Mean:     Objective 1= -37.06  Objective 2=-353.39

Gen   18/500 [█░░░░░░░░░░░░░░░░░░░░░░░░░░░░░░░░░░░░░░░░░░░░░░░░░]   3.6%
     Best:     Objective 1=   3.91  Objective 2= -45.03
     Mean:     Objective 1= -36.42  Objective 2=-357.77

Gen   19/500 [█░░░░░░░░░░░░░░░░░░░░░░░░░░░░░░░░░░░░░░░░░░░░░░░░░]   3.8%
     Best:     Objective 1=  18.27  Objective 2= -43.29
     Mean:     Objective 1= -34.16  Objective 2=-337.45

Gen   20/500 [██░░░░░░░░░░░░░░░░░░░░░░░░░░░░░░░░░░░░░░░░░░░░░░░░]   4.0%
     Best:     Objective 1=  38.91  Objective 2= -43.37
     Mean:     Objective 1= -32.96  Objective 2=-354.21

Generation 20:	[ 17.60392465 -56.71275242]
Mean fitness:	-174.12 +- 331.22
Mean fitness per obj: ['-31.64 +-28.85', '-316.59 +-421.88']
Gen   21/500 [██░░░░░░░░░░░░░░░░░░░░░░░░░░░░░░░░░░░░░░░░░░░░░░░░]   4.2%
     Best:     Objective 1=  11.98  Objective 2= -43.94
     Mean:     Objective 1= -31.64  Objective 2=-316.59

Gen   22/500 [██░░░░░░░░░░░░░░░░░░░░░░░░░░░░░░░░░░░░░░░░░░░░░░░░]   4.4%
     Best:     Objective 1=   4.81  Objective 2= -47.32
     Mean:     Objective 1= -30.93  Objective 2=-348.17

Gen   23/500 [██░░░░░░░░░░░░░░░░░░░░░░░░░░░░░░░░░░░░░░░░░░░░░░░░]   4.6%
     Best:     Objective 1=   8.43  Objective 2= -44.85
     Mean:     Objective 1= -29.96  Objective 2=-327.97

Gen   24/500 [██░░░░░░░░░░░░░░░░░░░░░░░░░░░░░░░░░░░░░░░░░░░░░░░░]   4.8%
     Best:     Objective 1=  11.48  Objective 2= -47.13
     Mean:     Objective 1= -30.02  Objective 2=-322.21

Gen   25/500 [██░░░░░░░░░░░░░░░░░░░░░░░░░░░░░░░░░░░░░░░░░░░░░░░░]   5.0%
     Best:     Objective 1=  10.24  Objective 2= -43.02
     Mean:     Objective 1= -32.12  Objective 2=-298.90

Generation 25:	[ 17.60392465 -56.71275242]
Mean fitness:	-174.62 +- 347.74
Mean fitness per obj: ['-29.29 +-27.50', '-319.94 +-445.93']
Gen   26/500 [██░░░░░░░░░░░░░░░░░░░░░░░░░░░░░░░░░░░░░░░░░░░░░░░░]   5.2%
     Best:     Objective 1=  12.99  Objective 2= -43.22
     Mean:     Objective 1= -29.29  Objective 2=-319.94

Gen   27/500 [██░░░░░░░░░░░░░░░░░░░░░░░░░░░░░░░░░░░░░░░░░░░░░░░░]   5.4%
     Best:     Objective 1=  11.23  Objective 2= -44.25
     Mean:     Objective 1= -29.82  Objective 2=-337.08

Gen   28/500 [██░░░░░░░░░░░░░░░░░░░░░░░░░░░░░░░░░░░░░░░░░░░░░░░░]   5.6%
     Best:     Objective 1=  -1.71  Objective 2= -44.84
     Mean:     Objective 1= -34.64  Objective 2=-348.88

Gen   29/500 [██░░░░░░░░░░░░░░░░░░░░░░░░░░░░░░░░░░░░░░░░░░░░░░░░]   5.8%
     Best:     Objective 1=  20.51  Objective 2= -39.89
     Mean:     Objective 1= -32.49  Objective 2=-346.09

Gen   30/500 [███░░░░░░░░░░░░░░░░░░░░░░░░░░░░░░░░░░░░░░░░░░░░░░░]   6.0%
     Best:     Objective 1=  12.77  Objective 2= -40.81
     Mean:     Objective 1= -31.03  Objective 2=-359.53

Generation 30:	[ 17.60392465 -56.71275242]
Mean fitness:	-185.79 +- 357.90
Mean fitness per obj: ['-29.75 +-30.91', '-341.83 +-454.45']
Gen   31/500 [███░░░░░░░░░░░░░░░░░░░░░░░░░░░░░░░░░░░░░░░░░░░░░░░]   6.2%
     Best:     Objective 1=   2.52  Objective 2= -41.93
     Mean:     Objective 1= -29.75  Objective 2=-341.83

Gen   32/500 [███░░░░░░░░░░░░░░░░░░░░░░░░░░░░░░░░░░░░░░░░░░░░░░░]   6.4%
     Best:     Objective 1=   2.20  Objective 2= -47.23
     Mean:     Objective 1= -27.98  Objective 2=-301.36

Gen   33/500 [███░░░░░░░░░░░░░░░░░░░░░░░░░░░░░░░░░░░░░░░░░░░░░░░]   6.6%
     Best:     Objective 1=  10.43  Objective 2= -39.84
     Mean:     Objective 1= -31.60  Objective 2=-321.69

Gen   34/500 [███░░░░░░░░░░░░░░░░░░░░░░░░░░░░░░░░░░░░░░░░░░░░░░░]   6.8%
     Best:     Objective 1=   9.03  Objective 2= -39.92
     Mean:     Objective 1= -31.47  Objective 2=-310.03

Gen   35/500 [███░░░░░░░░░░░░░░░░░░░░░░░░░░░░░░░░░░░░░░░░░░░░░░░]   7.0%
     Best:     Objective 1=  23.28  Objective 2= -39.31
     Mean:     Objective 1= -31.30  Objective 2=-328.96

Generation 35:	[ 17.60392465 -56.71275242]
Mean fitness:	-176.69 +- 324.02
Mean fitness per obj: ['-30.07 +-32.73', '-323.31 +-407.32']
Gen   36/500 [███░░░░░░░░░░░░░░░░░░░░░░░░░░░░░░░░░░░░░░░░░░░░░░░]   7.2%
     Best:     Objective 1=  19.40  Objective 2= -40.74
     Mean:     Objective 1= -30.07  Objective 2=-323.31

Gen   37/500 [███░░░░░░░░░░░░░░░░░░░░░░░░░░░░░░░░░░░░░░░░░░░░░░░]   7.4%
     Best:     Objective 1=  27.83  Objective 2= -38.40
     Mean:     Objective 1= -31.22  Objective 2=-339.49

Gen   38/500 [███░░░░░░░░░░░░░░░░░░░░░░░░░░░░░░░░░░░░░░░░░░░░░░░]   7.6%
     Best:     Objective 1=  23.25  Objective 2= -39.78
     Mean:     Objective 1= -31.25  Objective 2=-340.64

Gen   39/500 [███░░░░░░░░░░░░░░░░░░░░░░░░░░░░░░░░░░░░░░░░░░░░░░░]   7.8%
     Best:     Objective 1=  23.83  Objective 2= -35.52
     Mean:     Objective 1= -30.90  Objective 2=-326.94

Gen   40/500 [████░░░░░░░░░░░░░░░░░░░░░░░░░░░░░░░░░░░░░░░░░░░░░░]   8.0%
     Best:     Objective 1=  23.36  Objective 2= -42.91
     Mean:     Objective 1= -28.11  Objective 2=-326.78

Generation 40:	[ 17.60392465 -56.71275242]
Mean fitness:	-191.93 +- 371.13
Mean fitness per obj: ['-30.18 +-41.12', '-353.69 +-470.59']
Gen   41/500 [████░░░░░░░░░░░░░░░░░░░░░░░░░░░░░░░░░░░░░░░░░░░░░░]   8.2%
     Best:     Objective 1=  10.15  Objective 2= -37.92
     Mean:     Objective 1= -30.18  Objective 2=-353.69

Gen   42/500 [████░░░░░░░░░░░░░░░░░░░░░░░░░░░░░░░░░░░░░░░░░░░░░░]   8.4%
     Best:     Objective 1=  30.00  Objective 2= -39.50
     Mean:     Objective 1= -29.63  Objective 2=-322.84

Gen   43/500 [████░░░░░░░░░░░░░░░░░░░░░░░░░░░░░░░░░░░░░░░░░░░░░░]   8.6%
     Best:     Objective 1=  16.50  Objective 2= -43.28
     Mean:     Objective 1= -31.49  Objective 2=-331.02

Gen   44/500 [████░░░░░░░░░░░░░░░░░░░░░░░░░░░░░░░░░░░░░░░░░░░░░░]   8.8%
     Best:     Objective 1=  21.70  Objective 2= -40.46
     Mean:     Objective 1= -30.04  Objective 2=-336.54

Gen   45/500 [████░░░░░░░░░░░░░░░░░░░░░░░░░░░░░░░░░░░░░░░░░░░░░░]   9.0%
     Best:     Objective 1=  20.39  Objective 2= -43.59
     Mean:     Objective 1= -27.47  Objective 2=-331.64

Generation 45:	[ 17.60392465 -56.71275242]
Mean fitness:	-197.47 +- 368.66
Mean fitness per obj: ['-33.18 +-43.06', '-361.76 +-464.74']
Gen   46/500 [████░░░░░░░░░░░░░░░░░░░░░░░░░░░░░░░░░░░░░░░░░░░░░░]   9.2%
     Best:     Objective 1=  30.66  Objective 2= -39.70
     Mean:     Objective 1= -33.18  Objective 2=-361.76

Gen   47/500 [████░░░░░░░░░░░░░░░░░░░░░░░░░░░░░░░░░░░░░░░░░░░░░░]   9.4%
     Best:     Objective 1=  12.02  Objective 2= -44.16
     Mean:     Objective 1= -32.58  Objective 2=-334.59

Gen   48/500 [████░░░░░░░░░░░░░░░░░░░░░░░░░░░░░░░░░░░░░░░░░░░░░░]   9.6%
     Best:     Objective 1=  20.19  Objective 2= -40.44
     Mean:     Objective 1= -33.69  Objective 2=-335.75

Gen   49/500 [████░░░░░░░░░░░░░░░░░░░░░░░░░░░░░░░░░░░░░░░░░░░░░░]   9.8%
     Best:     Objective 1=  17.27  Objective 2= -38.66
     Mean:     Objective 1= -32.16  Objective 2=-335.27

Gen   50/500 [█████░░░░░░░░░░░░░░░░░░░░░░░░░░░░░░░░░░░░░░░░░░░░░]  10.0%
     Best:     Objective 1=  19.05  Objective 2= -41.48
     Mean:     Objective 1= -29.70  Objective 2=-321.78

Generation 50:	[ 17.60392465 -56.71275242]
Mean fitness:	-183.01 +- 347.31
Mean fitness per obj: ['-30.63 +-38.05', '-335.39 +-439.73']
Gen   51/500 [█████░░░░░░░░░░░░░░░░░░░░░░░░░░░░░░░░░░░░░░░░░░░░░]  10.2%
     Best:     Objective 1=   7.41  Objective 2= -38.31
     Mean:     Objective 1= -30.63  Objective 2=-335.39

Gen   52/500 [█████░░░░░░░░░░░░░░░░░░░░░░░░░░░░░░░░░░░░░░░░░░░░░]  10.4%
     Best:     Objective 1=  16.86  Objective 2= -40.26
     Mean:     Objective 1= -33.22  Objective 2=-369.77

Gen   53/500 [█████░░░░░░░░░░░░░░░░░░░░░░░░░░░░░░░░░░░░░░░░░░░░░]  10.6%
     Best:     Objective 1=  23.04  Objective 2= -45.20
     Mean:     Objective 1= -32.06  Objective 2=-304.35

Gen   54/500 [█████░░░░░░░░░░░░░░░░░░░░░░░░░░░░░░░░░░░░░░░░░░░░░]  10.8%
     Best:     Objective 1=  18.00  Objective 2= -40.40
     Mean:     Objective 1= -32.15  Objective 2=-360.35

Gen   55/500 [█████░░░░░░░░░░░░░░░░░░░░░░░░░░░░░░░░░░░░░░░░░░░░░]  11.0%
     Best:     Objective 1=   7.86  Objective 2= -35.93
     Mean:     Objective 1= -31.01  Objective 2=-357.98

Generation 55:	[ 17.60392465 -56.71275242]
Mean fitness:	-188.05 +- 384.96
Mean fitness per obj: ['-27.55 +-41.01', '-348.54 +-493.13']
Gen   56/500 [█████░░░░░░░░░░░░░░░░░░░░░░░░░░░░░░░░░░░░░░░░░░░░░]  11.2%
     Best:     Objective 1=  35.50  Objective 2= -41.35
     Mean:     Objective 1= -27.55  Objective 2=-348.54

Gen   57/500 [█████░░░░░░░░░░░░░░░░░░░░░░░░░░░░░░░░░░░░░░░░░░░░░]  11.4%
     Best:     Objective 1=  40.55  Objective 2= -38.33
     Mean:     Objective 1= -26.09  Objective 2=-365.78

Gen   58/500 [█████░░░░░░░░░░░░░░░░░░░░░░░░░░░░░░░░░░░░░░░░░░░░░]  11.6%
     Best:     Objective 1=  13.76  Objective 2= -40.11
     Mean:     Objective 1= -28.48  Objective 2=-314.81

Gen   59/500 [█████░░░░░░░░░░░░░░░░░░░░░░░░░░░░░░░░░░░░░░░░░░░░░]  11.8%
     Best:     Objective 1=  17.60  Objective 2= -39.41
     Mean:     Objective 1= -37.54  Objective 2=-317.69

Gen   60/500 [██████░░░░░░░░░░░░░░░░░░░░░░░░░░░░░░░░░░░░░░░░░░░░]  12.0%
     Best:     Objective 1=  20.19  Objective 2= -41.38
     Mean:     Objective 1= -28.09  Objective 2=-337.46

Generation 60:	[ 17.60392465 -56.71275242]
Mean fitness:	-196.61 +- 373.61
Mean fitness per obj: ['-28.71 +-33.86', '-364.52 +-470.79']
Gen   61/500 [██████░░░░░░░░░░░░░░░░░░░░░░░░░░░░░░░░░░░░░░░░░░░░]  12.2%
     Best:     Objective 1=  26.92  Objective 2= -41.19
     Mean:     Objective 1= -28.71  Objective 2=-364.52

Gen   62/500 [██████░░░░░░░░░░░░░░░░░░░░░░░░░░░░░░░░░░░░░░░░░░░░]  12.4%
     Best:     Objective 1=   5.53  Objective 2= -38.12
     Mean:     Objective 1= -34.24  Objective 2=-324.97

Gen   63/500 [██████░░░░░░░░░░░░░░░░░░░░░░░░░░░░░░░░░░░░░░░░░░░░]  12.6%
     Best:     Objective 1=  26.09  Objective 2= -40.97
     Mean:     Objective 1= -31.56  Objective 2=-373.18

Gen   64/500 [██████░░░░░░░░░░░░░░░░░░░░░░░░░░░░░░░░░░░░░░░░░░░░]  12.8%
     Best:     Objective 1=  29.99  Objective 2= -37.05
     Mean:     Objective 1= -30.28  Objective 2=-379.90

Gen   65/500 [██████░░░░░░░░░░░░░░░░░░░░░░░░░░░░░░░░░░░░░░░░░░░░]  13.0%
     Best:     Objective 1=  13.76  Objective 2= -45.51
     Mean:     Objective 1= -35.70  Objective 2=-355.26

Generation 65:	[ 19.70578089 -43.36250099]
Mean fitness:	-199.31 +- 364.28
Mean fitness per obj: ['-30.78 +-39.63', '-367.83 +-455.00']
Gen   66/500 [██████░░░░░░░░░░░░░░░░░░░░░░░░░░░░░░░░░░░░░░░░░░░░]  13.2%
     Best:     Objective 1=  19.13  Objective 2= -42.32
     Mean:     Objective 1= -30.78  Objective 2=-367.83

Gen   67/500 [██████░░░░░░░░░░░░░░░░░░░░░░░░░░░░░░░░░░░░░░░░░░░░]  13.4%
     Best:     Objective 1=  22.09  Objective 2= -40.18
     Mean:     Objective 1= -31.59  Objective 2=-353.51

Gen   68/500 [██████░░░░░░░░░░░░░░░░░░░░░░░░░░░░░░░░░░░░░░░░░░░░]  13.6%
     Best:     Objective 1=  24.86  Objective 2= -39.16
     Mean:     Objective 1= -31.72  Objective 2=-375.11

Gen   69/500 [██████░░░░░░░░░░░░░░░░░░░░░░░░░░░░░░░░░░░░░░░░░░░░]  13.8%
     Best:     Objective 1=  23.70  Objective 2= -39.85
     Mean:     Objective 1= -30.20  Objective 2=-379.93

Gen   70/500 [███████░░░░░░░░░░░░░░░░░░░░░░░░░░░░░░░░░░░░░░░░░░░]  14.0%
     Best:     Objective 1=  40.50  Objective 2= -37.60
     Mean:     Objective 1= -30.58  Objective 2=-362.20

Generation 70:	[ 19.70578089 -43.36250099]
Mean fitness:	-204.17 +- 392.72
Mean fitness per obj: ['-32.83 +-40.71', '-375.51 +-498.07']
Gen   71/500 [███████░░░░░░░░░░░░░░░░░░░░░░░░░░░░░░░░░░░░░░░░░░░]  14.2%
     Best:     Objective 1=  19.26  Objective 2= -39.59
     Mean:     Objective 1= -32.83  Objective 2=-375.51

Gen   72/500 [███████░░░░░░░░░░░░░░░░░░░░░░░░░░░░░░░░░░░░░░░░░░░]  14.4%
     Best:     Objective 1=  37.45  Objective 2= -40.51
     Mean:     Objective 1= -28.42  Objective 2=-367.86

Gen   73/500 [███████░░░░░░░░░░░░░░░░░░░░░░░░░░░░░░░░░░░░░░░░░░░]  14.6%
     Best:     Objective 1=  21.24  Objective 2= -41.82
     Mean:     Objective 1= -31.01  Objective 2=-360.42

Gen   74/500 [███████░░░░░░░░░░░░░░░░░░░░░░░░░░░░░░░░░░░░░░░░░░░]  14.8%
     Best:     Objective 1=  26.43  Objective 2= -38.27
     Mean:     Objective 1= -31.21  Objective 2=-372.79

Gen   75/500 [███████░░░░░░░░░░░░░░░░░░░░░░░░░░░░░░░░░░░░░░░░░░░]  15.0%
     Best:     Objective 1=  12.38  Objective 2= -41.50
     Mean:     Objective 1= -30.72  Objective 2=-353.82

Generation 75:	[ 19.70578089 -43.36250099]
Mean fitness:	-200.38 +- 372.92
Mean fitness per obj: ['-35.05 +-49.18', '-365.71 +-470.15']
Gen   76/500 [███████░░░░░░░░░░░░░░░░░░░░░░░░░░░░░░░░░░░░░░░░░░░]  15.2%
     Best:     Objective 1=   6.19  Objective 2= -39.53
     Mean:     Objective 1= -35.05  Objective 2=-365.71

Gen   77/500 [███████░░░░░░░░░░░░░░░░░░░░░░░░░░░░░░░░░░░░░░░░░░░]  15.4%
     Best:     Objective 1=   5.88  Objective 2= -36.32
     Mean:     Objective 1= -32.37  Objective 2=-388.04

Gen   78/500 [███████░░░░░░░░░░░░░░░░░░░░░░░░░░░░░░░░░░░░░░░░░░░]  15.6%
     Best:     Objective 1=  17.66  Objective 2= -38.64
     Mean:     Objective 1= -33.14  Objective 2=-364.04

Gen   79/500 [███████░░░░░░░░░░░░░░░░░░░░░░░░░░░░░░░░░░░░░░░░░░░]  15.8%
     Best:     Objective 1=  26.64  Objective 2= -38.56
     Mean:     Objective 1= -33.59  Objective 2=-378.23

Gen   80/500 [████████░░░░░░░░░░░░░░░░░░░░░░░░░░░░░░░░░░░░░░░░░░]  16.0%
     Best:     Objective 1=   9.51  Objective 2= -37.77
     Mean:     Objective 1= -34.16  Objective 2=-386.46

Generation 80:	[ 19.70578089 -43.36250099]
Mean fitness:	-190.47 +- 367.70
Mean fitness per obj: ['-26.97 +-27.41', '-353.97 +-464.96']
Gen   81/500 [████████░░░░░░░░░░░░░░░░░░░░░░░░░░░░░░░░░░░░░░░░░░]  16.2%
     Best:     Objective 1=  14.89  Objective 2= -38.16
     Mean:     Objective 1= -26.97  Objective 2=-353.97

Gen   82/500 [████████░░░░░░░░░░░░░░░░░░░░░░░░░░░░░░░░░░░░░░░░░░]  16.4%
     Best:     Objective 1=  22.62  Objective 2= -34.38
     Mean:     Objective 1= -32.50  Objective 2=-401.74

Gen   83/500 [████████░░░░░░░░░░░░░░░░░░░░░░░░░░░░░░░░░░░░░░░░░░]  16.6%
     Best:     Objective 1=  30.88  Objective 2= -39.63
     Mean:     Objective 1= -30.82  Objective 2=-360.40

Gen   84/500 [████████░░░░░░░░░░░░░░░░░░░░░░░░░░░░░░░░░░░░░░░░░░]  16.8%
     Best:     Objective 1=   9.71  Objective 2= -38.73
     Mean:     Objective 1= -31.18  Objective 2=-361.89

Gen   85/500 [████████░░░░░░░░░░░░░░░░░░░░░░░░░░░░░░░░░░░░░░░░░░]  17.0%
     Best:     Objective 1=  47.23  Objective 2= -38.41
     Mean:     Objective 1= -34.09  Objective 2=-401.30

Generation 85:	[ 19.70578089 -43.36250099]
Mean fitness:	-210.16 +- 383.29
Mean fitness per obj: ['-29.84 +-33.49', '-390.48 +-477.14']
Gen   86/500 [████████░░░░░░░░░░░░░░░░░░░░░░░░░░░░░░░░░░░░░░░░░░]  17.2%
     Best:     Objective 1=  38.46  Objective 2= -37.53
     Mean:     Objective 1= -29.84  Objective 2=-390.48

Gen   87/500 [████████░░░░░░░░░░░░░░░░░░░░░░░░░░░░░░░░░░░░░░░░░░]  17.4%
     Best:     Objective 1=  19.99  Objective 2= -37.76
     Mean:     Objective 1= -31.28  Objective 2=-373.25

Gen   88/500 [████████░░░░░░░░░░░░░░░░░░░░░░░░░░░░░░░░░░░░░░░░░░]  17.6%
     Best:     Objective 1=  27.02  Objective 2= -36.78
     Mean:     Objective 1= -30.34  Objective 2=-350.44

Gen   89/500 [████████░░░░░░░░░░░░░░░░░░░░░░░░░░░░░░░░░░░░░░░░░░]  17.8%
     Best:     Objective 1=  45.33  Objective 2= -35.47
     Mean:     Objective 1= -29.71  Objective 2=-354.89

Gen   90/500 [█████████░░░░░░░░░░░░░░░░░░░░░░░░░░░░░░░░░░░░░░░░░]  18.0%
     Best:     Objective 1=  18.12  Objective 2= -37.45
     Mean:     Objective 1= -27.65  Objective 2=-320.58

Generation 90:	[ 19.70578089 -43.36250099]
Mean fitness:	-204.31 +- 430.46
Mean fitness per obj: ['-26.54 +-37.40', '-382.08 +-553.16']
Gen   91/500 [█████████░░░░░░░░░░░░░░░░░░░░░░░░░░░░░░░░░░░░░░░░░]  18.2%
     Best:     Objective 1=  19.24  Objective 2= -37.72
     Mean:     Objective 1= -26.54  Objective 2=-382.08

Gen   92/500 [█████████░░░░░░░░░░░░░░░░░░░░░░░░░░░░░░░░░░░░░░░░░]  18.4%
     Best:     Objective 1=  19.31  Objective 2= -33.93
     Mean:     Objective 1= -30.80  Objective 2=-399.33

Gen   93/500 [█████████░░░░░░░░░░░░░░░░░░░░░░░░░░░░░░░░░░░░░░░░░]  18.6%
     Best:     Objective 1=  12.52  Objective 2= -36.70
     Mean:     Objective 1= -24.78  Objective 2=-452.31

Gen   94/500 [█████████░░░░░░░░░░░░░░░░░░░░░░░░░░░░░░░░░░░░░░░░░]  18.8%
     Best:     Objective 1=  13.22  Objective 2= -34.09
     Mean:     Objective 1= -27.00  Objective 2=-359.91

Gen   95/500 [█████████░░░░░░░░░░░░░░░░░░░░░░░░░░░░░░░░░░░░░░░░░]  19.0%
     Best:     Objective 1=  15.33  Objective 2= -33.98
     Mean:     Objective 1= -28.59  Objective 2=-376.13

Generation 95:	[ 19.70578089 -43.36250099]
Mean fitness:	-202.06 +- 400.15
Mean fitness per obj: ['-29.62 +-51.81', '-374.50 +-508.03']
Gen   96/500 [█████████░░░░░░░░░░░░░░░░░░░░░░░░░░░░░░░░░░░░░░░░░]  19.2%
     Best:     Objective 1=  15.82  Objective 2= -37.36
     Mean:     Objective 1= -29.62  Objective 2=-374.50

Gen   97/500 [█████████░░░░░░░░░░░░░░░░░░░░░░░░░░░░░░░░░░░░░░░░░]  19.4%
     Best:     Objective 1=  20.20  Objective 2= -36.80
     Mean:     Objective 1= -26.16  Objective 2=-382.87

Gen   98/500 [█████████░░░░░░░░░░░░░░░░░░░░░░░░░░░░░░░░░░░░░░░░░]  19.6%
     Best:     Objective 1=  13.52  Objective 2= -34.21
     Mean:     Objective 1= -27.49  Objective 2=-355.44

Gen   99/500 [█████████░░░░░░░░░░░░░░░░░░░░░░░░░░░░░░░░░░░░░░░░░]  19.8%
     Best:     Objective 1=  18.95  Objective 2= -36.65
     Mean:     Objective 1= -26.36  Objective 2=-367.07

Gen  100/500 [██████████░░░░░░░░░░░░░░░░░░░░░░░░░░░░░░░░░░░░░░░░]  20.0%
     Best:     Objective 1=  25.22  Objective 2= -29.25
     Mean:     Objective 1= -24.82  Objective 2=-363.33

Generation 100:	[ 19.70578089 -43.36250099]
Mean fitness:	-204.10 +- 399.74
Mean fitness per obj: ['-27.72 +-45.39', '-380.48 +-505.28']
Gen  101/500 [██████████░░░░░░░░░░░░░░░░░░░░░░░░░░░░░░░░░░░░░░░░]  20.2%
     Best:     Objective 1=  50.73  Objective 2= -33.60
     Mean:     Objective 1= -27.72  Objective 2=-380.48

Gen  102/500 [██████████░░░░░░░░░░░░░░░░░░░░░░░░░░░░░░░░░░░░░░░░]  20.4%
     Best:     Objective 1=  23.25  Objective 2= -36.60
     Mean:     Objective 1= -25.81  Objective 2=-342.74

Gen  103/500 [██████████░░░░░░░░░░░░░░░░░░░░░░░░░░░░░░░░░░░░░░░░]  20.6%
     Best:     Objective 1=  42.01  Objective 2= -34.71
     Mean:     Objective 1= -28.35  Objective 2=-391.43

Gen  104/500 [██████████░░░░░░░░░░░░░░░░░░░░░░░░░░░░░░░░░░░░░░░░]  20.8%
     Best:     Objective 1=  18.60  Objective 2= -37.35
     Mean:     Objective 1= -28.28  Objective 2=-381.86

Gen  105/500 [██████████░░░░░░░░░░░░░░░░░░░░░░░░░░░░░░░░░░░░░░░░]  21.0%
     Best:     Objective 1=  24.29  Objective 2= -34.00
     Mean:     Objective 1= -27.32  Objective 2=-351.75

Generation 105:	[ 19.70578089 -43.36250099]
Mean fitness:	-200.07 +- 392.83
Mean fitness per obj: ['-27.63 +-38.97', '-372.51 +-497.63']
Gen  106/500 [██████████░░░░░░░░░░░░░░░░░░░░░░░░░░░░░░░░░░░░░░░░]  21.2%
     Best:     Objective 1=  21.56  Objective 2= -39.34
     Mean:     Objective 1= -27.63  Objective 2=-372.51

Gen  107/500 [██████████░░░░░░░░░░░░░░░░░░░░░░░░░░░░░░░░░░░░░░░░]  21.4%
     Best:     Objective 1=  25.38  Objective 2= -35.87
     Mean:     Objective 1= -29.72  Objective 2=-370.58

Gen  108/500 [██████████░░░░░░░░░░░░░░░░░░░░░░░░░░░░░░░░░░░░░░░░]  21.6%
     Best:     Objective 1=  23.44  Objective 2= -38.17
     Mean:     Objective 1= -29.28  Objective 2=-306.83

Gen  109/500 [██████████░░░░░░░░░░░░░░░░░░░░░░░░░░░░░░░░░░░░░░░░]  21.8%
     Best:     Objective 1=  12.79  Objective 2= -36.60
     Mean:     Objective 1= -25.74  Objective 2=-372.62

Gen  110/500 [███████████░░░░░░░░░░░░░░░░░░░░░░░░░░░░░░░░░░░░░░░]  22.0%
     Best:     Objective 1=  17.36  Objective 2= -39.02
     Mean:     Objective 1= -28.23  Objective 2=-352.14

Generation 110:	[ 19.70578089 -43.36250099]
Mean fitness:	-209.43 +- 413.30
Mean fitness per obj: ['-25.09 +-33.81', '-393.78 +-522.05']
Gen  111/500 [███████████░░░░░░░░░░░░░░░░░░░░░░░░░░░░░░░░░░░░░░░]  22.2%
     Best:     Objective 1=  16.57  Objective 2= -37.88
     Mean:     Objective 1= -25.09  Objective 2=-393.78

Gen  112/500 [███████████░░░░░░░░░░░░░░░░░░░░░░░░░░░░░░░░░░░░░░░]  22.4%
     Best:     Objective 1=  33.15  Objective 2= -32.80
     Mean:     Objective 1= -28.78  Objective 2=-336.33

Gen  113/500 [███████████░░░░░░░░░░░░░░░░░░░░░░░░░░░░░░░░░░░░░░░]  22.6%
     Best:     Objective 1=  27.38  Objective 2= -39.02
     Mean:     Objective 1= -25.33  Objective 2=-383.41

Gen  114/500 [███████████░░░░░░░░░░░░░░░░░░░░░░░░░░░░░░░░░░░░░░░]  22.8%
     Best:     Objective 1=  11.80  Objective 2= -38.38
     Mean:     Objective 1= -28.66  Objective 2=-363.60

Gen  115/500 [███████████░░░░░░░░░░░░░░░░░░░░░░░░░░░░░░░░░░░░░░░]  23.0%
     Best:     Objective 1=  18.17  Objective 2= -36.71
     Mean:     Objective 1= -27.51  Objective 2=-390.02

Generation 115:	[ 19.70578089 -43.36250099]
Mean fitness:	-215.72 +- 421.23
Mean fitness per obj: ['-30.84 +-50.33', '-400.59 +-532.91']
Gen  116/500 [███████████░░░░░░░░░░░░░░░░░░░░░░░░░░░░░░░░░░░░░░░]  23.2%
     Best:     Objective 1=  25.61  Objective 2= -35.54
     Mean:     Objective 1= -30.84  Objective 2=-400.59

Gen  117/500 [███████████░░░░░░░░░░░░░░░░░░░░░░░░░░░░░░░░░░░░░░░]  23.4%
     Best:     Objective 1=  35.91  Objective 2= -34.16
     Mean:     Objective 1= -26.30  Objective 2=-347.63

Gen  118/500 [███████████░░░░░░░░░░░░░░░░░░░░░░░░░░░░░░░░░░░░░░░]  23.6%
     Best:     Objective 1=  27.13  Objective 2= -37.04
     Mean:     Objective 1= -25.79  Objective 2=-432.54

Gen  119/500 [███████████░░░░░░░░░░░░░░░░░░░░░░░░░░░░░░░░░░░░░░░]  23.8%
     Best:     Objective 1=  58.73  Objective 2= -33.03
     Mean:     Objective 1= -25.95  Objective 2=-368.15

Gen  120/500 [████████████░░░░░░░░░░░░░░░░░░░░░░░░░░░░░░░░░░░░░░]  24.0%
     Best:     Objective 1=  16.15  Objective 2= -34.39
     Mean:     Objective 1= -28.47  Objective 2=-393.91

Generation 120:	[ 19.70578089 -43.36250099]
Mean fitness:	-175.56 +- 345.18
Mean fitness per obj: ['-25.93 +-42.92', '-325.18 +-437.81']
Gen  121/500 [████████████░░░░░░░░░░░░░░░░░░░░░░░░░░░░░░░░░░░░░░]  24.2%
     Best:     Objective 1=  18.70  Objective 2= -35.66
     Mean:     Objective 1= -25.93  Objective 2=-325.18

Gen  122/500 [████████████░░░░░░░░░░░░░░░░░░░░░░░░░░░░░░░░░░░░░░]  24.4%
     Best:     Objective 1=  15.00  Objective 2= -38.55
     Mean:     Objective 1= -27.23  Objective 2=-396.31

Gen  123/500 [████████████░░░░░░░░░░░░░░░░░░░░░░░░░░░░░░░░░░░░░░]  24.6%
     Best:     Objective 1=  22.11  Objective 2= -38.77
     Mean:     Objective 1= -29.08  Objective 2=-361.40

Gen  124/500 [████████████░░░░░░░░░░░░░░░░░░░░░░░░░░░░░░░░░░░░░░]  24.8%
     Best:     Objective 1=  54.93  Objective 2= -34.60
     Mean:     Objective 1= -22.75  Objective 2=-389.74

Gen  125/500 [████████████░░░░░░░░░░░░░░░░░░░░░░░░░░░░░░░░░░░░░░]  25.0%
     Best:     Objective 1=  41.78  Objective 2= -36.25
     Mean:     Objective 1= -26.89  Objective 2=-410.13

Generation 125:	[ 19.70578089 -43.36250099]
Mean fitness:	-200.68 +- 390.81
Mean fitness per obj: ['-28.01 +-44.76', '-373.35 +-493.80']
Gen  126/500 [████████████░░░░░░░░░░░░░░░░░░░░░░░░░░░░░░░░░░░░░░]  25.2%
     Best:     Objective 1=  17.25  Objective 2= -37.31
     Mean:     Objective 1= -28.01  Objective 2=-373.35

Gen  127/500 [████████████░░░░░░░░░░░░░░░░░░░░░░░░░░░░░░░░░░░░░░]  25.4%
     Best:     Objective 1=  26.01  Objective 2= -39.20
     Mean:     Objective 1= -27.14  Objective 2=-408.19

Gen  128/500 [████████████░░░░░░░░░░░░░░░░░░░░░░░░░░░░░░░░░░░░░░]  25.6%
     Best:     Objective 1=  30.90  Objective 2= -38.62
     Mean:     Objective 1= -27.80  Objective 2=-380.27

Gen  129/500 [████████████░░░░░░░░░░░░░░░░░░░░░░░░░░░░░░░░░░░░░░]  25.8%
     Best:     Objective 1=  14.89  Objective 2= -38.85
     Mean:     Objective 1= -24.83  Objective 2=-359.31

Gen  130/500 [█████████████░░░░░░░░░░░░░░░░░░░░░░░░░░░░░░░░░░░░░]  26.0%
     Best:     Objective 1=  18.59  Objective 2= -35.86
     Mean:     Objective 1= -24.31  Objective 2=-399.47

Generation 130:	[ 19.70578089 -43.36250099]
Mean fitness:	-202.53 +- 394.70
Mean fitness per obj: ['-22.73 +-33.53', '-382.33 +-495.78']
Gen  131/500 [█████████████░░░░░░░░░░░░░░░░░░░░░░░░░░░░░░░░░░░░░]  26.2%
     Best:     Objective 1=  19.10  Objective 2= -37.68
     Mean:     Objective 1= -22.73  Objective 2=-382.33

Gen  132/500 [█████████████░░░░░░░░░░░░░░░░░░░░░░░░░░░░░░░░░░░░░]  26.4%
     Best:     Objective 1=  16.66  Objective 2= -34.85
     Mean:     Objective 1= -28.27  Objective 2=-390.39

Gen  133/500 [█████████████░░░░░░░░░░░░░░░░░░░░░░░░░░░░░░░░░░░░░]  26.6%
     Best:     Objective 1=  53.86  Objective 2= -37.74
     Mean:     Objective 1= -26.72  Objective 2=-362.39

Gen  134/500 [█████████████░░░░░░░░░░░░░░░░░░░░░░░░░░░░░░░░░░░░░]  26.8%
     Best:     Objective 1=  24.65  Objective 2= -35.76
     Mean:     Objective 1= -30.70  Objective 2=-342.38

Gen  135/500 [█████████████░░░░░░░░░░░░░░░░░░░░░░░░░░░░░░░░░░░░░]  27.0%
     Best:     Objective 1=  14.60  Objective 2= -33.02
     Mean:     Objective 1= -23.93  Objective 2=-340.62

Generation 135:	[ 19.70578089 -43.36250099]
Mean fitness:	-202.81 +- 393.21
Mean fitness per obj: ['-27.22 +-36.08', '-378.39 +-496.26']
Gen  136/500 [█████████████░░░░░░░░░░░░░░░░░░░░░░░░░░░░░░░░░░░░░]  27.2%
     Best:     Objective 1=  24.47  Objective 2= -36.96
     Mean:     Objective 1= -27.22  Objective 2=-378.39

Gen  137/500 [█████████████░░░░░░░░░░░░░░░░░░░░░░░░░░░░░░░░░░░░░]  27.4%
     Best:     Objective 1=  26.24  Objective 2= -37.25
     Mean:     Objective 1= -23.90  Objective 2=-365.22

Gen  138/500 [█████████████░░░░░░░░░░░░░░░░░░░░░░░░░░░░░░░░░░░░░]  27.6%
     Best:     Objective 1=  13.80  Objective 2= -36.62
     Mean:     Objective 1= -28.46  Objective 2=-375.26

Gen  139/500 [█████████████░░░░░░░░░░░░░░░░░░░░░░░░░░░░░░░░░░░░░]  27.8%
     Best:     Objective 1=  17.12  Objective 2= -36.73
     Mean:     Objective 1= -23.57  Objective 2=-393.81

Gen  140/500 [██████████████░░░░░░░░░░░░░░░░░░░░░░░░░░░░░░░░░░░░]  28.0%
     Best:     Objective 1=  27.66  Objective 2= -31.05
     Mean:     Objective 1= -26.62  Objective 2=-357.85

Generation 140:	[ 19.70578089 -43.36250099]
Mean fitness:	-198.68 +- 399.94
Mean fitness per obj: ['-24.11 +-39.77', '-373.25 +-507.33']
Gen  141/500 [██████████████░░░░░░░░░░░░░░░░░░░░░░░░░░░░░░░░░░░░]  28.2%
     Best:     Objective 1=  19.53  Objective 2= -34.72
     Mean:     Objective 1= -24.11  Objective 2=-373.25

Gen  142/500 [██████████████░░░░░░░░░░░░░░░░░░░░░░░░░░░░░░░░░░░░]  28.4%
     Best:     Objective 1=  17.25  Objective 2= -31.20
     Mean:     Objective 1= -28.40  Objective 2=-344.81

Gen  143/500 [██████████████░░░░░░░░░░░░░░░░░░░░░░░░░░░░░░░░░░░░]  28.6%
     Best:     Objective 1=  12.03  Objective 2= -36.25
     Mean:     Objective 1= -27.67  Objective 2=-349.46

Gen  144/500 [██████████████░░░░░░░░░░░░░░░░░░░░░░░░░░░░░░░░░░░░]  28.8%
     Best:     Objective 1=  27.75  Objective 2= -35.10
     Mean:     Objective 1= -32.68  Objective 2=-408.96

Gen  145/500 [██████████████░░░░░░░░░░░░░░░░░░░░░░░░░░░░░░░░░░░░]  29.0%
     Best:     Objective 1=  28.87  Objective 2= -38.50
     Mean:     Objective 1= -22.72  Objective 2=-310.14

Generation 145:	[ 36.707732   -39.00443455]
Mean fitness:	-218.82 +- 433.63
Mean fitness per obj: ['-25.89 +-37.97', '-411.75 +-547.89']
Gen  146/500 [██████████████░░░░░░░░░░░░░░░░░░░░░░░░░░░░░░░░░░░░]  29.2%
     Best:     Objective 1=  36.71  Objective 2= -36.49
     Mean:     Objective 1= -25.89  Objective 2=-411.75

Gen  147/500 [██████████████░░░░░░░░░░░░░░░░░░░░░░░░░░░░░░░░░░░░]  29.4%
     Best:     Objective 1=  27.38  Objective 2= -32.64
     Mean:     Objective 1= -24.84  Objective 2=-399.55

Gen  148/500 [██████████████░░░░░░░░░░░░░░░░░░░░░░░░░░░░░░░░░░░░]  29.6%
     Best:     Objective 1=  56.56  Objective 2= -32.74
     Mean:     Objective 1= -22.74  Objective 2=-395.89

Gen  149/500 [██████████████░░░░░░░░░░░░░░░░░░░░░░░░░░░░░░░░░░░░]  29.8%
     Best:     Objective 1=   6.57  Objective 2= -34.51
     Mean:     Objective 1= -28.25  Objective 2=-350.40

Gen  150/500 [███████████████░░░░░░░░░░░░░░░░░░░░░░░░░░░░░░░░░░░]  30.0%
     Best:     Objective 1=  32.42  Objective 2= -35.72
     Mean:     Objective 1= -24.08  Objective 2=-351.82

Generation 150:	[ 36.707732   -39.00443455]
Mean fitness:	-194.65 +- 385.67
Mean fitness per obj: ['-25.25 +-49.58', '-364.05 +-487.47']
Gen  151/500 [███████████████░░░░░░░░░░░░░░░░░░░░░░░░░░░░░░░░░░░]  30.2%
     Best:     Objective 1=  26.32  Objective 2= -31.80
     Mean:     Objective 1= -25.25  Objective 2=-364.05

Gen  152/500 [███████████████░░░░░░░░░░░░░░░░░░░░░░░░░░░░░░░░░░░]  30.4%
     Best:     Objective 1=  34.42  Objective 2= -37.59
     Mean:     Objective 1= -29.77  Objective 2=-357.40

Gen  153/500 [███████████████░░░░░░░░░░░░░░░░░░░░░░░░░░░░░░░░░░░]  30.6%
     Best:     Objective 1=  21.27  Objective 2= -34.97
     Mean:     Objective 1= -27.06  Objective 2=-377.30

Gen  154/500 [███████████████░░░░░░░░░░░░░░░░░░░░░░░░░░░░░░░░░░░]  30.8%
     Best:     Objective 1=  21.85  Objective 2= -33.22
     Mean:     Objective 1= -25.51  Objective 2=-397.02

Gen  155/500 [███████████████░░░░░░░░░░░░░░░░░░░░░░░░░░░░░░░░░░░]  31.0%
     Best:     Objective 1=  34.16  Objective 2= -33.74
     Mean:     Objective 1= -25.21  Objective 2=-337.98

Generation 155:	[ 36.707732   -39.00443455]
Mean fitness:	-202.90 +- 381.80
Mean fitness per obj: ['-25.43 +-35.78', '-380.37 +-476.73']
Gen  156/500 [███████████████░░░░░░░░░░░░░░░░░░░░░░░░░░░░░░░░░░░]  31.2%
     Best:     Objective 1=  20.65  Objective 2= -34.60
     Mean:     Objective 1= -25.43  Objective 2=-380.37

Gen  157/500 [███████████████░░░░░░░░░░░░░░░░░░░░░░░░░░░░░░░░░░░]  31.4%
     Best:     Objective 1=  19.11  Objective 2= -35.60
     Mean:     Objective 1= -26.67  Objective 2=-357.73

Gen  158/500 [███████████████░░░░░░░░░░░░░░░░░░░░░░░░░░░░░░░░░░░]  31.6%
     Best:     Objective 1=  30.06  Objective 2= -35.46
     Mean:     Objective 1= -25.60  Objective 2=-365.69

Gen  159/500 [███████████████░░░░░░░░░░░░░░░░░░░░░░░░░░░░░░░░░░░]  31.8%
     Best:     Objective 1=  52.56  Objective 2= -34.09
     Mean:     Objective 1= -22.62  Objective 2=-392.45

Gen  160/500 [████████████████░░░░░░░░░░░░░░░░░░░░░░░░░░░░░░░░░░]  32.0%
     Best:     Objective 1=  24.74  Objective 2= -32.96
     Mean:     Objective 1= -27.20  Objective 2=-391.48

Generation 160:	[ 36.707732   -39.00443455]
Mean fitness:	-197.17 +- 406.76
Mean fitness per obj: ['-31.00 +-51.29', '-363.34 +-522.55']
Gen  161/500 [████████████████░░░░░░░░░░░░░░░░░░░░░░░░░░░░░░░░░░]  32.2%
     Best:     Objective 1=  20.24  Objective 2= -34.77
     Mean:     Objective 1= -31.00  Objective 2=-363.34

Gen  162/500 [████████████████░░░░░░░░░░░░░░░░░░░░░░░░░░░░░░░░░░]  32.4%
     Best:     Objective 1=  12.03  Objective 2= -35.26
     Mean:     Objective 1= -28.62  Objective 2=-385.71

Gen  163/500 [████████████████░░░░░░░░░░░░░░░░░░░░░░░░░░░░░░░░░░]  32.6%
     Best:     Objective 1=  25.20  Objective 2= -36.13
     Mean:     Objective 1= -28.77  Objective 2=-382.10

Gen  164/500 [████████████████░░░░░░░░░░░░░░░░░░░░░░░░░░░░░░░░░░]  32.8%
     Best:     Objective 1=  16.28  Objective 2= -35.54
     Mean:     Objective 1= -22.59  Objective 2=-386.96

Gen  165/500 [████████████████░░░░░░░░░░░░░░░░░░░░░░░░░░░░░░░░░░]  33.0%
     Best:     Objective 1=  22.99  Objective 2= -32.70
     Mean:     Objective 1= -25.73  Objective 2=-380.85

Generation 165:	[ 36.707732   -39.00443455]
Mean fitness:	-190.94 +- 363.24
Mean fitness per obj: ['-28.99 +-53.54', '-352.89 +-456.69']
Gen  166/500 [████████████████░░░░░░░░░░░░░░░░░░░░░░░░░░░░░░░░░░]  33.2%
     Best:     Objective 1=  28.30  Objective 2= -32.24
     Mean:     Objective 1= -28.99  Objective 2=-352.89

Gen  167/500 [████████████████░░░░░░░░░░░░░░░░░░░░░░░░░░░░░░░░░░]  33.4%
     Best:     Objective 1=  23.21  Objective 2= -38.24
     Mean:     Objective 1= -28.68  Objective 2=-336.29

Gen  168/500 [████████████████░░░░░░░░░░░░░░░░░░░░░░░░░░░░░░░░░░]  33.6%
     Best:     Objective 1=  29.64  Objective 2= -36.00
     Mean:     Objective 1= -26.39  Objective 2=-337.21

Gen  169/500 [████████████████░░░░░░░░░░░░░░░░░░░░░░░░░░░░░░░░░░]  33.8%
     Best:     Objective 1=  16.11  Objective 2= -34.21
     Mean:     Objective 1= -28.48  Objective 2=-384.72

Gen  170/500 [█████████████████░░░░░░░░░░░░░░░░░░░░░░░░░░░░░░░░░]  34.0%
     Best:     Objective 1=  21.73  Objective 2= -32.84
     Mean:     Objective 1= -26.74  Objective 2=-333.45

Generation 170:	[ 36.707732   -39.00443455]
Mean fitness:	-231.45 +- 460.46
Mean fitness per obj: ['-30.37 +-59.29', '-432.53 +-582.81']
Gen  171/500 [█████████████████░░░░░░░░░░░░░░░░░░░░░░░░░░░░░░░░░]  34.2%
     Best:     Objective 1=  18.04  Objective 2= -32.62
     Mean:     Objective 1= -30.37  Objective 2=-432.53

Gen  172/500 [█████████████████░░░░░░░░░░░░░░░░░░░░░░░░░░░░░░░░░]  34.4%
     Best:     Objective 1=  29.98  Objective 2= -28.07
     Mean:     Objective 1= -28.00  Objective 2=-355.47

Gen  173/500 [█████████████████░░░░░░░░░░░░░░░░░░░░░░░░░░░░░░░░░]  34.6%
     Best:     Objective 1=  18.18  Objective 2= -34.49
     Mean:     Objective 1= -25.58  Objective 2=-355.57

Gen  174/500 [█████████████████░░░░░░░░░░░░░░░░░░░░░░░░░░░░░░░░░]  34.8%
     Best:     Objective 1=  22.18  Objective 2= -31.36
     Mean:     Objective 1= -24.98  Objective 2=-398.88

Gen  175/500 [█████████████████░░░░░░░░░░░░░░░░░░░░░░░░░░░░░░░░░]  35.0%
     Best:     Objective 1=  38.04  Objective 2= -33.96
     Mean:     Objective 1= -22.25  Objective 2=-396.16

Generation 175:	[ 36.707732   -39.00443455]
Mean fitness:	-196.57 +- 371.88
Mean fitness per obj: ['-26.90 +-46.32', '-366.24 +-465.70']
Gen  176/500 [█████████████████░░░░░░░░░░░░░░░░░░░░░░░░░░░░░░░░░]  35.2%
     Best:     Objective 1=  39.73  Objective 2= -33.19
     Mean:     Objective 1= -26.90  Objective 2=-366.24

Gen  177/500 [█████████████████░░░░░░░░░░░░░░░░░░░░░░░░░░░░░░░░░]  35.4%
     Best:     Objective 1=  27.58  Objective 2= -35.80
     Mean:     Objective 1= -30.01  Objective 2=-392.54

Gen  178/500 [█████████████████░░░░░░░░░░░░░░░░░░░░░░░░░░░░░░░░░]  35.6%
     Best:     Objective 1=  43.13  Objective 2= -33.78
     Mean:     Objective 1= -26.96  Objective 2=-380.17

Gen  179/500 [█████████████████░░░░░░░░░░░░░░░░░░░░░░░░░░░░░░░░░]  35.8%
     Best:     Objective 1=  38.61  Objective 2= -36.72
     Mean:     Objective 1= -24.94  Objective 2=-361.14

Gen  180/500 [██████████████████░░░░░░░░░░░░░░░░░░░░░░░░░░░░░░░░]  36.0%
     Best:     Objective 1=  17.83  Objective 2= -30.80
     Mean:     Objective 1= -26.76  Objective 2=-365.83

Generation 180:	[ 36.707732   -39.00443455]
Mean fitness:	-182.03 +- 343.43
Mean fitness per obj: ['-29.92 +-56.45', '-334.13 +-431.78']
Gen  181/500 [██████████████████░░░░░░░░░░░░░░░░░░░░░░░░░░░░░░░░]  36.2%
     Best:     Objective 1=  25.07  Objective 2= -35.73
     Mean:     Objective 1= -29.92  Objective 2=-334.13

Gen  182/500 [██████████████████░░░░░░░░░░░░░░░░░░░░░░░░░░░░░░░░]  36.4%
     Best:     Objective 1=  24.93  Objective 2= -33.68
     Mean:     Objective 1= -27.72  Objective 2=-412.08

Gen  183/500 [██████████████████░░░░░░░░░░░░░░░░░░░░░░░░░░░░░░░░]  36.6%
     Best:     Objective 1=  36.19  Objective 2= -30.66
     Mean:     Objective 1= -26.84  Objective 2=-392.56

Gen  184/500 [██████████████████░░░░░░░░░░░░░░░░░░░░░░░░░░░░░░░░]  36.8%
     Best:     Objective 1=  17.20  Objective 2= -28.87
     Mean:     Objective 1= -30.62  Objective 2=-348.27

Gen  185/500 [██████████████████░░░░░░░░░░░░░░░░░░░░░░░░░░░░░░░░]  37.0%
     Best:     Objective 1=  64.10  Objective 2= -35.25
     Mean:     Objective 1= -28.22  Objective 2=-329.97

Generation 185:	[ 36.707732   -39.00443455]
Mean fitness:	-194.59 +- 389.64
Mean fitness per obj: ['-24.33 +-39.03', '-364.85 +-494.10']
Gen  186/500 [██████████████████░░░░░░░░░░░░░░░░░░░░░░░░░░░░░░░░]  37.2%
     Best:     Objective 1=  21.98  Objective 2= -35.73
     Mean:     Objective 1= -24.33  Objective 2=-364.85

Gen  187/500 [██████████████████░░░░░░░░░░░░░░░░░░░░░░░░░░░░░░░░]  37.4%
     Best:     Objective 1=  14.33  Objective 2= -29.30
     Mean:     Objective 1= -26.39  Objective 2=-347.85

Gen  188/500 [██████████████████░░░░░░░░░░░░░░░░░░░░░░░░░░░░░░░░]  37.6%
     Best:     Objective 1=  32.20  Objective 2= -36.48
     Mean:     Objective 1= -26.01  Objective 2=-366.02

Gen  189/500 [██████████████████░░░░░░░░░░░░░░░░░░░░░░░░░░░░░░░░]  37.8%
     Best:     Objective 1=  22.86  Objective 2= -35.94
     Mean:     Objective 1= -25.10  Objective 2=-363.86

Gen  190/500 [███████████████████░░░░░░░░░░░░░░░░░░░░░░░░░░░░░░░]  38.0%
     Best:     Objective 1=  45.09  Objective 2= -34.30
     Mean:     Objective 1= -29.52  Objective 2=-385.08

Generation 190:	[ 36.707732   -39.00443455]
Mean fitness:	-195.70 +- 408.06
Mean fitness per obj: ['-25.14 +-39.40', '-366.26 +-522.77']
Gen  191/500 [███████████████████░░░░░░░░░░░░░░░░░░░░░░░░░░░░░░░]  38.2%
     Best:     Objective 1=  22.70  Objective 2= -35.00
     Mean:     Objective 1= -25.14  Objective 2=-366.26

Gen  192/500 [███████████████████░░░░░░░░░░░░░░░░░░░░░░░░░░░░░░░]  38.4%
     Best:     Objective 1=  43.52  Objective 2= -35.50
     Mean:     Objective 1= -22.88  Objective 2=-364.40

Gen  193/500 [███████████████████░░░░░░░░░░░░░░░░░░░░░░░░░░░░░░░]  38.6%
     Best:     Objective 1=  35.86  Objective 2= -33.32
     Mean:     Objective 1= -27.79  Objective 2=-403.53

Gen  194/500 [███████████████████░░░░░░░░░░░░░░░░░░░░░░░░░░░░░░░]  38.8%
     Best:     Objective 1=  21.95  Objective 2= -34.78
     Mean:     Objective 1= -26.68  Objective 2=-369.88

Gen  195/500 [███████████████████░░░░░░░░░░░░░░░░░░░░░░░░░░░░░░░]  39.0%
     Best:     Objective 1=  24.66  Objective 2= -35.23
     Mean:     Objective 1= -26.64  Objective 2=-369.24

Generation 195:	[ 36.707732   -39.00443455]
Mean fitness:	-201.08 +- 397.54
Mean fitness per obj: ['-28.57 +-55.67', '-373.59 +-503.45']
Gen  196/500 [███████████████████░░░░░░░░░░░░░░░░░░░░░░░░░░░░░░░]  39.2%
     Best:     Objective 1=  15.61  Objective 2= -34.50
     Mean:     Objective 1= -28.57  Objective 2=-373.59

Gen  197/500 [███████████████████░░░░░░░░░░░░░░░░░░░░░░░░░░░░░░░]  39.4%
     Best:     Objective 1=  25.28  Objective 2= -33.39
     Mean:     Objective 1= -26.84  Objective 2=-378.25

Gen  198/500 [███████████████████░░░░░░░░░░░░░░░░░░░░░░░░░░░░░░░]  39.6%
     Best:     Objective 1=  24.26  Objective 2= -34.07
     Mean:     Objective 1= -24.95  Objective 2=-369.24

Gen  199/500 [███████████████████░░░░░░░░░░░░░░░░░░░░░░░░░░░░░░░]  39.8%
     Best:     Objective 1=  19.92  Objective 2= -37.05
     Mean:     Objective 1= -30.92  Objective 2=-391.02

Gen  200/500 [████████████████████░░░░░░░░░░░░░░░░░░░░░░░░░░░░░░]  40.0%
     Best:     Objective 1=  14.69  Objective 2= -35.52
     Mean:     Objective 1= -25.16  Objective 2=-360.28

Generation 200:	[ 36.707732   -39.00443455]
Mean fitness:	-199.72 +- 404.56
Mean fitness per obj: ['-26.97 +-44.37', '-372.47 +-515.45']
Gen  201/500 [████████████████████░░░░░░░░░░░░░░░░░░░░░░░░░░░░░░]  40.2%
     Best:     Objective 1=  25.20  Objective 2= -39.02
     Mean:     Objective 1= -26.97  Objective 2=-372.47

Gen  202/500 [████████████████████░░░░░░░░░░░░░░░░░░░░░░░░░░░░░░]  40.4%
     Best:     Objective 1=  46.82  Objective 2= -31.07
     Mean:     Objective 1= -24.08  Objective 2=-328.02

Gen  203/500 [████████████████████░░░░░░░░░░░░░░░░░░░░░░░░░░░░░░]  40.6%
     Best:     Objective 1=  60.22  Objective 2= -36.66
     Mean:     Objective 1= -25.79  Objective 2=-365.68

Gen  204/500 [████████████████████░░░░░░░░░░░░░░░░░░░░░░░░░░░░░░]  40.8%
     Best:     Objective 1=  39.11  Objective 2= -36.82
     Mean:     Objective 1= -27.45  Objective 2=-404.09

Gen  205/500 [████████████████████░░░░░░░░░░░░░░░░░░░░░░░░░░░░░░]  41.0%
     Best:     Objective 1=  20.61  Objective 2= -32.28
     Mean:     Objective 1= -23.53  Objective 2=-380.88

Generation 205:	[ 36.707732   -39.00443455]
Mean fitness:	-185.47 +- 388.56
Mean fitness per obj: ['-24.46 +-42.06', '-346.48 +-498.34']
Gen  206/500 [████████████████████░░░░░░░░░░░░░░░░░░░░░░░░░░░░░░]  41.2%
     Best:     Objective 1=  21.04  Objective 2= -35.95
     Mean:     Objective 1= -24.46  Objective 2=-346.48

Gen  207/500 [████████████████████░░░░░░░░░░░░░░░░░░░░░░░░░░░░░░]  41.4%
     Best:     Objective 1=  23.76  Objective 2= -35.27
     Mean:     Objective 1= -26.12  Objective 2=-328.08

Gen  208/500 [████████████████████░░░░░░░░░░░░░░░░░░░░░░░░░░░░░░]  41.6%
     Best:     Objective 1=  24.28  Objective 2= -39.21
     Mean:     Objective 1= -27.72  Objective 2=-357.85

Gen  209/500 [████████████████████░░░░░░░░░░░░░░░░░░░░░░░░░░░░░░]  41.8%
     Best:     Objective 1=  15.03  Objective 2= -36.10
     Mean:     Objective 1= -26.89  Objective 2=-373.07

Gen  210/500 [█████████████████████░░░░░░░░░░░░░░░░░░░░░░░░░░░░░]  42.0%
     Best:     Objective 1=  54.89  Objective 2= -33.60
     Mean:     Objective 1= -27.39  Objective 2=-364.18

Generation 210:	[ 36.707732   -39.00443455]
Mean fitness:	-168.08 +- 329.42
Mean fitness per obj: ['-29.08 +-53.69', '-307.09 +-418.94']
Gen  211/500 [█████████████████████░░░░░░░░░░░░░░░░░░░░░░░░░░░░░]  42.2%
     Best:     Objective 1=  38.78  Objective 2= -38.22
     Mean:     Objective 1= -29.08  Objective 2=-307.09

Gen  212/500 [█████████████████████░░░░░░░░░░░░░░░░░░░░░░░░░░░░░]  42.4%
     Best:     Objective 1=  42.69  Objective 2= -30.97
     Mean:     Objective 1= -26.27  Objective 2=-360.50

Gen  213/500 [█████████████████████░░░░░░░░░░░░░░░░░░░░░░░░░░░░░]  42.6%
     Best:     Objective 1=  25.18  Objective 2= -33.09
     Mean:     Objective 1= -26.44  Objective 2=-371.74

Gen  214/500 [█████████████████████░░░░░░░░░░░░░░░░░░░░░░░░░░░░░]  42.8%
     Best:     Objective 1=  23.93  Objective 2= -33.75
     Mean:     Objective 1= -28.28  Objective 2=-325.27

Gen  215/500 [█████████████████████░░░░░░░░░░░░░░░░░░░░░░░░░░░░░]  43.0%
     Best:     Objective 1=  21.96  Objective 2= -31.79
     Mean:     Objective 1= -26.24  Objective 2=-388.71

Generation 215:	[ 36.707732   -39.00443455]
Mean fitness:	-193.34 +- 393.07
Mean fitness per obj: ['-24.66 +-39.50', '-362.01 +-500.55']
Gen  216/500 [█████████████████████░░░░░░░░░░░░░░░░░░░░░░░░░░░░░]  43.2%
     Best:     Objective 1=  30.02  Objective 2= -33.50
     Mean:     Objective 1= -24.66  Objective 2=-362.01

Gen  217/500 [█████████████████████░░░░░░░░░░░░░░░░░░░░░░░░░░░░░]  43.4%
     Best:     Objective 1=  28.18  Objective 2= -31.22
     Mean:     Objective 1= -26.93  Objective 2=-332.41

Gen  218/500 [█████████████████████░░░░░░░░░░░░░░░░░░░░░░░░░░░░░]  43.6%
     Best:     Objective 1=  22.37  Objective 2= -32.40
     Mean:     Objective 1= -29.30  Objective 2=-346.07

Gen  219/500 [█████████████████████░░░░░░░░░░░░░░░░░░░░░░░░░░░░░]  43.8%
     Best:     Objective 1=  31.75  Objective 2= -30.36
     Mean:     Objective 1= -22.48  Objective 2=-378.10

Gen  220/500 [██████████████████████░░░░░░░░░░░░░░░░░░░░░░░░░░░░]  44.0%
     Best:     Objective 1=  19.28  Objective 2= -32.91
     Mean:     Objective 1= -25.04  Objective 2=-348.22

Generation 220:	[ 36.707732   -39.00443455]
Mean fitness:	-186.32 +- 383.52
Mean fitness per obj: ['-22.64 +-36.31', '-350.00 +-489.16']
Gen  221/500 [██████████████████████░░░░░░░░░░░░░░░░░░░░░░░░░░░░]  44.2%
     Best:     Objective 1=  26.98  Objective 2= -31.32
     Mean:     Objective 1= -22.64  Objective 2=-350.00

Gen  222/500 [██████████████████████░░░░░░░░░░░░░░░░░░░░░░░░░░░░]  44.4%
     Best:     Objective 1=  20.55  Objective 2= -31.30
     Mean:     Objective 1= -24.85  Objective 2=-379.52

Gen  223/500 [██████████████████████░░░░░░░░░░░░░░░░░░░░░░░░░░░░]  44.6%
     Best:     Objective 1=  20.17  Objective 2= -34.31
     Mean:     Objective 1= -24.58  Objective 2=-374.69

Gen  224/500 [██████████████████████░░░░░░░░░░░░░░░░░░░░░░░░░░░░]  44.8%
     Best:     Objective 1=  39.52  Objective 2= -34.83
     Mean:     Objective 1= -22.53  Objective 2=-346.28

Gen  225/500 [██████████████████████░░░░░░░░░░░░░░░░░░░░░░░░░░░░]  45.0%
     Best:     Objective 1=  34.36  Objective 2= -36.87
     Mean:     Objective 1= -24.17  Objective 2=-358.02

Generation 225:	[ 36.707732   -39.00443455]
Mean fitness:	-189.85 +- 401.79
Mean fitness per obj: ['-24.57 +-44.85', '-355.14 +-515.97']
Gen  226/500 [██████████████████████░░░░░░░░░░░░░░░░░░░░░░░░░░░░]  45.2%
     Best:     Objective 1=  47.03  Objective 2= -31.57
     Mean:     Objective 1= -24.57  Objective 2=-355.14

Gen  227/500 [██████████████████████░░░░░░░░░░░░░░░░░░░░░░░░░░░░]  45.4%
     Best:     Objective 1=  20.45  Objective 2= -33.69
     Mean:     Objective 1= -29.70  Objective 2=-341.10

Gen  228/500 [██████████████████████░░░░░░░░░░░░░░░░░░░░░░░░░░░░]  45.6%
     Best:     Objective 1=  25.42  Objective 2= -32.37
     Mean:     Objective 1= -24.19  Objective 2=-327.58

Gen  229/500 [██████████████████████░░░░░░░░░░░░░░░░░░░░░░░░░░░░]  45.8%
     Best:     Objective 1=  38.62  Objective 2= -30.30
     Mean:     Objective 1= -23.85  Objective 2=-360.42

Gen  230/500 [███████████████████████░░░░░░░░░░░░░░░░░░░░░░░░░░░]  46.0%
     Best:     Objective 1=  31.08  Objective 2= -33.04
     Mean:     Objective 1= -23.04  Objective 2=-389.58

Generation 230:	[ 36.707732   -39.00443455]
Mean fitness:	-164.57 +- 344.71
Mean fitness per obj: ['-19.01 +-32.10', '-310.14 +-440.72']
Gen  231/500 [███████████████████████░░░░░░░░░░░░░░░░░░░░░░░░░░░]  46.2%
     Best:     Objective 1=  41.08  Objective 2= -31.52
     Mean:     Objective 1= -19.01  Objective 2=-310.14

Gen  232/500 [███████████████████████░░░░░░░░░░░░░░░░░░░░░░░░░░░]  46.4%
     Best:     Objective 1=  30.06  Objective 2= -32.53
     Mean:     Objective 1= -20.35  Objective 2=-346.92

Gen  233/500 [███████████████████████░░░░░░░░░░░░░░░░░░░░░░░░░░░]  46.6%
     Best:     Objective 1=  18.56  Objective 2= -34.43
     Mean:     Objective 1= -23.53  Objective 2=-360.12

Gen  234/500 [███████████████████████░░░░░░░░░░░░░░░░░░░░░░░░░░░]  46.8%
     Best:     Objective 1=  29.27  Objective 2= -29.86
     Mean:     Objective 1= -22.83  Objective 2=-326.98

Gen  235/500 [███████████████████████░░░░░░░░░░░░░░░░░░░░░░░░░░░]  47.0%
     Best:     Objective 1=  34.09  Objective 2= -30.04
     Mean:     Objective 1= -24.82  Objective 2=-388.77

Generation 235:	[ 36.707732   -39.00443455]
Mean fitness:	-187.44 +- 391.27
Mean fitness per obj: ['-21.00 +-30.73', '-353.88 +-499.84']
Gen  236/500 [███████████████████████░░░░░░░░░░░░░░░░░░░░░░░░░░░]  47.2%
     Best:     Objective 1=  33.10  Objective 2= -31.72
     Mean:     Objective 1= -21.00  Objective 2=-353.88

Gen  237/500 [███████████████████████░░░░░░░░░░░░░░░░░░░░░░░░░░░]  47.4%
     Best:     Objective 1=  22.49  Objective 2= -35.80
     Mean:     Objective 1= -24.52  Objective 2=-351.17

Gen  238/500 [███████████████████████░░░░░░░░░░░░░░░░░░░░░░░░░░░]  47.6%
     Best:     Objective 1=  31.40  Objective 2= -34.47
     Mean:     Objective 1= -24.52  Objective 2=-373.65

Gen  239/500 [███████████████████████░░░░░░░░░░░░░░░░░░░░░░░░░░░]  47.8%
     Best:     Objective 1=  23.18  Objective 2= -35.73
     Mean:     Objective 1= -26.59  Objective 2=-360.53

Gen  240/500 [████████████████████████░░░░░░░░░░░░░░░░░░░░░░░░░░]  48.0%
     Best:     Objective 1=  26.38  Objective 2= -33.87
     Mean:     Objective 1= -27.80  Objective 2=-293.82

Generation 240:	[ 36.707732   -39.00443455]
Mean fitness:	-185.33 +- 390.14
Mean fitness per obj: ['-29.04 +-59.29', '-341.62 +-502.05']
Gen  241/500 [████████████████████████░░░░░░░░░░░░░░░░░░░░░░░░░░]  48.2%
     Best:     Objective 1=  31.16  Objective 2= -33.37
     Mean:     Objective 1= -29.04  Objective 2=-341.62

Gen  242/500 [████████████████████████░░░░░░░░░░░░░░░░░░░░░░░░░░]  48.4%
     Best:     Objective 1=  37.54  Objective 2= -29.25
     Mean:     Objective 1= -24.66  Objective 2=-324.97

Gen  243/500 [████████████████████████░░░░░░░░░░░░░░░░░░░░░░░░░░]  48.6%
     Best:     Objective 1=  34.61  Objective 2= -34.59
     Mean:     Objective 1= -20.61  Objective 2=-341.42

Gen  244/500 [████████████████████████░░░░░░░░░░░░░░░░░░░░░░░░░░]  48.8%
     Best:     Objective 1=  27.97  Objective 2= -33.66
     Mean:     Objective 1= -23.69  Objective 2=-382.60

Gen  245/500 [████████████████████████░░░░░░░░░░░░░░░░░░░░░░░░░░]  49.0%
     Best:     Objective 1=  19.18  Objective 2= -35.43
     Mean:     Objective 1= -22.23  Objective 2=-351.56

Generation 245:	[ 36.707732   -39.00443455]
Mean fitness:	-190.96 +- 396.07
Mean fitness per obj: ['-23.53 +-44.06', '-358.39 +-505.70']
Gen  246/500 [████████████████████████░░░░░░░░░░░░░░░░░░░░░░░░░░]  49.2%
     Best:     Objective 1=  19.99  Objective 2= -32.94
     Mean:     Objective 1= -23.53  Objective 2=-358.39

Gen  247/500 [████████████████████████░░░░░░░░░░░░░░░░░░░░░░░░░░]  49.4%
     Best:     Objective 1=  26.68  Objective 2= -29.07
     Mean:     Objective 1= -24.79  Objective 2=-338.79

Gen  248/500 [████████████████████████░░░░░░░░░░░░░░░░░░░░░░░░░░]  49.6%
     Best:     Objective 1=  25.71  Objective 2= -31.95
     Mean:     Objective 1= -25.36  Objective 2=-317.15

Gen  249/500 [████████████████████████░░░░░░░░░░░░░░░░░░░░░░░░░░]  49.8%
     Best:     Objective 1=  31.94  Objective 2= -36.60
     Mean:     Objective 1= -23.44  Objective 2=-308.97

Gen  250/500 [█████████████████████████░░░░░░░░░░░░░░░░░░░░░░░░░]  50.0%
     Best:     Objective 1=  30.11  Objective 2= -32.28
     Mean:     Objective 1= -28.11  Objective 2=-329.24

Generation 250:	[ 36.707732   -39.00443455]
Mean fitness:	-210.72 +- 441.21
Mean fitness per obj: ['-24.63 +-47.77', '-396.81 +-563.73']
Gen  251/500 [█████████████████████████░░░░░░░░░░░░░░░░░░░░░░░░░]  50.2%
     Best:     Objective 1=  20.04  Objective 2= -30.30
     Mean:     Objective 1= -24.63  Objective 2=-396.81

Gen  252/500 [█████████████████████████░░░░░░░░░░░░░░░░░░░░░░░░░]  50.4%
     Best:     Objective 1=  14.78  Objective 2= -34.89
     Mean:     Objective 1= -28.84  Objective 2=-346.65

Gen  253/500 [█████████████████████████░░░░░░░░░░░░░░░░░░░░░░░░░]  50.6%
     Best:     Objective 1=  20.25  Objective 2= -33.97
     Mean:     Objective 1= -24.29  Objective 2=-374.39

Gen  254/500 [█████████████████████████░░░░░░░░░░░░░░░░░░░░░░░░░]  50.8%
     Best:     Objective 1=  31.78  Objective 2= -34.15
     Mean:     Objective 1= -25.51  Objective 2=-372.65

Gen  255/500 [█████████████████████████░░░░░░░░░░░░░░░░░░░░░░░░░]  51.0%
     Best:     Objective 1=  34.74  Objective 2= -32.35
     Mean:     Objective 1= -25.64  Objective 2=-365.60

Generation 255:	[ 36.707732   -39.00443455]
Mean fitness:	-172.88 +- 335.68
Mean fitness per obj: ['-23.18 +-44.27', '-322.58 +-422.59']
Gen  256/500 [█████████████████████████░░░░░░░░░░░░░░░░░░░░░░░░░]  51.2%
     Best:     Objective 1=  26.32  Objective 2= -33.73
     Mean:     Objective 1= -23.18  Objective 2=-322.58

Gen  257/500 [█████████████████████████░░░░░░░░░░░░░░░░░░░░░░░░░]  51.4%
     Best:     Objective 1=  23.56  Objective 2= -31.15
     Mean:     Objective 1= -24.33  Objective 2=-374.54

Gen  258/500 [█████████████████████████░░░░░░░░░░░░░░░░░░░░░░░░░]  51.6%
     Best:     Objective 1=  23.78  Objective 2= -31.87
     Mean:     Objective 1= -25.56  Objective 2=-358.18

Gen  259/500 [█████████████████████████░░░░░░░░░░░░░░░░░░░░░░░░░]  51.8%
     Best:     Objective 1=  33.44  Objective 2= -31.87
     Mean:     Objective 1= -20.16  Objective 2=-365.34

Gen  260/500 [██████████████████████████░░░░░░░░░░░░░░░░░░░░░░░░]  52.0%
     Best:     Objective 1=  37.40  Objective 2= -31.42
     Mean:     Objective 1= -27.55  Objective 2=-338.23

Generation 260:	[ 36.707732   -39.00443455]
Mean fitness:	-193.35 +- 374.76
Mean fitness per obj: ['-24.30 +-52.20', '-362.40 +-470.12']
Gen  261/500 [██████████████████████████░░░░░░░░░░░░░░░░░░░░░░░░]  52.2%
     Best:     Objective 1=  53.64  Objective 2= -31.83
     Mean:     Objective 1= -24.30  Objective 2=-362.40

Gen  262/500 [██████████████████████████░░░░░░░░░░░░░░░░░░░░░░░░]  52.4%
     Best:     Objective 1=  15.42  Objective 2= -34.39
     Mean:     Objective 1= -22.94  Objective 2=-363.38

Gen  263/500 [██████████████████████████░░░░░░░░░░░░░░░░░░░░░░░░]  52.6%
     Best:     Objective 1=  35.94  Objective 2= -32.28
     Mean:     Objective 1= -26.91  Objective 2=-328.14

Gen  264/500 [██████████████████████████░░░░░░░░░░░░░░░░░░░░░░░░]  52.8%
     Best:     Objective 1=  29.60  Objective 2= -29.70
     Mean:     Objective 1= -21.99  Objective 2=-347.06

Gen  265/500 [██████████████████████████░░░░░░░░░░░░░░░░░░░░░░░░]  53.0%
     Best:     Objective 1=  20.49  Objective 2= -33.21
     Mean:     Objective 1= -24.21  Objective 2=-386.71

Generation 265:	[ 36.707732   -39.00443455]
Mean fitness:	-168.66 +- 350.25
Mean fitness per obj: ['-25.47 +-47.93', '-311.84 +-449.50']
Gen  266/500 [██████████████████████████░░░░░░░░░░░░░░░░░░░░░░░░]  53.2%
     Best:     Objective 1=  23.90  Objective 2= -33.80
     Mean:     Objective 1= -25.47  Objective 2=-311.84

Gen  267/500 [██████████████████████████░░░░░░░░░░░░░░░░░░░░░░░░]  53.4%
     Best:     Objective 1=  43.26  Objective 2= -35.25
     Mean:     Objective 1= -25.72  Objective 2=-355.51

Gen  268/500 [██████████████████████████░░░░░░░░░░░░░░░░░░░░░░░░]  53.6%
     Best:     Objective 1=  27.12  Objective 2= -33.95
     Mean:     Objective 1= -24.34  Objective 2=-374.35

Gen  269/500 [██████████████████████████░░░░░░░░░░░░░░░░░░░░░░░░]  53.8%
     Best:     Objective 1=  35.71  Objective 2= -35.70
     Mean:     Objective 1= -29.44  Objective 2=-367.58

Gen  270/500 [███████████████████████████░░░░░░░░░░░░░░░░░░░░░░░]  54.0%
     Best:     Objective 1=  24.18  Objective 2= -31.42
     Mean:     Objective 1= -24.97  Objective 2=-348.21

Generation 270:	[ 36.707732   -39.00443455]
Mean fitness:	-195.17 +- 391.70
Mean fitness per obj: ['-24.54 +-50.66', '-365.80 +-496.05']
Gen  271/500 [███████████████████████████░░░░░░░░░░░░░░░░░░░░░░░]  54.2%
     Best:     Objective 1=  44.24  Objective 2= -33.84
     Mean:     Objective 1= -24.54  Objective 2=-365.80

Gen  272/500 [███████████████████████████░░░░░░░░░░░░░░░░░░░░░░░]  54.4%
     Best:     Objective 1=  54.38  Objective 2= -32.41
     Mean:     Objective 1= -22.94  Objective 2=-343.71

Gen  273/500 [███████████████████████████░░░░░░░░░░░░░░░░░░░░░░░]  54.6%
     Best:     Objective 1=  27.13  Objective 2= -34.33
     Mean:     Objective 1= -27.74  Objective 2=-411.91

Gen  274/500 [███████████████████████████░░░░░░░░░░░░░░░░░░░░░░░]  54.8%
     Best:     Objective 1=  19.77  Objective 2= -31.15
     Mean:     Objective 1= -28.54  Objective 2=-348.63

Gen  275/500 [███████████████████████████░░░░░░░░░░░░░░░░░░░░░░░]  55.0%
     Best:     Objective 1=  49.95  Objective 2= -30.98
     Mean:     Objective 1= -27.25  Objective 2=-337.14

Generation 275:	[ 54.37877836 -33.30829808]
Mean fitness:	-176.25 +- 341.91
Mean fitness per obj: ['-28.54 +-56.02', '-323.95 +-432.47']
Gen  276/500 [███████████████████████████░░░░░░░░░░░░░░░░░░░░░░░]  55.2%
     Best:     Objective 1=  14.03  Objective 2= -34.09
     Mean:     Objective 1= -28.54  Objective 2=-323.95

Gen  277/500 [███████████████████████████░░░░░░░░░░░░░░░░░░░░░░░]  55.4%
     Best:     Objective 1=  30.79  Objective 2= -35.72
     Mean:     Objective 1= -28.41  Objective 2=-363.07

Gen  278/500 [███████████████████████████░░░░░░░░░░░░░░░░░░░░░░░]  55.6%
     Best:     Objective 1=  27.33  Objective 2= -30.66
     Mean:     Objective 1= -23.05  Objective 2=-390.09

Gen  279/500 [███████████████████████████░░░░░░░░░░░░░░░░░░░░░░░]  55.8%
     Best:     Objective 1=  30.24  Objective 2= -34.92
     Mean:     Objective 1= -25.45  Objective 2=-368.78

Gen  280/500 [████████████████████████████░░░░░░░░░░░░░░░░░░░░░░]  56.0%
     Best:     Objective 1=  53.62  Objective 2= -33.82
     Mean:     Objective 1= -24.92  Objective 2=-351.34

Generation 280:	[ 54.37877836 -33.30829808]
Mean fitness:	-229.20 +- 467.75
Mean fitness per obj: ['-21.83 +-38.12', '-436.58 +-591.71']
Gen  281/500 [████████████████████████████░░░░░░░░░░░░░░░░░░░░░░]  56.2%
     Best:     Objective 1=  27.71  Objective 2= -36.14
     Mean:     Objective 1= -21.83  Objective 2=-436.58

Gen  282/500 [████████████████████████████░░░░░░░░░░░░░░░░░░░░░░]  56.4%
     Best:     Objective 1=  16.16  Objective 2= -33.12
     Mean:     Objective 1= -25.25  Objective 2=-383.97

Gen  283/500 [████████████████████████████░░░░░░░░░░░░░░░░░░░░░░]  56.6%
     Best:     Objective 1=  56.68  Objective 2= -31.62
     Mean:     Objective 1= -24.56  Objective 2=-358.20

Gen  284/500 [████████████████████████████░░░░░░░░░░░░░░░░░░░░░░]  56.8%
     Best:     Objective 1=  27.65  Objective 2= -30.11
     Mean:     Objective 1= -25.23  Objective 2=-338.19

Gen  285/500 [████████████████████████████░░░░░░░░░░░░░░░░░░░░░░]  57.0%
     Best:     Objective 1=  17.95  Objective 2= -33.99
     Mean:     Objective 1= -27.79  Objective 2=-350.10

Generation 285:	[ 54.37877836 -33.30829808]
Mean fitness:	-207.40 +- 417.55
Mean fitness per obj: ['-24.75 +-48.72', '-390.05 +-528.77']
Gen  286/500 [████████████████████████████░░░░░░░░░░░░░░░░░░░░░░]  57.2%
     Best:     Objective 1=  25.13  Objective 2= -32.80
     Mean:     Objective 1= -24.75  Objective 2=-390.05

Gen  287/500 [████████████████████████████░░░░░░░░░░░░░░░░░░░░░░]  57.4%
     Best:     Objective 1=  18.44  Objective 2= -31.73
     Mean:     Objective 1= -27.95  Objective 2=-307.59

Gen  288/500 [████████████████████████████░░░░░░░░░░░░░░░░░░░░░░]  57.6%
     Best:     Objective 1=  26.57  Objective 2= -30.85
     Mean:     Objective 1= -24.45  Objective 2=-325.17

Gen  289/500 [████████████████████████████░░░░░░░░░░░░░░░░░░░░░░]  57.8%
     Best:     Objective 1=  33.45  Objective 2= -32.79
     Mean:     Objective 1= -21.39  Objective 2=-323.78

Gen  290/500 [████████████████████████████░░░░░░░░░░░░░░░░░░░░░░]  58.0%
     Best:     Objective 1=  20.30  Objective 2= -30.34
     Mean:     Objective 1= -25.65  Objective 2=-369.01

Generation 290:	[ 54.37877836 -33.30829808]
Mean fitness:	-168.46 +- 313.34
Mean fitness per obj: ['-22.82 +-42.61', '-314.11 +-390.03']
Gen  291/500 [█████████████████████████████░░░░░░░░░░░░░░░░░░░░░]  58.2%
     Best:     Objective 1=  39.36  Objective 2= -30.72
     Mean:     Objective 1= -22.82  Objective 2=-314.11

Gen  292/500 [█████████████████████████████░░░░░░░░░░░░░░░░░░░░░]  58.4%
     Best:     Objective 1=  45.25  Objective 2= -36.31
     Mean:     Objective 1= -25.71  Objective 2=-344.93

Gen  293/500 [█████████████████████████████░░░░░░░░░░░░░░░░░░░░░]  58.6%
     Best:     Objective 1=  73.43  Objective 2= -34.74
     Mean:     Objective 1= -25.71  Objective 2=-354.89

Gen  294/500 [█████████████████████████████░░░░░░░░░░░░░░░░░░░░░]  58.8%
     Best:     Objective 1=  30.44  Objective 2= -29.74
     Mean:     Objective 1= -19.35  Objective 2=-300.54

Gen  295/500 [█████████████████████████████░░░░░░░░░░░░░░░░░░░░░]  59.0%
     Best:     Objective 1=  67.99  Objective 2= -31.97
     Mean:     Objective 1= -26.30  Objective 2=-344.04

Generation 295:	[ 54.37877836 -33.30829808]
Mean fitness:	-175.98 +- 390.60
Mean fitness per obj: ['-22.38 +-46.76', '-329.59 +-505.73']
Gen  296/500 [█████████████████████████████░░░░░░░░░░░░░░░░░░░░░]  59.2%
     Best:     Objective 1=  13.34  Objective 2= -31.34
     Mean:     Objective 1= -22.38  Objective 2=-329.59

Gen  297/500 [█████████████████████████████░░░░░░░░░░░░░░░░░░░░░]  59.4%
     Best:     Objective 1=  27.88  Objective 2= -30.61
     Mean:     Objective 1= -23.50  Objective 2=-386.34

Gen  298/500 [█████████████████████████████░░░░░░░░░░░░░░░░░░░░░]  59.6%
     Best:     Objective 1=  21.77  Objective 2= -32.56
     Mean:     Objective 1= -25.03  Objective 2=-349.29

Gen  299/500 [█████████████████████████████░░░░░░░░░░░░░░░░░░░░░]  59.8%
     Best:     Objective 1=  18.90  Objective 2= -32.85
     Mean:     Objective 1= -28.73  Objective 2=-348.16

Gen  300/500 [██████████████████████████████░░░░░░░░░░░░░░░░░░░░]  60.0%
     Best:     Objective 1=  32.78  Objective 2= -33.24
     Mean:     Objective 1= -22.66  Objective 2=-320.79

Generation 300:	[ 54.37877836 -33.30829808]
Mean fitness:	-189.26 +- 378.11
Mean fitness per obj: ['-26.62 +-52.46', '-351.91 +-479.86']
Gen  301/500 [██████████████████████████████░░░░░░░░░░░░░░░░░░░░]  60.2%
     Best:     Objective 1=  30.59  Objective 2= -35.29
     Mean:     Objective 1= -26.62  Objective 2=-351.91

Gen  302/500 [██████████████████████████████░░░░░░░░░░░░░░░░░░░░]  60.4%
     Best:     Objective 1=  26.15  Objective 2= -31.79
     Mean:     Objective 1= -26.67  Objective 2=-370.96

Gen  303/500 [██████████████████████████████░░░░░░░░░░░░░░░░░░░░]  60.6%
     Best:     Objective 1=  26.69  Objective 2= -29.46
     Mean:     Objective 1= -25.66  Objective 2=-343.38

Gen  304/500 [██████████████████████████████░░░░░░░░░░░░░░░░░░░░]  60.8%
     Best:     Objective 1=  39.53  Objective 2= -29.09
     Mean:     Objective 1= -20.84  Objective 2=-360.42

Gen  305/500 [██████████████████████████████░░░░░░░░░░░░░░░░░░░░]  61.0%
     Best:     Objective 1=  23.32  Objective 2= -30.24
     Mean:     Objective 1= -29.02  Objective 2=-389.91

Generation 305:	[ 54.37877836 -33.30829808]
Mean fitness:	-187.80 +- 395.50
Mean fitness per obj: ['-20.88 +-45.01', '-354.72 +-505.07']
Gen  306/500 [██████████████████████████████░░░░░░░░░░░░░░░░░░░░]  61.2%
     Best:     Objective 1=  19.28  Objective 2= -31.77
     Mean:     Objective 1= -20.88  Objective 2=-354.72

Gen  307/500 [██████████████████████████████░░░░░░░░░░░░░░░░░░░░]  61.4%
     Best:     Objective 1=  35.63  Objective 2= -30.85
     Mean:     Objective 1= -17.78  Objective 2=-348.43

Gen  308/500 [██████████████████████████████░░░░░░░░░░░░░░░░░░░░]  61.6%
     Best:     Objective 1=  26.86  Objective 2= -28.35
     Mean:     Objective 1= -21.43  Objective 2=-359.76

Gen  309/500 [██████████████████████████████░░░░░░░░░░░░░░░░░░░░]  61.8%
     Best:     Objective 1=  40.02  Objective 2= -33.05
     Mean:     Objective 1= -21.87  Objective 2=-336.05

Gen  310/500 [███████████████████████████████░░░░░░░░░░░░░░░░░░░]  62.0%
     Best:     Objective 1=  41.26  Objective 2= -31.82
     Mean:     Objective 1= -23.27  Objective 2=-374.54

Generation 310:	[ 54.37877836 -33.30829808]
Mean fitness:	-186.95 +- 390.89
Mean fitness per obj: ['-23.99 +-51.35', '-349.92 +-499.83']
Gen  311/500 [███████████████████████████████░░░░░░░░░░░░░░░░░░░]  62.2%
     Best:     Objective 1=  25.88  Objective 2= -31.04
     Mean:     Objective 1= -23.99  Objective 2=-349.92

Gen  312/500 [███████████████████████████████░░░░░░░░░░░░░░░░░░░]  62.4%
     Best:     Objective 1=  21.93  Objective 2= -31.91
     Mean:     Objective 1= -23.56  Objective 2=-347.09

Gen  313/500 [███████████████████████████████░░░░░░░░░░░░░░░░░░░]  62.6%
     Best:     Objective 1=  47.94  Objective 2= -33.02
     Mean:     Objective 1= -25.78  Objective 2=-364.58

Gen  314/500 [███████████████████████████████░░░░░░░░░░░░░░░░░░░]  62.8%
     Best:     Objective 1=  27.74  Objective 2= -31.44
     Mean:     Objective 1= -22.97  Objective 2=-377.34

Gen  315/500 [███████████████████████████████░░░░░░░░░░░░░░░░░░░]  63.0%
     Best:     Objective 1=  19.39  Objective 2= -32.30
     Mean:     Objective 1= -23.23  Objective 2=-322.37

Generation 315:	[ 54.37877836 -33.30829808]
Mean fitness:	-187.41 +- 389.40
Mean fitness per obj: ['-23.34 +-41.51', '-351.48 +-497.70']
Gen  316/500 [███████████████████████████████░░░░░░░░░░░░░░░░░░░]  63.2%
     Best:     Objective 1=  41.68  Objective 2= -29.06
     Mean:     Objective 1= -23.34  Objective 2=-351.48

Gen  317/500 [███████████████████████████████░░░░░░░░░░░░░░░░░░░]  63.4%
     Best:     Objective 1=  35.92  Objective 2= -35.68
     Mean:     Objective 1= -26.57  Objective 2=-308.76

Gen  318/500 [███████████████████████████████░░░░░░░░░░░░░░░░░░░]  63.6%
     Best:     Objective 1=  27.63  Objective 2= -31.89
     Mean:     Objective 1= -26.35  Objective 2=-316.32

Gen  319/500 [███████████████████████████████░░░░░░░░░░░░░░░░░░░]  63.8%
     Best:     Objective 1=  27.07  Objective 2= -30.59
     Mean:     Objective 1= -21.70  Objective 2=-356.36

Gen  320/500 [████████████████████████████████░░░░░░░░░░░░░░░░░░]  64.0%
     Best:     Objective 1=  20.74  Objective 2= -32.69
     Mean:     Objective 1= -20.92  Objective 2=-342.99

Generation 320:	[ 54.37877836 -33.30829808]
Mean fitness:	-187.70 +- 383.22
Mean fitness per obj: ['-21.97 +-46.65', '-353.43 +-486.42']
Gen  321/500 [████████████████████████████████░░░░░░░░░░░░░░░░░░]  64.2%
     Best:     Objective 1=  43.17  Objective 2= -32.95
     Mean:     Objective 1= -21.97  Objective 2=-353.43

Gen  322/500 [████████████████████████████████░░░░░░░░░░░░░░░░░░]  64.4%
     Best:     Objective 1=  64.02  Objective 2= -34.21
     Mean:     Objective 1= -22.43  Objective 2=-352.24

Gen  323/500 [████████████████████████████████░░░░░░░░░░░░░░░░░░]  64.6%
     Best:     Objective 1=  23.25  Objective 2= -32.16
     Mean:     Objective 1= -22.03  Objective 2=-351.56

Gen  324/500 [████████████████████████████████░░░░░░░░░░░░░░░░░░]  64.8%
     Best:     Objective 1=  34.56  Objective 2= -29.93
     Mean:     Objective 1= -26.83  Objective 2=-344.06

Gen  325/500 [████████████████████████████████░░░░░░░░░░░░░░░░░░]  65.0%
     Best:     Objective 1=  31.76  Objective 2= -33.85
     Mean:     Objective 1= -21.29  Objective 2=-368.57

Generation 325:	[ 54.37877836 -33.30829808]
Mean fitness:	-187.79 +- 385.34
Mean fitness per obj: ['-25.06 +-52.21', '-350.53 +-491.21']
Gen  326/500 [████████████████████████████████░░░░░░░░░░░░░░░░░░]  65.2%
     Best:     Objective 1=  36.60  Objective 2= -31.84
     Mean:     Objective 1= -25.06  Objective 2=-350.53

Gen  327/500 [████████████████████████████████░░░░░░░░░░░░░░░░░░]  65.4%
     Best:     Objective 1=  37.86  Objective 2= -31.75
     Mean:     Objective 1= -24.72  Objective 2=-321.75

Gen  328/500 [████████████████████████████████░░░░░░░░░░░░░░░░░░]  65.6%
     Best:     Objective 1=  22.48  Objective 2= -32.95
     Mean:     Objective 1= -26.04  Objective 2=-372.17

Gen  329/500 [████████████████████████████████░░░░░░░░░░░░░░░░░░]  65.8%
     Best:     Objective 1=  25.69  Objective 2= -32.05
     Mean:     Objective 1= -24.96  Objective 2=-319.80

Gen  330/500 [█████████████████████████████████░░░░░░░░░░░░░░░░░]  66.0%
     Best:     Objective 1=  33.22  Objective 2= -31.52
     Mean:     Objective 1= -23.85  Objective 2=-363.35

Generation 330:	[ 54.37877836 -33.30829808]
Mean fitness:	-209.87 +- 430.16
Mean fitness per obj: ['-23.10 +-48.06', '-396.64 +-545.89']
Gen  331/500 [█████████████████████████████████░░░░░░░░░░░░░░░░░]  66.2%
     Best:     Objective 1=  27.72  Objective 2= -33.53
     Mean:     Objective 1= -23.10  Objective 2=-396.64

Gen  332/500 [█████████████████████████████████░░░░░░░░░░░░░░░░░]  66.4%
     Best:     Objective 1=  54.23  Objective 2= -35.01
     Mean:     Objective 1= -29.97  Objective 2=-415.39

Gen  333/500 [█████████████████████████████████░░░░░░░░░░░░░░░░░]  66.6%
     Best:     Objective 1=  28.10  Objective 2= -32.79
     Mean:     Objective 1= -25.46  Objective 2=-312.78

Gen  334/500 [█████████████████████████████████░░░░░░░░░░░░░░░░░]  66.8%
     Best:     Objective 1=  33.27  Objective 2= -33.71
     Mean:     Objective 1= -22.66  Objective 2=-381.26

Gen  335/500 [█████████████████████████████████░░░░░░░░░░░░░░░░░]  67.0%
     Best:     Objective 1=  34.43  Objective 2= -32.21
     Mean:     Objective 1= -24.79  Objective 2=-332.22

Generation 335:	[ 54.37877836 -33.30829808]
Mean fitness:	-191.13 +- 388.87
Mean fitness per obj: ['-22.57 +-49.88', '-359.69 +-493.08']
Gen  336/500 [█████████████████████████████████░░░░░░░░░░░░░░░░░]  67.2%
     Best:     Objective 1=  38.14  Objective 2= -31.95
     Mean:     Objective 1= -22.57  Objective 2=-359.69

Gen  337/500 [█████████████████████████████████░░░░░░░░░░░░░░░░░]  67.4%
     Best:     Objective 1=  29.53  Objective 2= -34.64
     Mean:     Objective 1= -23.62  Objective 2=-322.54

Gen  338/500 [█████████████████████████████████░░░░░░░░░░░░░░░░░]  67.6%
     Best:     Objective 1=  54.06  Objective 2= -34.50
     Mean:     Objective 1= -22.37  Objective 2=-332.48

Gen  339/500 [█████████████████████████████████░░░░░░░░░░░░░░░░░]  67.8%
     Best:     Objective 1=  29.22  Objective 2= -33.44
     Mean:     Objective 1= -21.87  Objective 2=-327.30

Gen  340/500 [██████████████████████████████████░░░░░░░░░░░░░░░░]  68.0%
     Best:     Objective 1=  40.18  Objective 2= -33.88
     Mean:     Objective 1= -22.22  Objective 2=-369.56

Generation 340:	[ 54.37877836 -33.30829808]
Mean fitness:	-192.95 +- 385.59
Mean fitness per obj: ['-25.29 +-49.51', '-360.60 +-488.56']
Gen  341/500 [██████████████████████████████████░░░░░░░░░░░░░░░░]  68.2%
     Best:     Objective 1=  25.73  Objective 2= -29.63
     Mean:     Objective 1= -25.29  Objective 2=-360.60

Gen  342/500 [██████████████████████████████████░░░░░░░░░░░░░░░░]  68.4%
     Best:     Objective 1=  41.91  Objective 2= -33.71
     Mean:     Objective 1= -25.56  Objective 2=-343.68

Gen  343/500 [██████████████████████████████████░░░░░░░░░░░░░░░░]  68.6%
     Best:     Objective 1=  25.72  Objective 2= -35.79
     Mean:     Objective 1= -20.53  Objective 2=-361.04

Gen  344/500 [██████████████████████████████████░░░░░░░░░░░░░░░░]  68.8%
     Best:     Objective 1=  32.39  Objective 2= -33.70
     Mean:     Objective 1= -24.09  Objective 2=-362.40

Gen  345/500 [██████████████████████████████████░░░░░░░░░░░░░░░░]  69.0%
     Best:     Objective 1=  31.62  Objective 2= -31.75
     Mean:     Objective 1= -23.74  Objective 2=-397.18

Generation 345:	[ 54.37877836 -33.30829808]
Mean fitness:	-200.37 +- 394.62
Mean fitness per obj: ['-21.99 +-48.89', '-378.76 +-495.39']
Gen  346/500 [██████████████████████████████████░░░░░░░░░░░░░░░░]  69.2%
     Best:     Objective 1=  53.52  Objective 2= -32.04
     Mean:     Objective 1= -21.99  Objective 2=-378.76

Gen  347/500 [██████████████████████████████████░░░░░░░░░░░░░░░░]  69.4%
     Best:     Objective 1=  31.53  Objective 2= -31.64
     Mean:     Objective 1= -21.13  Objective 2=-358.29

Gen  348/500 [██████████████████████████████████░░░░░░░░░░░░░░░░]  69.6%
     Best:     Objective 1=  22.20  Objective 2= -33.96
     Mean:     Objective 1= -22.24  Objective 2=-431.76

Gen  349/500 [██████████████████████████████████░░░░░░░░░░░░░░░░]  69.8%
     Best:     Objective 1=  32.99  Objective 2= -32.19
     Mean:     Objective 1= -20.82  Objective 2=-383.08

Gen  350/500 [███████████████████████████████████░░░░░░░░░░░░░░░]  70.0%
     Best:     Objective 1=  53.60  Objective 2= -33.58
     Mean:     Objective 1= -20.19  Objective 2=-368.60

Generation 350:	[ 54.37877836 -33.30829808]
Mean fitness:	-162.92 +- 327.89
Mean fitness per obj: ['-22.82 +-44.74', '-303.03 +-416.85']
Gen  351/500 [███████████████████████████████████░░░░░░░░░░░░░░░]  70.2%
     Best:     Objective 1=  44.40  Objective 2= -32.56
     Mean:     Objective 1= -22.82  Objective 2=-303.03

Gen  352/500 [███████████████████████████████████░░░░░░░░░░░░░░░]  70.4%
     Best:     Objective 1=  33.04  Objective 2= -29.27
     Mean:     Objective 1= -20.00  Objective 2=-324.86

Gen  353/500 [███████████████████████████████████░░░░░░░░░░░░░░░]  70.6%
     Best:     Objective 1=  22.28  Objective 2= -31.18
     Mean:     Objective 1= -23.82  Objective 2=-361.35

Gen  354/500 [███████████████████████████████████░░░░░░░░░░░░░░░]  70.8%
     Best:     Objective 1=  37.87  Objective 2= -33.47
     Mean:     Objective 1= -23.24  Objective 2=-367.95

Gen  355/500 [███████████████████████████████████░░░░░░░░░░░░░░░]  71.0%
     Best:     Objective 1=  22.49  Objective 2= -37.24
     Mean:     Objective 1= -24.11  Objective 2=-324.64

Generation 355:	[ 54.37877836 -33.30829808]
Mean fitness:	-163.53 +- 335.91
Mean fitness per obj: ['-20.11 +-29.82', '-306.95 +-428.54']
Gen  356/500 [███████████████████████████████████░░░░░░░░░░░░░░░]  71.2%
     Best:     Objective 1=  46.06  Objective 2= -30.64
     Mean:     Objective 1= -20.11  Objective 2=-306.95

Gen  357/500 [███████████████████████████████████░░░░░░░░░░░░░░░]  71.4%
     Best:     Objective 1=  38.58  Objective 2= -32.89
     Mean:     Objective 1= -21.96  Objective 2=-369.71

Gen  358/500 [███████████████████████████████████░░░░░░░░░░░░░░░]  71.6%
     Best:     Objective 1=  35.79  Objective 2= -30.44
     Mean:     Objective 1= -20.49  Objective 2=-353.21

Gen  359/500 [███████████████████████████████████░░░░░░░░░░░░░░░]  71.8%
     Best:     Objective 1=  55.71  Objective 2= -36.30
     Mean:     Objective 1= -25.60  Objective 2=-359.57

Gen  360/500 [████████████████████████████████████░░░░░░░░░░░░░░]  72.0%
     Best:     Objective 1=  27.17  Objective 2= -34.18
     Mean:     Objective 1= -25.29  Objective 2=-337.35

Generation 360:	[ 54.37877836 -33.30829808]
Mean fitness:	-188.78 +- 364.07
Mean fitness per obj: ['-29.94 +-65.36', '-347.62 +-458.65']
Gen  361/500 [████████████████████████████████████░░░░░░░░░░░░░░]  72.2%
     Best:     Objective 1=  26.88  Objective 2= -32.26
     Mean:     Objective 1= -29.94  Objective 2=-347.62

Gen  362/500 [████████████████████████████████████░░░░░░░░░░░░░░]  72.4%
     Best:     Objective 1=  40.94  Objective 2= -32.03
     Mean:     Objective 1= -23.32  Objective 2=-377.42

Gen  363/500 [████████████████████████████████████░░░░░░░░░░░░░░]  72.6%
     Best:     Objective 1=  36.84  Objective 2= -33.43
     Mean:     Objective 1= -17.69  Objective 2=-348.31

Gen  364/500 [████████████████████████████████████░░░░░░░░░░░░░░]  72.8%
     Best:     Objective 1=  32.26  Objective 2= -29.15
     Mean:     Objective 1= -27.67  Objective 2=-382.97

Gen  365/500 [████████████████████████████████████░░░░░░░░░░░░░░]  73.0%
     Best:     Objective 1=  24.38  Objective 2= -34.29
     Mean:     Objective 1= -22.51  Objective 2=-374.42

Generation 365:	[ 54.37877836 -33.30829808]
Mean fitness:	-198.00 +- 380.88
Mean fitness per obj: ['-20.41 +-27.35', '-375.59 +-475.72']
Gen  366/500 [████████████████████████████████████░░░░░░░░░░░░░░]  73.2%
     Best:     Objective 1=  26.52  Objective 2= -30.44
     Mean:     Objective 1= -20.41  Objective 2=-375.59

Gen  367/500 [████████████████████████████████████░░░░░░░░░░░░░░]  73.4%
     Best:     Objective 1=  26.81  Objective 2= -32.30
     Mean:     Objective 1= -26.84  Objective 2=-368.78

Gen  368/500 [████████████████████████████████████░░░░░░░░░░░░░░]  73.6%
     Best:     Objective 1=  39.60  Objective 2= -24.02
     Mean:     Objective 1= -22.05  Objective 2=-334.75

Gen  369/500 [████████████████████████████████████░░░░░░░░░░░░░░]  73.8%
     Best:     Objective 1=  29.69  Objective 2= -36.00
     Mean:     Objective 1= -21.48  Objective 2=-369.99

Gen  370/500 [█████████████████████████████████████░░░░░░░░░░░░░]  74.0%
     Best:     Objective 1=  27.29  Objective 2= -35.33
     Mean:     Objective 1= -18.76  Objective 2=-415.75

Generation 370:	[ 54.37877836 -33.30829808]
Mean fitness:	-203.39 +- 390.60
Mean fitness per obj: ['-24.18 +-53.86', '-382.60 +-487.85']
Gen  371/500 [█████████████████████████████████████░░░░░░░░░░░░░]  74.2%
     Best:     Objective 1=  30.49  Objective 2= -33.95
     Mean:     Objective 1= -24.18  Objective 2=-382.60

Gen  372/500 [█████████████████████████████████████░░░░░░░░░░░░░]  74.4%
     Best:     Objective 1=  24.92  Objective 2= -32.97
     Mean:     Objective 1= -23.59  Objective 2=-345.23

Gen  373/500 [█████████████████████████████████████░░░░░░░░░░░░░]  74.6%
     Best:     Objective 1=  25.08  Objective 2= -33.99
     Mean:     Objective 1= -25.48  Objective 2=-347.78

Gen  374/500 [█████████████████████████████████████░░░░░░░░░░░░░]  74.8%
     Best:     Objective 1=  45.78  Objective 2= -34.75
     Mean:     Objective 1= -19.49  Objective 2=-358.40

Gen  375/500 [█████████████████████████████████████░░░░░░░░░░░░░]  75.0%
     Best:     Objective 1=  33.98  Objective 2= -32.04
     Mean:     Objective 1= -21.49  Objective 2=-367.89

Generation 375:	[ 54.37877836 -33.30829808]
Mean fitness:	-170.38 +- 325.31
Mean fitness per obj: ['-22.96 +-49.98', '-317.80 +-407.05']
Gen  376/500 [█████████████████████████████████████░░░░░░░░░░░░░]  75.2%
     Best:     Objective 1=  42.58  Objective 2= -32.27
     Mean:     Objective 1= -22.96  Objective 2=-317.80

Gen  377/500 [█████████████████████████████████████░░░░░░░░░░░░░]  75.4%
     Best:     Objective 1=  19.75  Objective 2= -28.49
     Mean:     Objective 1= -25.38  Objective 2=-381.83

Gen  378/500 [█████████████████████████████████████░░░░░░░░░░░░░]  75.6%
     Best:     Objective 1=  39.85  Objective 2= -31.70
     Mean:     Objective 1= -20.80  Objective 2=-386.59

Gen  379/500 [█████████████████████████████████████░░░░░░░░░░░░░]  75.8%
     Best:     Objective 1=  28.33  Objective 2= -36.53
     Mean:     Objective 1= -23.89  Objective 2=-317.54

Gen  380/500 [██████████████████████████████████████░░░░░░░░░░░░]  76.0%
     Best:     Objective 1=  24.17  Objective 2= -34.95
     Mean:     Objective 1= -26.05  Objective 2=-347.74

Generation 380:	[ 54.37877836 -33.30829808]
Mean fitness:	-208.04 +- 411.47
Mean fitness per obj: ['-24.84 +-48.27', '-391.24 +-518.80']
Gen  381/500 [██████████████████████████████████████░░░░░░░░░░░░]  76.2%
     Best:     Objective 1=  18.01  Objective 2= -35.85
     Mean:     Objective 1= -24.84  Objective 2=-391.24

Gen  382/500 [██████████████████████████████████████░░░░░░░░░░░░]  76.4%
     Best:     Objective 1=  26.07  Objective 2= -36.02
     Mean:     Objective 1= -25.53  Objective 2=-331.52

Gen  383/500 [██████████████████████████████████████░░░░░░░░░░░░]  76.6%
     Best:     Objective 1=  34.45  Objective 2= -29.88
     Mean:     Objective 1= -21.77  Objective 2=-354.25

Gen  384/500 [██████████████████████████████████████░░░░░░░░░░░░]  76.8%
     Best:     Objective 1=  26.01  Objective 2= -31.74
     Mean:     Objective 1= -22.03  Objective 2=-356.62

Gen  385/500 [██████████████████████████████████████░░░░░░░░░░░░]  77.0%
     Best:     Objective 1=  25.32  Objective 2= -28.53
     Mean:     Objective 1= -22.90  Objective 2=-334.65

Generation 385:	[ 54.37877836 -33.30829808]
Mean fitness:	-177.15 +- 367.26
Mean fitness per obj: ['-21.58 +-43.24', '-332.73 +-468.49']
Gen  386/500 [██████████████████████████████████████░░░░░░░░░░░░]  77.2%
     Best:     Objective 1=  25.99  Objective 2= -31.53
     Mean:     Objective 1= -21.58  Objective 2=-332.73

Gen  387/500 [██████████████████████████████████████░░░░░░░░░░░░]  77.4%
     Best:     Objective 1=  34.87  Objective 2= -30.33
     Mean:     Objective 1= -24.91  Objective 2=-378.38

Gen  388/500 [██████████████████████████████████████░░░░░░░░░░░░]  77.6%
     Best:     Objective 1=  35.50  Objective 2= -30.59
     Mean:     Objective 1= -22.05  Objective 2=-326.78

Gen  389/500 [██████████████████████████████████████░░░░░░░░░░░░]  77.8%
     Best:     Objective 1=  23.52  Objective 2= -35.22
     Mean:     Objective 1= -21.41  Objective 2=-377.00

Gen  390/500 [███████████████████████████████████████░░░░░░░░░░░]  78.0%
     Best:     Objective 1=  29.13  Objective 2= -30.50
     Mean:     Objective 1= -19.72  Objective 2=-340.47

Generation 390:	[ 54.37877836 -33.30829808]
Mean fitness:	-180.34 +- 381.15
Mean fitness per obj: ['-24.22 +-52.85', '-336.47 +-488.89']
Gen  391/500 [███████████████████████████████████████░░░░░░░░░░░]  78.2%
     Best:     Objective 1=  34.13  Objective 2= -34.15
     Mean:     Objective 1= -24.22  Objective 2=-336.47

Gen  392/500 [███████████████████████████████████████░░░░░░░░░░░]  78.4%
     Best:     Objective 1=  32.40  Objective 2= -32.56
     Mean:     Objective 1= -23.89  Objective 2=-367.41

Gen  393/500 [███████████████████████████████████████░░░░░░░░░░░]  78.6%
     Best:     Objective 1=  30.40  Objective 2= -32.61
     Mean:     Objective 1= -22.24  Objective 2=-374.48

Gen  394/500 [███████████████████████████████████████░░░░░░░░░░░]  78.8%
     Best:     Objective 1=  44.45  Objective 2= -32.00
     Mean:     Objective 1= -26.31  Objective 2=-427.03

Gen  395/500 [███████████████████████████████████████░░░░░░░░░░░]  79.0%
     Best:     Objective 1=  39.06  Objective 2= -35.20
     Mean:     Objective 1= -26.66  Objective 2=-353.30

Generation 395:	[ 54.37877836 -33.30829808]
Mean fitness:	-178.03 +- 365.13
Mean fitness per obj: ['-19.56 +-33.70', '-336.50 +-463.98']
Gen  396/500 [███████████████████████████████████████░░░░░░░░░░░]  79.2%
     Best:     Objective 1=  45.21  Objective 2= -33.25
     Mean:     Objective 1= -19.56  Objective 2=-336.50

Gen  397/500 [███████████████████████████████████████░░░░░░░░░░░]  79.4%
     Best:     Objective 1=  32.78  Objective 2= -34.05
     Mean:     Objective 1= -21.82  Objective 2=-396.96

Gen  398/500 [███████████████████████████████████████░░░░░░░░░░░]  79.6%
     Best:     Objective 1=  26.16  Objective 2= -35.07
     Mean:     Objective 1= -21.39  Objective 2=-385.27

Gen  399/500 [███████████████████████████████████████░░░░░░░░░░░]  79.8%
     Best:     Objective 1=  14.20  Objective 2= -33.34
     Mean:     Objective 1= -21.60  Objective 2=-367.57

Gen  400/500 [████████████████████████████████████████░░░░░░░░░░]  80.0%
     Best:     Objective 1=  49.06  Objective 2= -34.31
     Mean:     Objective 1= -22.26  Objective 2=-307.99

Generation 400:	[ 54.37877836 -33.30829808]
Mean fitness:	-192.51 +- 400.43
Mean fitness per obj: ['-25.01 +-55.01', '-360.00 +-511.42']
Gen  401/500 [████████████████████████████████████████░░░░░░░░░░]  80.2%
     Best:     Objective 1=  34.09  Objective 2= -34.01
     Mean:     Objective 1= -25.01  Objective 2=-360.00

Gen  402/500 [████████████████████████████████████████░░░░░░░░░░]  80.4%
     Best:     Objective 1=  31.93  Objective 2= -34.94
     Mean:     Objective 1= -21.52  Objective 2=-371.37

Gen  403/500 [████████████████████████████████████████░░░░░░░░░░]  80.6%
     Best:     Objective 1=  24.63  Objective 2= -31.88
     Mean:     Objective 1= -22.39  Objective 2=-351.98

Gen  404/500 [████████████████████████████████████████░░░░░░░░░░]  80.8%
     Best:     Objective 1=  31.62  Objective 2= -29.63
     Mean:     Objective 1= -21.65  Objective 2=-353.35

Gen  405/500 [████████████████████████████████████████░░░░░░░░░░]  81.0%
     Best:     Objective 1=  35.09  Objective 2= -31.45
     Mean:     Objective 1= -20.49  Objective 2=-337.59

Generation 405:	[ 54.37877836 -33.30829808]
Mean fitness:	-185.80 +- 379.55
Mean fitness per obj: ['-23.20 +-50.68', '-348.40 +-482.35']
Gen  406/500 [████████████████████████████████████████░░░░░░░░░░]  81.2%
     Best:     Objective 1=  33.22  Objective 2= -30.43
     Mean:     Objective 1= -23.20  Objective 2=-348.40

Gen  407/500 [████████████████████████████████████████░░░░░░░░░░]  81.4%
     Best:     Objective 1=  43.31  Objective 2= -30.57
     Mean:     Objective 1= -25.16  Objective 2=-313.57

Gen  408/500 [████████████████████████████████████████░░░░░░░░░░]  81.6%
     Best:     Objective 1=  41.29  Objective 2= -33.08
     Mean:     Objective 1= -23.88  Objective 2=-355.33

Gen  409/500 [████████████████████████████████████████░░░░░░░░░░]  81.8%
     Best:     Objective 1=  35.71  Objective 2= -33.60
     Mean:     Objective 1= -21.22  Objective 2=-335.91

Gen  410/500 [█████████████████████████████████████████░░░░░░░░░]  82.0%
     Best:     Objective 1=  28.35  Objective 2= -33.02
     Mean:     Objective 1= -24.61  Objective 2=-306.68

Generation 410:	[ 54.37877836 -33.30829808]
Mean fitness:	-194.41 +- 389.92
Mean fitness per obj: ['-19.67 +-38.82', '-369.15 +-491.43']
Gen  411/500 [█████████████████████████████████████████░░░░░░░░░]  82.2%
     Best:     Objective 1=  35.65  Objective 2= -35.40
     Mean:     Objective 1= -19.67  Objective 2=-369.15

Gen  412/500 [█████████████████████████████████████████░░░░░░░░░]  82.4%
     Best:     Objective 1=  30.50  Objective 2= -34.16
     Mean:     Objective 1= -22.03  Objective 2=-372.51

Gen  413/500 [█████████████████████████████████████████░░░░░░░░░]  82.6%
     Best:     Objective 1=  22.52  Objective 2= -30.51
     Mean:     Objective 1= -23.84  Objective 2=-387.56

Gen  414/500 [█████████████████████████████████████████░░░░░░░░░]  82.8%
     Best:     Objective 1=  24.70  Objective 2= -32.86
     Mean:     Objective 1= -20.35  Objective 2=-379.14

Gen  415/500 [█████████████████████████████████████████░░░░░░░░░]  83.0%
     Best:     Objective 1=  35.27  Objective 2= -30.97
     Mean:     Objective 1= -21.73  Objective 2=-414.44

Generation 415:	[ 54.37877836 -33.30829808]
Mean fitness:	-178.54 +- 359.49
Mean fitness per obj: ['-19.66 +-33.11', '-337.42 +-454.84']
Gen  416/500 [█████████████████████████████████████████░░░░░░░░░]  83.2%
     Best:     Objective 1=  29.98  Objective 2= -31.43
     Mean:     Objective 1= -19.66  Objective 2=-337.42

Gen  417/500 [█████████████████████████████████████████░░░░░░░░░]  83.4%
     Best:     Objective 1=  28.28  Objective 2= -32.94
     Mean:     Objective 1= -23.08  Objective 2=-382.97

Gen  418/500 [█████████████████████████████████████████░░░░░░░░░]  83.6%
     Best:     Objective 1=  27.61  Objective 2= -34.89
     Mean:     Objective 1= -23.83  Objective 2=-384.74

Gen  419/500 [█████████████████████████████████████████░░░░░░░░░]  83.8%
     Best:     Objective 1=  26.55  Objective 2= -28.38
     Mean:     Objective 1= -21.40  Objective 2=-344.56

Gen  420/500 [██████████████████████████████████████████░░░░░░░░]  84.0%
     Best:     Objective 1=  26.98  Objective 2= -32.67
     Mean:     Objective 1= -22.16  Objective 2=-387.42

Generation 420:	[ 54.37877836 -33.30829808]
Mean fitness:	-222.46 +- 429.83
Mean fitness per obj: ['-25.80 +-56.43', '-419.12 +-537.56']
Gen  421/500 [██████████████████████████████████████████░░░░░░░░]  84.2%
     Best:     Objective 1=  36.58  Objective 2= -32.95
     Mean:     Objective 1= -25.80  Objective 2=-419.12

Gen  422/500 [██████████████████████████████████████████░░░░░░░░]  84.4%
     Best:     Objective 1=  24.40  Objective 2= -30.88
     Mean:     Objective 1= -24.18  Objective 2=-410.63

Gen  423/500 [██████████████████████████████████████████░░░░░░░░]  84.6%
     Best:     Objective 1=  28.61  Objective 2= -31.58
     Mean:     Objective 1= -23.44  Objective 2=-321.89

Gen  424/500 [██████████████████████████████████████████░░░░░░░░]  84.8%
     Best:     Objective 1=  19.84  Objective 2= -32.89
     Mean:     Objective 1= -21.81  Objective 2=-363.31

Gen  425/500 [██████████████████████████████████████████░░░░░░░░]  85.0%
     Best:     Objective 1=  47.54  Objective 2= -30.78
     Mean:     Objective 1= -20.82  Objective 2=-384.98

Generation 425:	[ 54.37877836 -33.30829808]
Mean fitness:	-181.33 +- 346.26
Mean fitness per obj: ['-22.90 +-45.79', '-339.76 +-433.01']
Gen  426/500 [██████████████████████████████████████████░░░░░░░░]  85.2%
     Best:     Objective 1=  28.42  Objective 2= -33.76
     Mean:     Objective 1= -22.90  Objective 2=-339.76

Gen  427/500 [██████████████████████████████████████████░░░░░░░░]  85.4%
     Best:     Objective 1=  22.22  Objective 2= -33.26
     Mean:     Objective 1= -22.33  Objective 2=-370.65

Gen  428/500 [██████████████████████████████████████████░░░░░░░░]  85.6%
     Best:     Objective 1=  16.62  Objective 2= -29.60
     Mean:     Objective 1= -18.63  Objective 2=-352.47

Gen  429/500 [██████████████████████████████████████████░░░░░░░░]  85.8%
     Best:     Objective 1=  47.17  Objective 2= -31.07
     Mean:     Objective 1= -21.01  Objective 2=-399.23

Gen  430/500 [███████████████████████████████████████████░░░░░░░]  86.0%
     Best:     Objective 1=  17.03  Objective 2= -31.71
     Mean:     Objective 1= -24.56  Objective 2=-353.07

Generation 430:	[ 54.37877836 -33.30829808]
Mean fitness:	-191.43 +- 383.03
Mean fitness per obj: ['-23.57 +-50.35', '-359.28 +-484.29']
Gen  431/500 [███████████████████████████████████████████░░░░░░░]  86.2%
     Best:     Objective 1=  27.11  Objective 2= -33.21
     Mean:     Objective 1= -23.57  Objective 2=-359.28

Gen  432/500 [███████████████████████████████████████████░░░░░░░]  86.4%
     Best:     Objective 1=  30.30  Objective 2= -32.54
     Mean:     Objective 1= -20.38  Objective 2=-407.14

Gen  433/500 [███████████████████████████████████████████░░░░░░░]  86.6%
     Best:     Objective 1=  37.75  Objective 2= -32.65
     Mean:     Objective 1= -21.10  Objective 2=-337.78

Gen  434/500 [███████████████████████████████████████████░░░░░░░]  86.8%
     Best:     Objective 1=  52.78  Objective 2= -32.42
     Mean:     Objective 1= -20.02  Objective 2=-367.48

Gen  435/500 [███████████████████████████████████████████░░░░░░░]  87.0%
     Best:     Objective 1=  45.27  Objective 2= -32.94
     Mean:     Objective 1= -19.13  Objective 2=-365.32

Generation 435:	[ 54.37877836 -33.30829808]
Mean fitness:	-207.51 +- 419.10
Mean fitness per obj: ['-22.98 +-46.27', '-392.05 +-530.13']
Gen  436/500 [███████████████████████████████████████████░░░░░░░]  87.2%
     Best:     Objective 1=  22.91  Objective 2= -32.37
     Mean:     Objective 1= -22.98  Objective 2=-392.05

Gen  437/500 [███████████████████████████████████████████░░░░░░░]  87.4%
     Best:     Objective 1=  37.95  Objective 2= -33.60
     Mean:     Objective 1= -20.87  Objective 2=-395.38

Gen  438/500 [███████████████████████████████████████████░░░░░░░]  87.6%
     Best:     Objective 1=  31.62  Objective 2= -31.16
     Mean:     Objective 1= -21.41  Objective 2=-388.22

Gen  439/500 [███████████████████████████████████████████░░░░░░░]  87.8%
     Best:     Objective 1=  31.47  Objective 2= -33.18
     Mean:     Objective 1= -24.35  Objective 2=-367.17

Gen  440/500 [████████████████████████████████████████████░░░░░░]  88.0%
     Best:     Objective 1=  22.01  Objective 2= -31.66
     Mean:     Objective 1= -17.33  Objective 2=-289.75

Generation 440:	[ 54.37877836 -33.30829808]
Mean fitness:	-183.64 +- 395.13
Mean fitness per obj: ['-23.23 +-47.18', '-344.06 +-508.50']
Gen  441/500 [████████████████████████████████████████████░░░░░░]  88.2%
     Best:     Objective 1=  39.83  Objective 2= -28.43
     Mean:     Objective 1= -23.23  Objective 2=-344.06

Gen  442/500 [████████████████████████████████████████████░░░░░░]  88.4%
     Best:     Objective 1=  32.66  Objective 2= -35.08
     Mean:     Objective 1= -26.42  Objective 2=-356.76

Gen  443/500 [████████████████████████████████████████████░░░░░░]  88.6%
     Best:     Objective 1=  33.73  Objective 2= -32.57
     Mean:     Objective 1= -22.93  Objective 2=-344.62

Gen  444/500 [████████████████████████████████████████████░░░░░░]  88.8%
     Best:     Objective 1=  51.41  Objective 2= -32.96
     Mean:     Objective 1= -22.61  Objective 2=-384.81

Gen  445/500 [████████████████████████████████████████████░░░░░░]  89.0%
     Best:     Objective 1=  30.80  Objective 2= -31.78
     Mean:     Objective 1= -23.10  Objective 2=-337.13

Generation 445:	[ 54.37877836 -33.30829808]
Mean fitness:	-188.33 +- 355.73
Mean fitness per obj: ['-25.43 +-54.51', '-351.24 +-443.89']
Gen  446/500 [████████████████████████████████████████████░░░░░░]  89.2%
     Best:     Objective 1=  26.12  Objective 2= -34.80
     Mean:     Objective 1= -25.43  Objective 2=-351.24

Gen  447/500 [████████████████████████████████████████████░░░░░░]  89.4%
     Best:     Objective 1=  32.18  Objective 2= -30.58
     Mean:     Objective 1= -26.39  Objective 2=-363.08

Gen  448/500 [████████████████████████████████████████████░░░░░░]  89.6%
     Best:     Objective 1=  48.49  Objective 2= -32.27
     Mean:     Objective 1= -20.71  Objective 2=-353.72

Gen  449/500 [████████████████████████████████████████████░░░░░░]  89.8%
     Best:     Objective 1=  26.93  Objective 2= -26.09
     Mean:     Objective 1= -22.17  Objective 2=-344.83

Gen  450/500 [█████████████████████████████████████████████░░░░░]  90.0%
     Best:     Objective 1=  32.31  Objective 2= -34.26
     Mean:     Objective 1= -24.46  Objective 2=-328.29

Generation 450:	[ 54.37877836 -33.30829808]
Mean fitness:	-185.67 +- 369.26
Mean fitness per obj: ['-21.70 +-46.93', '-349.64 +-465.55']
Gen  451/500 [█████████████████████████████████████████████░░░░░]  90.2%
     Best:     Objective 1=  38.25  Objective 2= -29.15
     Mean:     Objective 1= -21.70  Objective 2=-349.64

Gen  452/500 [█████████████████████████████████████████████░░░░░]  90.4%
     Best:     Objective 1=  32.65  Objective 2= -33.16
     Mean:     Objective 1= -21.48  Objective 2=-421.32

Gen  453/500 [█████████████████████████████████████████████░░░░░]  90.6%
     Best:     Objective 1=  39.60  Objective 2= -33.53
     Mean:     Objective 1= -23.99  Objective 2=-451.00

Gen  454/500 [█████████████████████████████████████████████░░░░░]  90.8%
     Best:     Objective 1=  58.70  Objective 2= -30.34
     Mean:     Objective 1= -27.45  Objective 2=-409.61

Gen  455/500 [█████████████████████████████████████████████░░░░░]  91.0%
     Best:     Objective 1=  48.67  Objective 2= -34.55
     Mean:     Objective 1= -22.42  Objective 2=-365.93

Generation 455:	[ 54.37877836 -33.30829808]
Mean fitness:	-180.14 +- 360.59
Mean fitness per obj: ['-19.67 +-40.47', '-340.62 +-454.87']
Gen  456/500 [█████████████████████████████████████████████░░░░░]  91.2%
     Best:     Objective 1=  30.33  Objective 2= -31.59
     Mean:     Objective 1= -19.67  Objective 2=-340.62

Gen  457/500 [█████████████████████████████████████████████░░░░░]  91.4%
     Best:     Objective 1=  23.53  Objective 2= -31.78
     Mean:     Objective 1= -20.57  Objective 2=-352.19

Gen  458/500 [█████████████████████████████████████████████░░░░░]  91.6%
     Best:     Objective 1=  35.93  Objective 2= -34.50
     Mean:     Objective 1= -23.47  Objective 2=-367.79

Gen  459/500 [█████████████████████████████████████████████░░░░░]  91.8%
     Best:     Objective 1=  50.98  Objective 2= -34.14
     Mean:     Objective 1= -22.23  Objective 2=-380.25

Gen  460/500 [██████████████████████████████████████████████░░░░]  92.0%
     Best:     Objective 1=  28.34  Objective 2= -35.88
     Mean:     Objective 1= -25.14  Objective 2=-393.22

Generation 460:	[ 54.37877836 -33.30829808]
Mean fitness:	-196.03 +- 368.45
Mean fitness per obj: ['-28.10 +-60.74', '-363.96 +-459.80']
Gen  461/500 [██████████████████████████████████████████████░░░░]  92.2%
     Best:     Objective 1=  28.72  Objective 2= -33.25
     Mean:     Objective 1= -28.10  Objective 2=-363.96

Gen  462/500 [██████████████████████████████████████████████░░░░]  92.4%
     Best:     Objective 1=  23.95  Objective 2= -32.64
     Mean:     Objective 1= -20.56  Objective 2=-362.61

Gen  463/500 [██████████████████████████████████████████████░░░░]  92.6%
     Best:     Objective 1=  63.92  Objective 2= -33.16
     Mean:     Objective 1= -22.37  Objective 2=-383.08

Gen  464/500 [██████████████████████████████████████████████░░░░]  92.8%
     Best:     Objective 1=  46.68  Objective 2= -34.42
     Mean:     Objective 1= -22.51  Objective 2=-367.93

Gen  465/500 [██████████████████████████████████████████████░░░░]  93.0%
     Best:     Objective 1=  35.11  Objective 2= -35.45
     Mean:     Objective 1= -20.26  Objective 2=-367.17

Generation 465:	[ 54.37877836 -33.30829808]
Mean fitness:	-192.85 +- 375.06
Mean fitness per obj: ['-20.48 +-40.62', '-365.21 +-469.33']
Gen  466/500 [██████████████████████████████████████████████░░░░]  93.2%
     Best:     Objective 1=  35.02  Objective 2= -31.53
     Mean:     Objective 1= -20.48  Objective 2=-365.21

Gen  467/500 [██████████████████████████████████████████████░░░░]  93.4%
     Best:     Objective 1=  35.58  Objective 2= -31.04
     Mean:     Objective 1= -28.27  Objective 2=-377.86

Gen  468/500 [██████████████████████████████████████████████░░░░]  93.6%
     Best:     Objective 1=  41.78  Objective 2= -30.12
     Mean:     Objective 1= -22.06  Objective 2=-385.55

Gen  469/500 [██████████████████████████████████████████████░░░░]  93.8%
     Best:     Objective 1=  33.31  Objective 2= -28.57
     Mean:     Objective 1= -19.38  Objective 2=-384.55

Gen  470/500 [███████████████████████████████████████████████░░░]  94.0%
     Best:     Objective 1=  21.84  Objective 2= -29.45
     Mean:     Objective 1= -22.40  Objective 2=-373.87

Generation 470:	[ 54.37877836 -33.30829808]
Mean fitness:	-201.25 +- 399.64
Mean fitness per obj: ['-23.93 +-49.27', '-378.57 +-504.10']
Gen  471/500 [███████████████████████████████████████████████░░░]  94.2%
     Best:     Objective 1=  27.49  Objective 2= -33.49
     Mean:     Objective 1= -23.93  Objective 2=-378.57

Gen  472/500 [███████████████████████████████████████████████░░░]  94.4%
     Best:     Objective 1=  18.46  Objective 2= -29.61
     Mean:     Objective 1= -25.42  Objective 2=-397.24

Gen  473/500 [███████████████████████████████████████████████░░░]  94.6%
     Best:     Objective 1=  51.54  Objective 2= -32.78
     Mean:     Objective 1= -20.87  Objective 2=-359.08

Gen  474/500 [███████████████████████████████████████████████░░░]  94.8%
     Best:     Objective 1=  42.52  Objective 2= -28.06
     Mean:     Objective 1= -21.31  Objective 2=-362.85

Gen  475/500 [███████████████████████████████████████████████░░░]  95.0%
     Best:     Objective 1=  32.07  Objective 2= -30.96
     Mean:     Objective 1= -24.36  Objective 2=-344.66

Generation 475:	[ 54.37877836 -33.30829808]
Mean fitness:	-192.11 +- 379.69
Mean fitness per obj: ['-25.20 +-55.58', '-359.02 +-479.08']
Gen  476/500 [███████████████████████████████████████████████░░░]  95.2%
     Best:     Objective 1=  40.18  Objective 2= -34.19
     Mean:     Objective 1= -25.20  Objective 2=-359.02

Gen  477/500 [███████████████████████████████████████████████░░░]  95.4%
     Best:     Objective 1=  20.15  Objective 2= -29.18
     Mean:     Objective 1= -26.63  Objective 2=-371.28

Gen  478/500 [███████████████████████████████████████████████░░░]  95.6%
     Best:     Objective 1=  38.26  Objective 2= -32.85
     Mean:     Objective 1= -24.20  Objective 2=-349.88

Gen  479/500 [███████████████████████████████████████████████░░░]  95.8%
     Best:     Objective 1=  33.41  Objective 2= -33.05
     Mean:     Objective 1= -20.74  Objective 2=-377.53

Gen  480/500 [████████████████████████████████████████████████░░]  96.0%
     Best:     Objective 1=  22.35  Objective 2= -25.94
     Mean:     Objective 1= -22.51  Objective 2=-348.53

Generation 480:	[ 54.37877836 -33.30829808]
Mean fitness:	-214.55 +- 401.25
Mean fitness per obj: ['-25.17 +-55.31', '-403.92 +-497.21']
Gen  481/500 [████████████████████████████████████████████████░░]  96.2%
     Best:     Objective 1=  30.87  Objective 2= -29.12
     Mean:     Objective 1= -25.17  Objective 2=-403.92

Gen  482/500 [████████████████████████████████████████████████░░]  96.4%
     Best:     Objective 1=  42.92  Objective 2= -33.31
     Mean:     Objective 1= -19.91  Objective 2=-353.52

Gen  483/500 [████████████████████████████████████████████████░░]  96.6%
     Best:     Objective 1=  29.80  Objective 2= -33.97
     Mean:     Objective 1= -21.33  Objective 2=-378.79

Gen  484/500 [████████████████████████████████████████████████░░]  96.8%
     Best:     Objective 1=  22.24  Objective 2= -33.57
     Mean:     Objective 1= -24.79  Objective 2=-353.42

Gen  485/500 [████████████████████████████████████████████████░░]  97.0%
     Best:     Objective 1=  37.35  Objective 2= -30.14
     Mean:     Objective 1= -23.54  Objective 2=-396.48

Generation 485:	[ 54.37877836 -33.30829808]
Mean fitness:	-183.74 +- 367.25
Mean fitness per obj: ['-21.47 +-46.64', '-346.02 +-463.57']
Gen  486/500 [████████████████████████████████████████████████░░]  97.2%
     Best:     Objective 1=  47.86  Objective 2= -35.20
     Mean:     Objective 1= -21.47  Objective 2=-346.02

Gen  487/500 [████████████████████████████████████████████████░░]  97.4%
     Best:     Objective 1=  30.17  Objective 2= -30.00
     Mean:     Objective 1= -21.41  Objective 2=-389.65

Gen  488/500 [████████████████████████████████████████████████░░]  97.6%
     Best:     Objective 1=  40.13  Objective 2= -28.92
     Mean:     Objective 1= -22.31  Objective 2=-379.92

Gen  489/500 [████████████████████████████████████████████████░░]  97.8%
     Best:     Objective 1=  32.48  Objective 2= -32.67
     Mean:     Objective 1= -24.34  Objective 2=-360.15

Gen  490/500 [█████████████████████████████████████████████████░]  98.0%
     Best:     Objective 1=  26.96  Objective 2= -28.88
     Mean:     Objective 1= -24.60  Objective 2=-332.76

Generation 490:	[ 54.37877836 -33.30829808]
Mean fitness:	-195.45 +- 353.69
Mean fitness per obj: ['-26.60 +-54.56', '-364.31 +-436.11']
Gen  491/500 [█████████████████████████████████████████████████░]  98.2%
     Best:     Objective 1=  25.82  Objective 2= -35.08
     Mean:     Objective 1= -26.60  Objective 2=-364.31

Gen  492/500 [█████████████████████████████████████████████████░]  98.4%
     Best:     Objective 1=  53.61  Objective 2= -32.18
     Mean:     Objective 1= -19.01  Objective 2=-394.38

Gen  493/500 [█████████████████████████████████████████████████░]  98.6%
     Best:     Objective 1=  56.29  Objective 2= -31.40
     Mean:     Objective 1= -21.79  Objective 2=-379.51

Gen  494/500 [█████████████████████████████████████████████████░]  98.8%
     Best:     Objective 1=  35.57  Objective 2= -30.55
     Mean:     Objective 1= -26.02  Objective 2=-368.74

Gen  495/500 [█████████████████████████████████████████████████░]  99.0%
     Best:     Objective 1=  32.10  Objective 2= -26.85
     Mean:     Objective 1= -25.18  Objective 2=-355.22

Generation 495:	[ 54.37877836 -33.30829808]
Mean fitness:	-187.51 +- 348.75
Mean fitness per obj: ['-24.09 +-50.68', '-350.93 +-432.75']
Gen  496/500 [█████████████████████████████████████████████████░]  99.2%
     Best:     Objective 1=  43.44  Objective 2= -34.48
     Mean:     Objective 1= -24.09  Objective 2=-350.93

Gen  497/500 [█████████████████████████████████████████████████░]  99.4%
     Best:     Objective 1=  28.94  Objective 2= -32.35
     Mean:     Objective 1= -18.98  Objective 2=-374.11

Gen  498/500 [█████████████████████████████████████████████████░]  99.6%
     Best:     Objective 1=  15.52  Objective 2= -32.34
     Mean:     Objective 1= -26.20  Objective 2=-377.39

Gen  499/500 [█████████████████████████████████████████████████░]  99.8%
     Best:     Objective 1=  34.17  Objective 2= -31.27
     Mean:     Objective 1= -19.49  Objective 2=-382.56

Gen  500/500 [██████████████████████████████████████████████████] 100.0%
     Best:     Objective 1=  33.85  Objective 2= -32.25
     Mean:     Objective 1= -19.16  Objective 2=-387.30

Fitness plot saved to: results/20260331_214024_nsga_ckpts/fitness_plot.pdf
Pareto front plot saved to: results/20260331_214024_nsga_ckpts/pareto_fronts.pdf
Loaded genotype from: results/20260331_214024_nsga_ckpts/499/x_best.npy  (shape: (560,))
Controller: NeuralNetworkController  |  Parameters: 560

Evaluating on flat terrain (256 episodes)...
  Flat : mean=-18.94 +/- 33.13  best=23.96  worst=-345.24
Evaluating on ice terrain (256 episodes)...
  Ice  : mean=-548.41 +/- 1166.76  best=-32.26  worst=-5539.87
  Video saved to: results/20260331_214024_nsga_ckpts/evaluation_flat.mp4
  Video saved to: results/20260331_214024_nsga_ckpts/evaluation_ice.mp4

Score saved to: results/20260331_214024_nsga_ckpts/evaluation_score.txt

==================================================
  FLAT : -18.94 +/- 33.13  (best: 23.96)
  ICE  : -548.41 +/- 1166.76  (best: -32.26)
==================================================
