
######################################################################

Num Generations: 500 | Population Size: 300 | Parents: 30 | Mutation Prob: 0.3 | Crossover Prob: 0.5

######################################################################
Metadata saved to: results/20260331_124503_nsga_ckpts/metadata.txt

======================================================================
                 MULTI-OBJECTIVE EVOLUTION - NSGA-II                  
======================================================================
Population: 300 | Generations: 500 | Parents: 30
Objective 1: Flat Terrain Speed | Objective 2: Ice Terrain Speed
======================================================================

Generation 0:	[ -6.72590306 -68.14328294]
Mean fitness:	-328.45 +- 569.63
Mean fitness per obj: ['-53.08 +-52.49', '-603.81 +-703.24']
Gen    1/500 [░░░░░░░░░░░░░░░░░░░░░░░░░░░░░░░░░░░░░░░░░░░░░░░░░░]   0.2%
     Best:     Objective 1=   7.89  Objective 2= -60.13
     Mean:     Objective 1= -53.08  Objective 2=-603.81

Gen    2/500 [░░░░░░░░░░░░░░░░░░░░░░░░░░░░░░░░░░░░░░░░░░░░░░░░░░]   0.4%
     Best:     Objective 1=  -3.42  Objective 2= -62.07
     Mean:     Objective 1= -47.06  Objective 2=-473.53

Gen    3/500 [░░░░░░░░░░░░░░░░░░░░░░░░░░░░░░░░░░░░░░░░░░░░░░░░░░]   0.6%
     Best:     Objective 1=  19.17  Objective 2= -54.19
     Mean:     Objective 1= -45.28  Objective 2=-461.31

Gen    4/500 [░░░░░░░░░░░░░░░░░░░░░░░░░░░░░░░░░░░░░░░░░░░░░░░░░░]   0.8%
     Best:     Objective 1=  18.12  Objective 2= -53.58
     Mean:     Objective 1= -41.94  Objective 2=-444.69

Gen    5/500 [░░░░░░░░░░░░░░░░░░░░░░░░░░░░░░░░░░░░░░░░░░░░░░░░░░]   1.0%
     Best:     Objective 1=   3.24  Objective 2= -53.08
     Mean:     Objective 1= -45.25  Objective 2=-415.53

Generation 5:	[  3.24390414 -54.97095995]
Mean fitness:	-270.16 +- 496.94
Mean fitness per obj: ['-38.82 +-45.31', '-501.49 +-620.33']
Gen    6/500 [░░░░░░░░░░░░░░░░░░░░░░░░░░░░░░░░░░░░░░░░░░░░░░░░░░]   1.2%
     Best:     Objective 1=  19.66  Objective 2= -52.64
     Mean:     Objective 1= -38.82  Objective 2=-501.49

Gen    7/500 [░░░░░░░░░░░░░░░░░░░░░░░░░░░░░░░░░░░░░░░░░░░░░░░░░░]   1.4%
     Best:     Objective 1=  18.82  Objective 2= -54.72
     Mean:     Objective 1= -36.96  Objective 2=-404.50

Gen    8/500 [░░░░░░░░░░░░░░░░░░░░░░░░░░░░░░░░░░░░░░░░░░░░░░░░░░]   1.6%
     Best:     Objective 1=  13.11  Objective 2= -47.74
     Mean:     Objective 1= -39.65  Objective 2=-473.68

Gen    9/500 [░░░░░░░░░░░░░░░░░░░░░░░░░░░░░░░░░░░░░░░░░░░░░░░░░░]   1.8%
     Best:     Objective 1=  18.65  Objective 2= -45.15
     Mean:     Objective 1= -32.95  Objective 2=-432.23

Gen   10/500 [█░░░░░░░░░░░░░░░░░░░░░░░░░░░░░░░░░░░░░░░░░░░░░░░░░]   2.0%
     Best:     Objective 1=   4.39  Objective 2= -50.16
     Mean:     Objective 1= -35.83  Objective 2=-399.04

Generation 10:	[  3.24390414 -54.97095995]
Mean fitness:	-217.67 +- 412.99
Mean fitness per obj: ['-31.53 +-32.69', '-403.82 +-520.33']
Gen   11/500 [█░░░░░░░░░░░░░░░░░░░░░░░░░░░░░░░░░░░░░░░░░░░░░░░░░]   2.2%
     Best:     Objective 1=  22.02  Objective 2= -49.71
     Mean:     Objective 1= -31.53  Objective 2=-403.82

Gen   12/500 [█░░░░░░░░░░░░░░░░░░░░░░░░░░░░░░░░░░░░░░░░░░░░░░░░░]   2.4%
     Best:     Objective 1=   7.02  Objective 2= -44.90
     Mean:     Objective 1= -33.83  Objective 2=-352.75

Gen   13/500 [█░░░░░░░░░░░░░░░░░░░░░░░░░░░░░░░░░░░░░░░░░░░░░░░░░]   2.6%
     Best:     Objective 1=  11.87  Objective 2= -44.85
     Mean:     Objective 1= -31.54  Objective 2=-388.55

Gen   14/500 [█░░░░░░░░░░░░░░░░░░░░░░░░░░░░░░░░░░░░░░░░░░░░░░░░░]   2.8%
     Best:     Objective 1=  -3.62  Objective 2= -46.28
     Mean:     Objective 1= -35.20  Objective 2=-407.54

Gen   15/500 [█░░░░░░░░░░░░░░░░░░░░░░░░░░░░░░░░░░░░░░░░░░░░░░░░░]   3.0%
     Best:     Objective 1=   7.57  Objective 2= -49.32
     Mean:     Objective 1= -34.29  Objective 2=-388.23

Generation 15:	[  3.24390414 -54.97095995]
Mean fitness:	-228.40 +- 462.58
Mean fitness per obj: ['-33.25 +-47.28', '-423.55 +-591.23']
Gen   16/500 [█░░░░░░░░░░░░░░░░░░░░░░░░░░░░░░░░░░░░░░░░░░░░░░░░░]   3.2%
     Best:     Objective 1=  22.13  Objective 2= -45.98
     Mean:     Objective 1= -33.25  Objective 2=-423.55

Gen   17/500 [█░░░░░░░░░░░░░░░░░░░░░░░░░░░░░░░░░░░░░░░░░░░░░░░░░]   3.4%
     Best:     Objective 1=   9.83  Objective 2= -44.06
     Mean:     Objective 1= -32.50  Objective 2=-401.49

Gen   18/500 [█░░░░░░░░░░░░░░░░░░░░░░░░░░░░░░░░░░░░░░░░░░░░░░░░░]   3.6%
     Best:     Objective 1=  15.31  Objective 2= -46.79
     Mean:     Objective 1= -33.02  Objective 2=-359.84

Gen   19/500 [█░░░░░░░░░░░░░░░░░░░░░░░░░░░░░░░░░░░░░░░░░░░░░░░░░]   3.8%
     Best:     Objective 1=  18.19  Objective 2= -46.90
     Mean:     Objective 1= -32.31  Objective 2=-410.87

Gen   20/500 [██░░░░░░░░░░░░░░░░░░░░░░░░░░░░░░░░░░░░░░░░░░░░░░░░]   4.0%
     Best:     Objective 1=  10.45  Objective 2= -46.51
     Mean:     Objective 1= -31.76  Objective 2=-366.34

Generation 20:	[  3.24390414 -54.97095995]
Mean fitness:	-207.72 +- 389.46
Mean fitness per obj: ['-27.94 +-35.71', '-387.51 +-487.28']
Gen   21/500 [██░░░░░░░░░░░░░░░░░░░░░░░░░░░░░░░░░░░░░░░░░░░░░░░░]   4.2%
     Best:     Objective 1=  21.37  Objective 2= -44.57
     Mean:     Objective 1= -27.94  Objective 2=-387.51

Gen   22/500 [██░░░░░░░░░░░░░░░░░░░░░░░░░░░░░░░░░░░░░░░░░░░░░░░░]   4.4%
     Best:     Objective 1=  35.30  Objective 2= -37.88
     Mean:     Objective 1= -31.39  Objective 2=-405.71

Gen   23/500 [██░░░░░░░░░░░░░░░░░░░░░░░░░░░░░░░░░░░░░░░░░░░░░░░░]   4.6%
     Best:     Objective 1=   9.62  Objective 2= -45.69
     Mean:     Objective 1= -30.61  Objective 2=-391.95

Gen   24/500 [██░░░░░░░░░░░░░░░░░░░░░░░░░░░░░░░░░░░░░░░░░░░░░░░░]   4.8%
     Best:     Objective 1=  35.22  Objective 2= -48.66
     Mean:     Objective 1= -30.77  Objective 2=-340.37

Gen   25/500 [██░░░░░░░░░░░░░░░░░░░░░░░░░░░░░░░░░░░░░░░░░░░░░░░░]   5.0%
     Best:     Objective 1=  20.24  Objective 2= -32.46
     Mean:     Objective 1= -31.75  Objective 2=-395.62

Generation 25:	[  3.24390414 -54.97095995]
Mean fitness:	-223.46 +- 438.50
Mean fitness per obj: ['-32.76 +-39.56', '-414.16 +-557.01']
Gen   26/500 [██░░░░░░░░░░░░░░░░░░░░░░░░░░░░░░░░░░░░░░░░░░░░░░░░]   5.2%
     Best:     Objective 1=  22.82  Objective 2= -44.73
     Mean:     Objective 1= -32.76  Objective 2=-414.16

Gen   27/500 [██░░░░░░░░░░░░░░░░░░░░░░░░░░░░░░░░░░░░░░░░░░░░░░░░]   5.4%
     Best:     Objective 1=  25.01  Objective 2= -38.07
     Mean:     Objective 1= -27.78  Objective 2=-291.14

Gen   28/500 [██░░░░░░░░░░░░░░░░░░░░░░░░░░░░░░░░░░░░░░░░░░░░░░░░]   5.6%
     Best:     Objective 1=  41.43  Objective 2= -44.01
     Mean:     Objective 1= -25.77  Objective 2=-370.10

Gen   29/500 [██░░░░░░░░░░░░░░░░░░░░░░░░░░░░░░░░░░░░░░░░░░░░░░░░]   5.8%
     Best:     Objective 1=  33.82  Objective 2= -40.02
     Mean:     Objective 1= -27.93  Objective 2=-314.81

Gen   30/500 [███░░░░░░░░░░░░░░░░░░░░░░░░░░░░░░░░░░░░░░░░░░░░░░░]   6.0%
     Best:     Objective 1=   7.68  Objective 2= -47.59
     Mean:     Objective 1= -27.13  Objective 2=-334.94

Generation 30:	[ 41.43079016 -52.52615685]
Mean fitness:	-176.19 +- 362.01
Mean fitness per obj: ['-26.35 +-29.14', '-326.03 +-465.14']
Gen   31/500 [███░░░░░░░░░░░░░░░░░░░░░░░░░░░░░░░░░░░░░░░░░░░░░░░]   6.2%
     Best:     Objective 1=  17.19  Objective 2= -42.79
     Mean:     Objective 1= -26.35  Objective 2=-326.03

Gen   32/500 [███░░░░░░░░░░░░░░░░░░░░░░░░░░░░░░░░░░░░░░░░░░░░░░░]   6.4%
     Best:     Objective 1=  13.30  Objective 2= -43.16
     Mean:     Objective 1= -24.60  Objective 2=-311.10

Gen   33/500 [███░░░░░░░░░░░░░░░░░░░░░░░░░░░░░░░░░░░░░░░░░░░░░░░]   6.6%
     Best:     Objective 1=  27.28  Objective 2= -43.94
     Mean:     Objective 1= -26.10  Objective 2=-311.93

Gen   34/500 [███░░░░░░░░░░░░░░░░░░░░░░░░░░░░░░░░░░░░░░░░░░░░░░░]   6.8%
     Best:     Objective 1=  72.18  Objective 2= -47.25
     Mean:     Objective 1= -26.38  Objective 2=-345.68

Gen   35/500 [███░░░░░░░░░░░░░░░░░░░░░░░░░░░░░░░░░░░░░░░░░░░░░░░]   7.0%
     Best:     Objective 1=  16.23  Objective 2= -43.68
     Mean:     Objective 1= -30.43  Objective 2=-304.03

Generation 35:	[ 41.43079016 -52.52615685]
Mean fitness:	-192.49 +- 399.48
Mean fitness per obj: ['-27.34 +-43.19', '-357.63 +-512.59']
Gen   36/500 [███░░░░░░░░░░░░░░░░░░░░░░░░░░░░░░░░░░░░░░░░░░░░░░░]   7.2%
     Best:     Objective 1=  18.44  Objective 2= -42.35
     Mean:     Objective 1= -27.34  Objective 2=-357.63

Gen   37/500 [███░░░░░░░░░░░░░░░░░░░░░░░░░░░░░░░░░░░░░░░░░░░░░░░]   7.4%
     Best:     Objective 1=  21.44  Objective 2= -43.99
     Mean:     Objective 1= -31.07  Objective 2=-388.12

Gen   38/500 [███░░░░░░░░░░░░░░░░░░░░░░░░░░░░░░░░░░░░░░░░░░░░░░░]   7.6%
     Best:     Objective 1=  44.48  Objective 2= -40.75
     Mean:     Objective 1= -29.91  Objective 2=-327.55

Gen   39/500 [███░░░░░░░░░░░░░░░░░░░░░░░░░░░░░░░░░░░░░░░░░░░░░░░]   7.8%
     Best:     Objective 1=  38.05  Objective 2= -41.51
     Mean:     Objective 1= -26.89  Objective 2=-367.11

Gen   40/500 [████░░░░░░░░░░░░░░░░░░░░░░░░░░░░░░░░░░░░░░░░░░░░░░]   8.0%
     Best:     Objective 1=  35.38  Objective 2= -43.64
     Mean:     Objective 1= -24.50  Objective 2=-339.45

Generation 40:	[ 41.43079016 -52.52615685]
Mean fitness:	-170.15 +- 331.24
Mean fitness per obj: ['-21.84 +-22.23', '-318.46 +-418.28']
Gen   41/500 [████░░░░░░░░░░░░░░░░░░░░░░░░░░░░░░░░░░░░░░░░░░░░░░]   8.2%
     Best:     Objective 1=  32.48  Objective 2= -40.02
     Mean:     Objective 1= -21.84  Objective 2=-318.46

Gen   42/500 [████░░░░░░░░░░░░░░░░░░░░░░░░░░░░░░░░░░░░░░░░░░░░░░]   8.4%
     Best:     Objective 1=  28.46  Objective 2= -42.40
     Mean:     Objective 1= -25.46  Objective 2=-329.00

Gen   43/500 [████░░░░░░░░░░░░░░░░░░░░░░░░░░░░░░░░░░░░░░░░░░░░░░]   8.6%
     Best:     Objective 1=  37.86  Objective 2= -41.61
     Mean:     Objective 1= -27.33  Objective 2=-280.55

Gen   44/500 [████░░░░░░░░░░░░░░░░░░░░░░░░░░░░░░░░░░░░░░░░░░░░░░]   8.8%
     Best:     Objective 1=  29.91  Objective 2= -37.93
     Mean:     Objective 1= -20.52  Objective 2=-349.82

Gen   45/500 [████░░░░░░░░░░░░░░░░░░░░░░░░░░░░░░░░░░░░░░░░░░░░░░]   9.0%
     Best:     Objective 1=  56.10  Objective 2= -29.28
     Mean:     Objective 1= -28.02  Objective 2=-361.96

Generation 45:	[ 41.43079016 -52.52615685]
Mean fitness:	-176.81 +- 327.43
Mean fitness per obj: ['-23.57 +-33.36', '-330.06 +-407.84']
Gen   46/500 [████░░░░░░░░░░░░░░░░░░░░░░░░░░░░░░░░░░░░░░░░░░░░░░]   9.2%
     Best:     Objective 1=  20.70  Objective 2= -43.37
     Mean:     Objective 1= -23.57  Objective 2=-330.06

Gen   47/500 [████░░░░░░░░░░░░░░░░░░░░░░░░░░░░░░░░░░░░░░░░░░░░░░]   9.4%
     Best:     Objective 1=  24.08  Objective 2= -43.64
     Mean:     Objective 1= -24.41  Objective 2=-363.57

Gen   48/500 [████░░░░░░░░░░░░░░░░░░░░░░░░░░░░░░░░░░░░░░░░░░░░░░]   9.6%
     Best:     Objective 1=  28.61  Objective 2= -37.53
     Mean:     Objective 1= -29.56  Objective 2=-315.56

Gen   49/500 [████░░░░░░░░░░░░░░░░░░░░░░░░░░░░░░░░░░░░░░░░░░░░░░]   9.8%
     Best:     Objective 1=  37.64  Objective 2= -38.90
     Mean:     Objective 1= -24.12  Objective 2=-391.21

Gen   50/500 [█████░░░░░░░░░░░░░░░░░░░░░░░░░░░░░░░░░░░░░░░░░░░░░]  10.0%
     Best:     Objective 1=  31.31  Objective 2= -43.31
     Mean:     Objective 1= -19.84  Objective 2=-294.03

Generation 50:	[ 41.43079016 -52.52615685]
Mean fitness:	-159.93 +- 315.01
Mean fitness per obj: ['-22.25 +-23.86', '-297.60 +-399.97']
Gen   51/500 [█████░░░░░░░░░░░░░░░░░░░░░░░░░░░░░░░░░░░░░░░░░░░░░]  10.2%
     Best:     Objective 1=  36.54  Objective 2= -41.68
     Mean:     Objective 1= -22.25  Objective 2=-297.60

Gen   52/500 [█████░░░░░░░░░░░░░░░░░░░░░░░░░░░░░░░░░░░░░░░░░░░░░]  10.4%
     Best:     Objective 1=  33.21  Objective 2= -35.06
     Mean:     Objective 1= -19.93  Objective 2=-370.31

Gen   53/500 [█████░░░░░░░░░░░░░░░░░░░░░░░░░░░░░░░░░░░░░░░░░░░░░]  10.6%
     Best:     Objective 1=  19.82  Objective 2= -44.08
     Mean:     Objective 1= -21.68  Objective 2=-367.77

Gen   54/500 [█████░░░░░░░░░░░░░░░░░░░░░░░░░░░░░░░░░░░░░░░░░░░░░]  10.8%
     Best:     Objective 1=  36.69  Objective 2= -40.46
     Mean:     Objective 1= -21.78  Objective 2=-350.71

Gen   55/500 [█████░░░░░░░░░░░░░░░░░░░░░░░░░░░░░░░░░░░░░░░░░░░░░]  11.0%
     Best:     Objective 1=  43.76  Objective 2= -41.51
     Mean:     Objective 1= -21.42  Objective 2=-327.51

Generation 55:	[ 41.43079016 -52.52615685]
Mean fitness:	-159.21 +- 314.02
Mean fitness per obj: ['-25.14 +-42.85', '-293.29 +-399.29']
Gen   56/500 [█████░░░░░░░░░░░░░░░░░░░░░░░░░░░░░░░░░░░░░░░░░░░░░]  11.2%
     Best:     Objective 1=  25.43  Objective 2= -41.33
     Mean:     Objective 1= -25.14  Objective 2=-293.29

Gen   57/500 [█████░░░░░░░░░░░░░░░░░░░░░░░░░░░░░░░░░░░░░░░░░░░░░]  11.4%
     Best:     Objective 1=  17.53  Objective 2= -43.00
     Mean:     Objective 1= -21.81  Objective 2=-319.69

Gen   58/500 [█████░░░░░░░░░░░░░░░░░░░░░░░░░░░░░░░░░░░░░░░░░░░░░]  11.6%
     Best:     Objective 1=  39.96  Objective 2= -43.08
     Mean:     Objective 1= -24.06  Objective 2=-352.08

Gen   59/500 [█████░░░░░░░░░░░░░░░░░░░░░░░░░░░░░░░░░░░░░░░░░░░░░]  11.8%
     Best:     Objective 1=  19.06  Objective 2= -40.89
     Mean:     Objective 1= -20.57  Objective 2=-314.84

Gen   60/500 [██████░░░░░░░░░░░░░░░░░░░░░░░░░░░░░░░░░░░░░░░░░░░░]  12.0%
     Best:     Objective 1=  32.20  Objective 2= -43.59
     Mean:     Objective 1= -20.74  Objective 2=-305.13

Generation 60:	[ 41.43079016 -52.52615685]
Mean fitness:	-180.38 +- 351.56
Mean fitness per obj: ['-21.76 +-23.26', '-339.01 +-443.09']
Gen   61/500 [██████░░░░░░░░░░░░░░░░░░░░░░░░░░░░░░░░░░░░░░░░░░░░]  12.2%
     Best:     Objective 1=  23.91  Objective 2= -44.19
     Mean:     Objective 1= -21.76  Objective 2=-339.01

Gen   62/500 [██████░░░░░░░░░░░░░░░░░░░░░░░░░░░░░░░░░░░░░░░░░░░░]  12.4%
     Best:     Objective 1=  44.66  Objective 2= -42.92
     Mean:     Objective 1= -23.34  Objective 2=-335.98

Gen   63/500 [██████░░░░░░░░░░░░░░░░░░░░░░░░░░░░░░░░░░░░░░░░░░░░]  12.6%
     Best:     Objective 1=  26.26  Objective 2= -45.10
     Mean:     Objective 1= -23.45  Objective 2=-366.66

Gen   64/500 [██████░░░░░░░░░░░░░░░░░░░░░░░░░░░░░░░░░░░░░░░░░░░░]  12.8%
     Best:     Objective 1=  25.52  Objective 2= -41.49
     Mean:     Objective 1= -24.62  Objective 2=-296.54

Gen   65/500 [██████░░░░░░░░░░░░░░░░░░░░░░░░░░░░░░░░░░░░░░░░░░░░]  13.0%
     Best:     Objective 1=  39.02  Objective 2= -42.57
     Mean:     Objective 1= -22.48  Objective 2=-321.79

Generation 65:	[ 41.43079016 -52.52615685]
Mean fitness:	-160.23 +- 295.17
Mean fitness per obj: ['-21.90 +-32.33', '-298.57 +-367.32']
Gen   66/500 [██████░░░░░░░░░░░░░░░░░░░░░░░░░░░░░░░░░░░░░░░░░░░░]  13.2%
     Best:     Objective 1=  44.03  Objective 2= -44.50
     Mean:     Objective 1= -21.90  Objective 2=-298.57

Gen   67/500 [██████░░░░░░░░░░░░░░░░░░░░░░░░░░░░░░░░░░░░░░░░░░░░]  13.4%
     Best:     Objective 1=  42.93  Objective 2= -38.41
     Mean:     Objective 1= -25.11  Objective 2=-309.33

Gen   68/500 [██████░░░░░░░░░░░░░░░░░░░░░░░░░░░░░░░░░░░░░░░░░░░░]  13.6%
     Best:     Objective 1=  18.23  Objective 2= -41.38
     Mean:     Objective 1= -21.83  Objective 2=-338.67

Gen   69/500 [██████░░░░░░░░░░░░░░░░░░░░░░░░░░░░░░░░░░░░░░░░░░░░]  13.8%
     Best:     Objective 1=  38.74  Objective 2= -43.68
     Mean:     Objective 1= -23.58  Objective 2=-352.65

Gen   70/500 [███████░░░░░░░░░░░░░░░░░░░░░░░░░░░░░░░░░░░░░░░░░░░]  14.0%
     Best:     Objective 1=  26.35  Objective 2= -38.47
     Mean:     Objective 1= -24.89  Objective 2=-301.33

Generation 70:	[ 41.43079016 -52.52615685]
Mean fitness:	-168.91 +- 330.51
Mean fitness per obj: ['-21.05 +-24.34', '-316.76 +-417.32']
Gen   71/500 [███████░░░░░░░░░░░░░░░░░░░░░░░░░░░░░░░░░░░░░░░░░░░]  14.2%
     Best:     Objective 1=  18.32  Objective 2= -40.12
     Mean:     Objective 1= -21.05  Objective 2=-316.76

Gen   72/500 [███████░░░░░░░░░░░░░░░░░░░░░░░░░░░░░░░░░░░░░░░░░░░]  14.4%
     Best:     Objective 1=  41.54  Objective 2= -41.69
     Mean:     Objective 1= -23.02  Objective 2=-310.63

Gen   73/500 [███████░░░░░░░░░░░░░░░░░░░░░░░░░░░░░░░░░░░░░░░░░░░]  14.6%
     Best:     Objective 1=  15.16  Objective 2= -39.33
     Mean:     Objective 1= -26.13  Objective 2=-323.16

Gen   74/500 [███████░░░░░░░░░░░░░░░░░░░░░░░░░░░░░░░░░░░░░░░░░░░]  14.8%
     Best:     Objective 1=  21.76  Objective 2= -42.91
     Mean:     Objective 1= -23.32  Objective 2=-347.47

Gen   75/500 [███████░░░░░░░░░░░░░░░░░░░░░░░░░░░░░░░░░░░░░░░░░░░]  15.0%
     Best:     Objective 1=  20.21  Objective 2= -42.14
     Mean:     Objective 1= -22.58  Objective 2=-279.92

Generation 75:	[ 41.43079016 -52.52615685]
Mean fitness:	-163.88 +- 340.75
Mean fitness per obj: ['-21.93 +-23.21', '-305.82 +-437.47']
Gen   76/500 [███████░░░░░░░░░░░░░░░░░░░░░░░░░░░░░░░░░░░░░░░░░░░]  15.2%
     Best:     Objective 1=  19.92  Objective 2= -43.35
     Mean:     Objective 1= -21.93  Objective 2=-305.82

Gen   77/500 [███████░░░░░░░░░░░░░░░░░░░░░░░░░░░░░░░░░░░░░░░░░░░]  15.4%
     Best:     Objective 1=  32.44  Objective 2= -35.80
     Mean:     Objective 1= -20.52  Objective 2=-330.09

Gen   78/500 [███████░░░░░░░░░░░░░░░░░░░░░░░░░░░░░░░░░░░░░░░░░░░]  15.6%
     Best:     Objective 1=  19.39  Objective 2= -44.48
     Mean:     Objective 1= -24.99  Objective 2=-340.49

Gen   79/500 [███████░░░░░░░░░░░░░░░░░░░░░░░░░░░░░░░░░░░░░░░░░░░]  15.8%
     Best:     Objective 1=  21.56  Objective 2= -40.35
     Mean:     Objective 1= -22.87  Objective 2=-305.14

Gen   80/500 [████████░░░░░░░░░░░░░░░░░░░░░░░░░░░░░░░░░░░░░░░░░░]  16.0%
     Best:     Objective 1=  23.70  Objective 2= -38.75
     Mean:     Objective 1= -25.93  Objective 2=-301.95

Generation 80:	[ 41.43079016 -52.52615685]
Mean fitness:	-188.97 +- 380.55
Mean fitness per obj: ['-23.75 +-33.06', '-354.18 +-483.69']
Gen   81/500 [████████░░░░░░░░░░░░░░░░░░░░░░░░░░░░░░░░░░░░░░░░░░]  16.2%
     Best:     Objective 1=  23.73  Objective 2= -44.05
     Mean:     Objective 1= -23.75  Objective 2=-354.18

Gen   82/500 [████████░░░░░░░░░░░░░░░░░░░░░░░░░░░░░░░░░░░░░░░░░░]  16.4%
     Best:     Objective 1=  24.13  Objective 2= -39.10
     Mean:     Objective 1= -23.15  Objective 2=-359.09

Gen   83/500 [████████░░░░░░░░░░░░░░░░░░░░░░░░░░░░░░░░░░░░░░░░░░]  16.6%
     Best:     Objective 1=  20.83  Objective 2= -33.21
     Mean:     Objective 1= -25.80  Objective 2=-291.60

Gen   84/500 [████████░░░░░░░░░░░░░░░░░░░░░░░░░░░░░░░░░░░░░░░░░░]  16.8%
     Best:     Objective 1=  31.15  Objective 2= -44.66
     Mean:     Objective 1= -23.11  Objective 2=-313.73

Gen   85/500 [████████░░░░░░░░░░░░░░░░░░░░░░░░░░░░░░░░░░░░░░░░░░]  17.0%
     Best:     Objective 1=  43.42  Objective 2= -37.59
     Mean:     Objective 1= -19.44  Objective 2=-319.35

Generation 85:	[ 41.43079016 -52.52615685]
Mean fitness:	-167.07 +- 312.87
Mean fitness per obj: ['-24.47 +-37.65', '-309.67 +-392.03']
Gen   86/500 [████████░░░░░░░░░░░░░░░░░░░░░░░░░░░░░░░░░░░░░░░░░░]  17.2%
     Best:     Objective 1=  16.62  Objective 2= -43.76
     Mean:     Objective 1= -24.47  Objective 2=-309.67

Gen   87/500 [████████░░░░░░░░░░░░░░░░░░░░░░░░░░░░░░░░░░░░░░░░░░]  17.4%
     Best:     Objective 1=  23.43  Objective 2= -38.39
     Mean:     Objective 1= -20.45  Objective 2=-263.65

Gen   88/500 [████████░░░░░░░░░░░░░░░░░░░░░░░░░░░░░░░░░░░░░░░░░░]  17.6%
     Best:     Objective 1=  19.67  Objective 2= -36.53
     Mean:     Objective 1= -22.04  Objective 2=-321.03

Gen   89/500 [████████░░░░░░░░░░░░░░░░░░░░░░░░░░░░░░░░░░░░░░░░░░]  17.8%
     Best:     Objective 1=  14.02  Objective 2= -29.69
     Mean:     Objective 1= -25.74  Objective 2=-292.81

Gen   90/500 [█████████░░░░░░░░░░░░░░░░░░░░░░░░░░░░░░░░░░░░░░░░░]  18.0%
     Best:     Objective 1=  25.28  Objective 2= -40.46
     Mean:     Objective 1= -20.07  Objective 2=-334.47

Generation 90:	[ 41.43079016 -52.52615685]
Mean fitness:	-156.83 +- 282.64
Mean fitness per obj: ['-22.03 +-39.34', '-291.62 +-349.11']
Gen   91/500 [█████████░░░░░░░░░░░░░░░░░░░░░░░░░░░░░░░░░░░░░░░░░]  18.2%
     Best:     Objective 1=  16.02  Objective 2= -42.43
     Mean:     Objective 1= -22.03  Objective 2=-291.62

Gen   92/500 [█████████░░░░░░░░░░░░░░░░░░░░░░░░░░░░░░░░░░░░░░░░░]  18.4%
     Best:     Objective 1=  49.40  Objective 2= -38.52
     Mean:     Objective 1= -24.12  Objective 2=-356.82

Gen   93/500 [█████████░░░░░░░░░░░░░░░░░░░░░░░░░░░░░░░░░░░░░░░░░]  18.6%
     Best:     Objective 1=  34.12  Objective 2= -41.72
     Mean:     Objective 1= -19.41  Objective 2=-340.05

Gen   94/500 [█████████░░░░░░░░░░░░░░░░░░░░░░░░░░░░░░░░░░░░░░░░░]  18.8%
     Best:     Objective 1=  24.85  Objective 2= -41.46
     Mean:     Objective 1= -25.03  Objective 2=-359.60

Gen   95/500 [█████████░░░░░░░░░░░░░░░░░░░░░░░░░░░░░░░░░░░░░░░░░]  19.0%
     Best:     Objective 1=  27.76  Objective 2= -48.16
     Mean:     Objective 1= -22.42  Objective 2=-263.22

Generation 95:	[ 41.43079016 -52.52615685]
Mean fitness:	-165.38 +- 311.33
Mean fitness per obj: ['-23.40 +-34.34', '-307.37 +-390.32']
Gen   96/500 [█████████░░░░░░░░░░░░░░░░░░░░░░░░░░░░░░░░░░░░░░░░░]  19.2%
     Best:     Objective 1=  33.09  Objective 2= -44.48
     Mean:     Objective 1= -23.40  Objective 2=-307.37

Gen   97/500 [█████████░░░░░░░░░░░░░░░░░░░░░░░░░░░░░░░░░░░░░░░░░]  19.4%
     Best:     Objective 1=  29.63  Objective 2= -41.07
     Mean:     Objective 1= -21.55  Objective 2=-317.80

Gen   98/500 [█████████░░░░░░░░░░░░░░░░░░░░░░░░░░░░░░░░░░░░░░░░░]  19.6%
     Best:     Objective 1=  32.46  Objective 2= -37.89
     Mean:     Objective 1= -20.44  Objective 2=-323.37

Gen   99/500 [█████████░░░░░░░░░░░░░░░░░░░░░░░░░░░░░░░░░░░░░░░░░]  19.8%
     Best:     Objective 1=  25.63  Objective 2= -39.28
     Mean:     Objective 1= -21.63  Objective 2=-310.20

Gen  100/500 [██████████░░░░░░░░░░░░░░░░░░░░░░░░░░░░░░░░░░░░░░░░]  20.0%
     Best:     Objective 1=  74.06  Objective 2= -34.95
     Mean:     Objective 1= -20.85  Objective 2=-320.14

Generation 100:	[ 41.43079016 -52.52615685]
Mean fitness:	-138.91 +- 236.56
Mean fitness per obj: ['-20.84 +-29.21', '-256.99 +-288.41']
Gen  101/500 [██████████░░░░░░░░░░░░░░░░░░░░░░░░░░░░░░░░░░░░░░░░]  20.2%
     Best:     Objective 1=  20.20  Objective 2= -39.34
     Mean:     Objective 1= -20.84  Objective 2=-256.99

Gen  102/500 [██████████░░░░░░░░░░░░░░░░░░░░░░░░░░░░░░░░░░░░░░░░]  20.4%
     Best:     Objective 1=  21.60  Objective 2= -42.89
     Mean:     Objective 1= -24.71  Objective 2=-335.08

Gen  103/500 [██████████░░░░░░░░░░░░░░░░░░░░░░░░░░░░░░░░░░░░░░░░]  20.6%
     Best:     Objective 1=  79.66  Objective 2= -39.90
     Mean:     Objective 1= -22.09  Objective 2=-293.36

Gen  104/500 [██████████░░░░░░░░░░░░░░░░░░░░░░░░░░░░░░░░░░░░░░░░]  20.8%
     Best:     Objective 1=  67.54  Objective 2= -38.90
     Mean:     Objective 1= -23.52  Objective 2=-318.43

Gen  105/500 [██████████░░░░░░░░░░░░░░░░░░░░░░░░░░░░░░░░░░░░░░░░]  21.0%
     Best:     Objective 1=  35.50  Objective 2= -43.55
     Mean:     Objective 1= -20.77  Objective 2=-367.32

Generation 105:	[ 41.43079016 -52.52615685]
Mean fitness:	-171.48 +- 334.37
Mean fitness per obj: ['-25.17 +-27.89', '-317.79 +-424.28']
Gen  106/500 [██████████░░░░░░░░░░░░░░░░░░░░░░░░░░░░░░░░░░░░░░░░]  21.2%
     Best:     Objective 1=  21.47  Objective 2= -44.77
     Mean:     Objective 1= -25.17  Objective 2=-317.79

Gen  107/500 [██████████░░░░░░░░░░░░░░░░░░░░░░░░░░░░░░░░░░░░░░░░]  21.4%
     Best:     Objective 1=  31.06  Objective 2= -39.50
     Mean:     Objective 1= -28.74  Objective 2=-288.37

Gen  108/500 [██████████░░░░░░░░░░░░░░░░░░░░░░░░░░░░░░░░░░░░░░░░]  21.6%
     Best:     Objective 1=  23.12  Objective 2= -42.34
     Mean:     Objective 1= -25.28  Objective 2=-310.06

Gen  109/500 [██████████░░░░░░░░░░░░░░░░░░░░░░░░░░░░░░░░░░░░░░░░]  21.8%
     Best:     Objective 1=  35.25  Objective 2= -39.77
     Mean:     Objective 1= -22.29  Objective 2=-289.54

Gen  110/500 [███████████░░░░░░░░░░░░░░░░░░░░░░░░░░░░░░░░░░░░░░░]  22.0%
     Best:     Objective 1=  15.82  Objective 2= -39.80
     Mean:     Objective 1= -23.89  Objective 2=-341.49

Generation 110:	[ 41.43079016 -52.52615685]
Mean fitness:	-162.01 +- 294.53
Mean fitness per obj: ['-23.56 +-25.51', '-300.46 +-366.76']
Gen  111/500 [███████████░░░░░░░░░░░░░░░░░░░░░░░░░░░░░░░░░░░░░░░]  22.2%
     Best:     Objective 1=  25.18  Objective 2= -29.10
     Mean:     Objective 1= -23.56  Objective 2=-300.46

Gen  112/500 [███████████░░░░░░░░░░░░░░░░░░░░░░░░░░░░░░░░░░░░░░░]  22.4%
     Best:     Objective 1=  30.78  Objective 2= -36.32
     Mean:     Objective 1= -22.50  Objective 2=-334.62

Gen  113/500 [███████████░░░░░░░░░░░░░░░░░░░░░░░░░░░░░░░░░░░░░░░]  22.6%
     Best:     Objective 1=  35.72  Objective 2= -40.13
     Mean:     Objective 1= -24.00  Objective 2=-343.36

Gen  114/500 [███████████░░░░░░░░░░░░░░░░░░░░░░░░░░░░░░░░░░░░░░░]  22.8%
     Best:     Objective 1=  16.51  Objective 2= -39.43
     Mean:     Objective 1= -22.87  Objective 2=-314.84

Gen  115/500 [███████████░░░░░░░░░░░░░░░░░░░░░░░░░░░░░░░░░░░░░░░]  23.0%
     Best:     Objective 1=  51.08  Objective 2= -40.22
     Mean:     Objective 1= -26.12  Objective 2=-257.28

Generation 115:	[ 41.43079016 -52.52615685]
Mean fitness:	-192.73 +- 390.95
Mean fitness per obj: ['-26.12 +-46.94', '-359.34 +-497.96']
Gen  116/500 [███████████░░░░░░░░░░░░░░░░░░░░░░░░░░░░░░░░░░░░░░░]  23.2%
     Best:     Objective 1=  25.03  Objective 2= -40.91
     Mean:     Objective 1= -26.12  Objective 2=-359.34

Gen  117/500 [███████████░░░░░░░░░░░░░░░░░░░░░░░░░░░░░░░░░░░░░░░]  23.4%
     Best:     Objective 1=  20.54  Objective 2= -43.54
     Mean:     Objective 1= -22.55  Objective 2=-318.18

Gen  118/500 [███████████░░░░░░░░░░░░░░░░░░░░░░░░░░░░░░░░░░░░░░░]  23.6%
     Best:     Objective 1=  36.64  Objective 2= -42.17
     Mean:     Objective 1= -21.54  Objective 2=-312.07

Gen  119/500 [███████████░░░░░░░░░░░░░░░░░░░░░░░░░░░░░░░░░░░░░░░]  23.8%
     Best:     Objective 1=  17.41  Objective 2= -44.66
     Mean:     Objective 1= -23.86  Objective 2=-301.95

Gen  120/500 [████████████░░░░░░░░░░░░░░░░░░░░░░░░░░░░░░░░░░░░░░]  24.0%
     Best:     Objective 1=  59.93  Objective 2= -44.32
     Mean:     Objective 1= -25.45  Objective 2=-303.36

Generation 120:	[ 41.43079016 -52.52615685]
Mean fitness:	-177.61 +- 355.99
Mean fitness per obj: ['-21.47 +-31.92', '-333.75 +-451.30']
Gen  121/500 [████████████░░░░░░░░░░░░░░░░░░░░░░░░░░░░░░░░░░░░░░]  24.2%
     Best:     Objective 1=  17.13  Objective 2= -41.24
     Mean:     Objective 1= -21.47  Objective 2=-333.75

Gen  122/500 [████████████░░░░░░░░░░░░░░░░░░░░░░░░░░░░░░░░░░░░░░]  24.4%
     Best:     Objective 1=  37.65  Objective 2= -42.23
     Mean:     Objective 1= -21.17  Objective 2=-309.01

Gen  123/500 [████████████░░░░░░░░░░░░░░░░░░░░░░░░░░░░░░░░░░░░░░]  24.6%
     Best:     Objective 1=  36.09  Objective 2= -39.42
     Mean:     Objective 1= -19.22  Objective 2=-338.22

Gen  124/500 [████████████░░░░░░░░░░░░░░░░░░░░░░░░░░░░░░░░░░░░░░]  24.8%
     Best:     Objective 1=  27.68  Objective 2= -42.03
     Mean:     Objective 1= -24.72  Objective 2=-291.64

Gen  125/500 [████████████░░░░░░░░░░░░░░░░░░░░░░░░░░░░░░░░░░░░░░]  25.0%
     Best:     Objective 1=  11.64  Objective 2= -42.43
     Mean:     Objective 1= -25.13  Objective 2=-312.75

Generation 125:	[ 41.43079016 -52.52615685]
Mean fitness:	-148.83 +- 298.80
Mean fitness per obj: ['-20.37 +-24.86', '-277.28 +-380.71']
Gen  126/500 [████████████░░░░░░░░░░░░░░░░░░░░░░░░░░░░░░░░░░░░░░]  25.2%
     Best:     Objective 1=  44.36  Objective 2= -43.24
     Mean:     Objective 1= -20.37  Objective 2=-277.28

Gen  127/500 [████████████░░░░░░░░░░░░░░░░░░░░░░░░░░░░░░░░░░░░░░]  25.4%
     Best:     Objective 1=  15.29  Objective 2= -38.75
     Mean:     Objective 1= -24.20  Objective 2=-307.16

Gen  128/500 [████████████░░░░░░░░░░░░░░░░░░░░░░░░░░░░░░░░░░░░░░]  25.6%
     Best:     Objective 1=  32.51  Objective 2= -38.67
     Mean:     Objective 1= -23.99  Objective 2=-306.57

Gen  129/500 [████████████░░░░░░░░░░░░░░░░░░░░░░░░░░░░░░░░░░░░░░]  25.8%
     Best:     Objective 1=  14.93  Objective 2= -40.41
     Mean:     Objective 1= -25.95  Objective 2=-316.94

Gen  130/500 [█████████████░░░░░░░░░░░░░░░░░░░░░░░░░░░░░░░░░░░░░]  26.0%
     Best:     Objective 1=  33.46  Objective 2= -43.06
     Mean:     Objective 1= -23.21  Objective 2=-284.48

Generation 130:	[ 41.43079016 -52.52615685]
Mean fitness:	-149.97 +- 300.55
Mean fitness per obj: ['-23.92 +-32.51', '-276.02 +-384.48']
Gen  131/500 [█████████████░░░░░░░░░░░░░░░░░░░░░░░░░░░░░░░░░░░░░]  26.2%
     Best:     Objective 1=  35.94  Objective 2= -42.56
     Mean:     Objective 1= -23.92  Objective 2=-276.02

Gen  132/500 [█████████████░░░░░░░░░░░░░░░░░░░░░░░░░░░░░░░░░░░░░]  26.4%
     Best:     Objective 1=  29.17  Objective 2= -42.35
     Mean:     Objective 1= -23.82  Objective 2=-323.75

Gen  133/500 [█████████████░░░░░░░░░░░░░░░░░░░░░░░░░░░░░░░░░░░░░]  26.6%
     Best:     Objective 1=  33.82  Objective 2= -38.29
     Mean:     Objective 1= -23.47  Objective 2=-268.05

Gen  134/500 [█████████████░░░░░░░░░░░░░░░░░░░░░░░░░░░░░░░░░░░░░]  26.8%
     Best:     Objective 1=  66.66  Objective 2= -42.56
     Mean:     Objective 1= -24.62  Objective 2=-314.46

Gen  135/500 [█████████████░░░░░░░░░░░░░░░░░░░░░░░░░░░░░░░░░░░░░]  27.0%
     Best:     Objective 1=  36.47  Objective 2= -41.19
     Mean:     Objective 1= -26.56  Objective 2=-295.54

Generation 135:	[ 41.43079016 -52.52615685]
Mean fitness:	-177.93 +- 340.91
Mean fitness per obj: ['-20.40 +-23.74', '-335.46 +-426.89']
Gen  136/500 [█████████████░░░░░░░░░░░░░░░░░░░░░░░░░░░░░░░░░░░░░]  27.2%
     Best:     Objective 1=  19.24  Objective 2= -45.22
     Mean:     Objective 1= -20.40  Objective 2=-335.46

Gen  137/500 [█████████████░░░░░░░░░░░░░░░░░░░░░░░░░░░░░░░░░░░░░]  27.4%
     Best:     Objective 1=  18.44  Objective 2= -41.86
     Mean:     Objective 1= -24.17  Objective 2=-323.75

Gen  138/500 [█████████████░░░░░░░░░░░░░░░░░░░░░░░░░░░░░░░░░░░░░]  27.6%
     Best:     Objective 1=  35.08  Objective 2= -32.50
     Mean:     Objective 1= -18.71  Objective 2=-279.90

Gen  139/500 [█████████████░░░░░░░░░░░░░░░░░░░░░░░░░░░░░░░░░░░░░]  27.8%
     Best:     Objective 1=  23.60  Objective 2= -41.77
     Mean:     Objective 1= -22.96  Objective 2=-282.44

Gen  140/500 [██████████████░░░░░░░░░░░░░░░░░░░░░░░░░░░░░░░░░░░░]  28.0%
     Best:     Objective 1=  37.27  Objective 2= -43.83
     Mean:     Objective 1= -20.91  Objective 2=-331.01

Generation 140:	[ 41.43079016 -52.52615685]
Mean fitness:	-197.02 +- 406.48
Mean fitness per obj: ['-19.61 +-25.60', '-374.43 +-516.58']
Gen  141/500 [██████████████░░░░░░░░░░░░░░░░░░░░░░░░░░░░░░░░░░░░]  28.2%
     Best:     Objective 1=  19.17  Objective 2= -40.03
     Mean:     Objective 1= -19.61  Objective 2=-374.43

Gen  142/500 [██████████████░░░░░░░░░░░░░░░░░░░░░░░░░░░░░░░░░░░░]  28.4%
     Best:     Objective 1=  18.43  Objective 2= -33.47
     Mean:     Objective 1= -26.47  Objective 2=-324.94

Gen  143/500 [██████████████░░░░░░░░░░░░░░░░░░░░░░░░░░░░░░░░░░░░]  28.6%
     Best:     Objective 1=  32.06  Objective 2= -39.91
     Mean:     Objective 1= -21.42  Objective 2=-324.53

Gen  144/500 [██████████████░░░░░░░░░░░░░░░░░░░░░░░░░░░░░░░░░░░░]  28.8%
     Best:     Objective 1=  21.71  Objective 2= -37.46
     Mean:     Objective 1= -22.80  Objective 2=-321.94

Gen  145/500 [██████████████░░░░░░░░░░░░░░░░░░░░░░░░░░░░░░░░░░░░]  29.0%
     Best:     Objective 1=  28.13  Objective 2= -40.29
     Mean:     Objective 1= -21.30  Objective 2=-311.67

Generation 145:	[ 41.43079016 -52.52615685]
Mean fitness:	-169.09 +- 321.36
Mean fitness per obj: ['-22.31 +-27.04', '-315.87 +-403.39']
Gen  146/500 [██████████████░░░░░░░░░░░░░░░░░░░░░░░░░░░░░░░░░░░░]  29.2%
     Best:     Objective 1=  24.15  Objective 2= -38.23
     Mean:     Objective 1= -22.31  Objective 2=-315.87

Gen  147/500 [██████████████░░░░░░░░░░░░░░░░░░░░░░░░░░░░░░░░░░░░]  29.4%
     Best:     Objective 1=  29.64  Objective 2= -43.67
     Mean:     Objective 1= -19.69  Objective 2=-330.37

Gen  148/500 [██████████████░░░░░░░░░░░░░░░░░░░░░░░░░░░░░░░░░░░░]  29.6%
     Best:     Objective 1=  25.28  Objective 2= -38.15
     Mean:     Objective 1= -22.33  Objective 2=-271.20

Gen  149/500 [██████████████░░░░░░░░░░░░░░░░░░░░░░░░░░░░░░░░░░░░]  29.8%
     Best:     Objective 1=  35.38  Objective 2= -33.82
     Mean:     Objective 1= -23.88  Objective 2=-320.64

Gen  150/500 [███████████████░░░░░░░░░░░░░░░░░░░░░░░░░░░░░░░░░░░]  30.0%
     Best:     Objective 1=  32.04  Objective 2= -39.53
     Mean:     Objective 1= -22.35  Objective 2=-349.16

Generation 150:	[ 41.43079016 -52.52615685]
Mean fitness:	-181.54 +- 337.66
Mean fitness per obj: ['-20.63 +-33.78', '-342.45 +-418.46']
Gen  151/500 [███████████████░░░░░░░░░░░░░░░░░░░░░░░░░░░░░░░░░░░]  30.2%
     Best:     Objective 1=  20.12  Objective 2= -42.03
     Mean:     Objective 1= -20.63  Objective 2=-342.45

Gen  152/500 [███████████████░░░░░░░░░░░░░░░░░░░░░░░░░░░░░░░░░░░]  30.4%
     Best:     Objective 1=  34.37  Objective 2= -47.41
     Mean:     Objective 1= -23.41  Objective 2=-326.54

Gen  153/500 [███████████████░░░░░░░░░░░░░░░░░░░░░░░░░░░░░░░░░░░]  30.6%
     Best:     Objective 1=  62.13  Objective 2= -42.38
     Mean:     Objective 1= -22.01  Objective 2=-325.68

Gen  154/500 [███████████████░░░░░░░░░░░░░░░░░░░░░░░░░░░░░░░░░░░]  30.8%
     Best:     Objective 1=  33.19  Objective 2= -42.47
     Mean:     Objective 1= -23.02  Objective 2=-307.63

Gen  155/500 [███████████████░░░░░░░░░░░░░░░░░░░░░░░░░░░░░░░░░░░]  31.0%
     Best:     Objective 1=  42.78  Objective 2= -41.00
     Mean:     Objective 1= -21.37  Objective 2=-302.04

Generation 155:	[ 41.43079016 -52.52615685]
Mean fitness:	-185.32 +- 391.30
Mean fitness per obj: ['-21.09 +-23.84', '-349.55 +-501.71']
Gen  156/500 [███████████████░░░░░░░░░░░░░░░░░░░░░░░░░░░░░░░░░░░]  31.2%
     Best:     Objective 1=  27.81  Objective 2= -38.69
     Mean:     Objective 1= -21.09  Objective 2=-349.55

Gen  157/500 [███████████████░░░░░░░░░░░░░░░░░░░░░░░░░░░░░░░░░░░]  31.4%
     Best:     Objective 1=  34.53  Objective 2= -41.58
     Mean:     Objective 1= -19.20  Objective 2=-322.27

Gen  158/500 [███████████████░░░░░░░░░░░░░░░░░░░░░░░░░░░░░░░░░░░]  31.6%
     Best:     Objective 1=  17.52  Objective 2= -40.52
     Mean:     Objective 1= -23.20  Objective 2=-308.45

Gen  159/500 [███████████████░░░░░░░░░░░░░░░░░░░░░░░░░░░░░░░░░░░]  31.8%
     Best:     Objective 1=  16.15  Objective 2= -35.27
     Mean:     Objective 1= -25.42  Objective 2=-311.65

Gen  160/500 [████████████████░░░░░░░░░░░░░░░░░░░░░░░░░░░░░░░░░░]  32.0%
     Best:     Objective 1=  33.44  Objective 2= -45.09
     Mean:     Objective 1= -19.77  Objective 2=-325.35

Generation 160:	[ 41.43079016 -52.52615685]
Mean fitness:	-178.59 +- 344.26
Mean fitness per obj: ['-23.36 +-39.27', '-333.83 +-432.77']
Gen  161/500 [████████████████░░░░░░░░░░░░░░░░░░░░░░░░░░░░░░░░░░]  32.2%
     Best:     Objective 1=  26.38  Objective 2= -44.66
     Mean:     Objective 1= -23.36  Objective 2=-333.83

Gen  162/500 [████████████████░░░░░░░░░░░░░░░░░░░░░░░░░░░░░░░░░░]  32.4%
     Best:     Objective 1=  19.96  Objective 2= -41.43
     Mean:     Objective 1= -19.64  Objective 2=-327.33

Gen  163/500 [████████████████░░░░░░░░░░░░░░░░░░░░░░░░░░░░░░░░░░]  32.6%
     Best:     Objective 1=  51.03  Objective 2= -41.66
     Mean:     Objective 1= -23.34  Objective 2=-310.85

Gen  164/500 [████████████████░░░░░░░░░░░░░░░░░░░░░░░░░░░░░░░░░░]  32.8%
     Best:     Objective 1=  39.18  Objective 2= -41.24
     Mean:     Objective 1= -23.10  Objective 2=-329.72

Gen  165/500 [████████████████░░░░░░░░░░░░░░░░░░░░░░░░░░░░░░░░░░]  33.0%
     Best:     Objective 1=  29.17  Objective 2= -36.69
     Mean:     Objective 1= -20.79  Objective 2=-346.78

Generation 165:	[ 41.43079016 -52.52615685]
Mean fitness:	-183.93 +- 373.59
Mean fitness per obj: ['-24.45 +-32.70', '-343.40 +-476.66']
Gen  166/500 [████████████████░░░░░░░░░░░░░░░░░░░░░░░░░░░░░░░░░░]  33.2%
     Best:     Objective 1=  27.40  Objective 2= -45.88
     Mean:     Objective 1= -24.45  Objective 2=-343.40

Gen  167/500 [████████████████░░░░░░░░░░░░░░░░░░░░░░░░░░░░░░░░░░]  33.4%
     Best:     Objective 1=  28.70  Objective 2= -42.21
     Mean:     Objective 1= -21.74  Objective 2=-310.29

Gen  168/500 [████████████████░░░░░░░░░░░░░░░░░░░░░░░░░░░░░░░░░░]  33.6%
     Best:     Objective 1=  25.78  Objective 2= -42.45
     Mean:     Objective 1= -23.66  Objective 2=-303.63

Gen  169/500 [████████████████░░░░░░░░░░░░░░░░░░░░░░░░░░░░░░░░░░]  33.8%
     Best:     Objective 1=  29.55  Objective 2= -41.24
     Mean:     Objective 1= -19.57  Objective 2=-309.50

Gen  170/500 [█████████████████░░░░░░░░░░░░░░░░░░░░░░░░░░░░░░░░░]  34.0%
     Best:     Objective 1=  21.35  Objective 2= -42.73
     Mean:     Objective 1= -23.42  Objective 2=-316.40

Generation 170:	[ 41.43079016 -52.52615685]
Mean fitness:	-172.84 +- 354.69
Mean fitness per obj: ['-26.34 +-50.06', '-319.35 +-454.07']
Gen  171/500 [█████████████████░░░░░░░░░░░░░░░░░░░░░░░░░░░░░░░░░]  34.2%
     Best:     Objective 1=  32.04  Objective 2= -41.45
     Mean:     Objective 1= -26.34  Objective 2=-319.35

Gen  172/500 [█████████████████░░░░░░░░░░░░░░░░░░░░░░░░░░░░░░░░░]  34.4%
     Best:     Objective 1=  42.43  Objective 2= -42.19
     Mean:     Objective 1= -21.98  Objective 2=-331.94

Gen  173/500 [█████████████████░░░░░░░░░░░░░░░░░░░░░░░░░░░░░░░░░]  34.6%
     Best:     Objective 1=  29.64  Objective 2= -43.38
     Mean:     Objective 1= -22.85  Objective 2=-308.01

Gen  174/500 [█████████████████░░░░░░░░░░░░░░░░░░░░░░░░░░░░░░░░░]  34.8%
     Best:     Objective 1=  23.64  Objective 2= -44.98
     Mean:     Objective 1= -21.29  Objective 2=-307.49

Gen  175/500 [█████████████████░░░░░░░░░░░░░░░░░░░░░░░░░░░░░░░░░]  35.0%
     Best:     Objective 1=  37.90  Objective 2= -41.14
     Mean:     Objective 1= -24.51  Objective 2=-308.58

Generation 175:	[ 41.43079016 -52.52615685]
Mean fitness:	-160.25 +- 294.26
Mean fitness per obj: ['-20.12 +-20.01', '-300.38 +-365.38']
Gen  176/500 [█████████████████░░░░░░░░░░░░░░░░░░░░░░░░░░░░░░░░░]  35.2%
     Best:     Objective 1=  16.36  Objective 2= -36.83
     Mean:     Objective 1= -20.12  Objective 2=-300.38

Gen  177/500 [█████████████████░░░░░░░░░░░░░░░░░░░░░░░░░░░░░░░░░]  35.4%
     Best:     Objective 1=  19.52  Objective 2= -43.53
     Mean:     Objective 1= -20.37  Objective 2=-274.34

Gen  178/500 [█████████████████░░░░░░░░░░░░░░░░░░░░░░░░░░░░░░░░░]  35.6%
     Best:     Objective 1=  38.64  Objective 2= -41.48
     Mean:     Objective 1= -24.09  Objective 2=-311.22

Gen  179/500 [█████████████████░░░░░░░░░░░░░░░░░░░░░░░░░░░░░░░░░]  35.8%
     Best:     Objective 1=  45.33  Objective 2= -42.26
     Mean:     Objective 1= -22.39  Objective 2=-307.30

Gen  180/500 [██████████████████░░░░░░░░░░░░░░░░░░░░░░░░░░░░░░░░]  36.0%
     Best:     Objective 1=  30.49  Objective 2= -41.25
     Mean:     Objective 1= -19.37  Objective 2=-299.73

Generation 180:	[ 41.43079016 -52.52615685]
Mean fitness:	-159.52 +- 316.35
Mean fitness per obj: ['-20.73 +-20.33', '-298.31 +-401.51']
Gen  181/500 [██████████████████░░░░░░░░░░░░░░░░░░░░░░░░░░░░░░░░]  36.2%
     Best:     Objective 1=  19.30  Objective 2= -30.82
     Mean:     Objective 1= -20.73  Objective 2=-298.31

Gen  182/500 [██████████████████░░░░░░░░░░░░░░░░░░░░░░░░░░░░░░░░]  36.4%
     Best:     Objective 1=  31.97  Objective 2= -42.81
     Mean:     Objective 1= -23.09  Objective 2=-306.00

Gen  183/500 [██████████████████░░░░░░░░░░░░░░░░░░░░░░░░░░░░░░░░]  36.6%
     Best:     Objective 1=  20.86  Objective 2= -47.47
     Mean:     Objective 1= -18.92  Objective 2=-336.51

Gen  184/500 [██████████████████░░░░░░░░░░░░░░░░░░░░░░░░░░░░░░░░]  36.8%
     Best:     Objective 1=  18.81  Objective 2= -38.15
     Mean:     Objective 1= -21.66  Objective 2=-299.25

Gen  185/500 [██████████████████░░░░░░░░░░░░░░░░░░░░░░░░░░░░░░░░]  37.0%
     Best:     Objective 1=  44.00  Objective 2= -41.59
     Mean:     Objective 1= -21.94  Objective 2=-323.41

Generation 185:	[ 41.43079016 -52.52615685]
Mean fitness:	-146.84 +- 277.05
Mean fitness per obj: ['-22.27 +-22.54', '-271.40 +-349.24']
Gen  186/500 [██████████████████░░░░░░░░░░░░░░░░░░░░░░░░░░░░░░░░]  37.2%
     Best:     Objective 1=  31.01  Objective 2= -31.69
     Mean:     Objective 1= -22.27  Objective 2=-271.40

Gen  187/500 [██████████████████░░░░░░░░░░░░░░░░░░░░░░░░░░░░░░░░]  37.4%
     Best:     Objective 1=  40.55  Objective 2= -43.88
     Mean:     Objective 1= -21.16  Objective 2=-304.91

Gen  188/500 [██████████████████░░░░░░░░░░░░░░░░░░░░░░░░░░░░░░░░]  37.6%
     Best:     Objective 1=  27.62  Objective 2= -43.63
     Mean:     Objective 1= -20.42  Objective 2=-321.11

Gen  189/500 [██████████████████░░░░░░░░░░░░░░░░░░░░░░░░░░░░░░░░]  37.8%
     Best:     Objective 1=  29.22  Objective 2= -35.63
     Mean:     Objective 1= -23.56  Objective 2=-331.30

Gen  190/500 [███████████████████░░░░░░░░░░░░░░░░░░░░░░░░░░░░░░░]  38.0%
     Best:     Objective 1=  24.07  Objective 2= -39.24
     Mean:     Objective 1= -22.93  Objective 2=-272.74

Generation 190:	[ 41.43079016 -52.52615685]
Mean fitness:	-150.10 +- 265.53
Mean fitness per obj: ['-20.67 +-31.27', '-279.53 +-326.39']
Gen  191/500 [███████████████████░░░░░░░░░░░░░░░░░░░░░░░░░░░░░░░]  38.2%
     Best:     Objective 1=  22.02  Objective 2= -32.90
     Mean:     Objective 1= -20.67  Objective 2=-279.53

Gen  192/500 [███████████████████░░░░░░░░░░░░░░░░░░░░░░░░░░░░░░░]  38.4%
     Best:     Objective 1=  72.93  Objective 2= -41.13
     Mean:     Objective 1= -23.45  Objective 2=-328.32

Gen  193/500 [███████████████████░░░░░░░░░░░░░░░░░░░░░░░░░░░░░░░]  38.6%
     Best:     Objective 1=  43.53  Objective 2= -43.88
     Mean:     Objective 1= -21.94  Objective 2=-289.71

Gen  194/500 [███████████████████░░░░░░░░░░░░░░░░░░░░░░░░░░░░░░░]  38.8%
     Best:     Objective 1=  37.12  Objective 2= -46.39
     Mean:     Objective 1= -21.41  Objective 2=-326.57

Gen  195/500 [███████████████████░░░░░░░░░░░░░░░░░░░░░░░░░░░░░░░]  39.0%
     Best:     Objective 1=  61.64  Objective 2= -39.93
     Mean:     Objective 1= -21.71  Objective 2=-331.64

Generation 195:	[ 41.43079016 -52.52615685]
Mean fitness:	-159.39 +- 290.77
Mean fitness per obj: ['-22.08 +-33.95', '-296.69 +-360.88']
Gen  196/500 [███████████████████░░░░░░░░░░░░░░░░░░░░░░░░░░░░░░░]  39.2%
     Best:     Objective 1=  25.87  Objective 2= -42.62
     Mean:     Objective 1= -22.08  Objective 2=-296.69

Gen  197/500 [███████████████████░░░░░░░░░░░░░░░░░░░░░░░░░░░░░░░]  39.4%
     Best:     Objective 1=  35.93  Objective 2= -38.37
     Mean:     Objective 1= -20.35  Objective 2=-287.39

Gen  198/500 [███████████████████░░░░░░░░░░░░░░░░░░░░░░░░░░░░░░░]  39.6%
     Best:     Objective 1=  37.17  Objective 2= -40.41
     Mean:     Objective 1= -24.84  Objective 2=-277.48

Gen  199/500 [███████████████████░░░░░░░░░░░░░░░░░░░░░░░░░░░░░░░]  39.8%
     Best:     Objective 1=  22.04  Objective 2= -43.10
     Mean:     Objective 1= -22.32  Objective 2=-299.68

Gen  200/500 [████████████████████░░░░░░░░░░░░░░░░░░░░░░░░░░░░░░]  40.0%
     Best:     Objective 1=  18.23  Objective 2= -43.27
     Mean:     Objective 1= -19.14  Objective 2=-333.99

Generation 200:	[ 41.43079016 -52.52615685]
Mean fitness:	-158.31 +- 305.69
Mean fitness per obj: ['-20.89 +-34.86', '-295.72 +-384.60']
Gen  201/500 [████████████████████░░░░░░░░░░░░░░░░░░░░░░░░░░░░░░]  40.2%
     Best:     Objective 1=  55.43  Objective 2= -43.31
     Mean:     Objective 1= -20.89  Objective 2=-295.72

Gen  202/500 [████████████████████░░░░░░░░░░░░░░░░░░░░░░░░░░░░░░]  40.4%
     Best:     Objective 1=  76.18  Objective 2= -41.69
     Mean:     Objective 1= -19.20  Objective 2=-291.95

Gen  203/500 [████████████████████░░░░░░░░░░░░░░░░░░░░░░░░░░░░░░]  40.6%
     Best:     Objective 1=  28.11  Objective 2= -37.61
     Mean:     Objective 1= -20.37  Objective 2=-353.37

Gen  204/500 [████████████████████░░░░░░░░░░░░░░░░░░░░░░░░░░░░░░]  40.8%
     Best:     Objective 1=  32.42  Objective 2= -42.89
     Mean:     Objective 1= -22.45  Objective 2=-341.93

Gen  205/500 [████████████████████░░░░░░░░░░░░░░░░░░░░░░░░░░░░░░]  41.0%
     Best:     Objective 1=  27.37  Objective 2= -38.98
     Mean:     Objective 1= -19.19  Objective 2=-278.89

Generation 205:	[ 41.43079016 -52.52615685]
Mean fitness:	-169.27 +- 325.39
Mean fitness per obj: ['-22.09 +-28.27', '-316.45 +-409.43']
Gen  206/500 [████████████████████░░░░░░░░░░░░░░░░░░░░░░░░░░░░░░]  41.2%
     Best:     Objective 1=  24.05  Objective 2= -44.10
     Mean:     Objective 1= -22.09  Objective 2=-316.45

Gen  207/500 [████████████████████░░░░░░░░░░░░░░░░░░░░░░░░░░░░░░]  41.4%
     Best:     Objective 1=  17.63  Objective 2= -36.34
     Mean:     Objective 1= -22.23  Objective 2=-320.18

Gen  208/500 [████████████████████░░░░░░░░░░░░░░░░░░░░░░░░░░░░░░]  41.6%
     Best:     Objective 1=  27.95  Objective 2= -42.76
     Mean:     Objective 1= -21.08  Objective 2=-333.19

Gen  209/500 [████████████████████░░░░░░░░░░░░░░░░░░░░░░░░░░░░░░]  41.8%
     Best:     Objective 1=  36.07  Objective 2= -44.01
     Mean:     Objective 1= -21.71  Objective 2=-304.15

Gen  210/500 [█████████████████████░░░░░░░░░░░░░░░░░░░░░░░░░░░░░]  42.0%
     Best:     Objective 1=  36.76  Objective 2= -42.87
     Mean:     Objective 1= -22.34  Objective 2=-296.82

Generation 210:	[ 41.43079016 -52.52615685]
Mean fitness:	-164.84 +- 308.65
Mean fitness per obj: ['-21.93 +-28.57', '-307.75 +-385.83']
Gen  211/500 [█████████████████████░░░░░░░░░░░░░░░░░░░░░░░░░░░░░]  42.2%
     Best:     Objective 1=  19.01  Objective 2= -37.70
     Mean:     Objective 1= -21.93  Objective 2=-307.75

Gen  212/500 [█████████████████████░░░░░░░░░░░░░░░░░░░░░░░░░░░░░]  42.4%
     Best:     Objective 1=  29.04  Objective 2= -42.01
     Mean:     Objective 1= -24.50  Objective 2=-290.66

Gen  213/500 [█████████████████████░░░░░░░░░░░░░░░░░░░░░░░░░░░░░]  42.6%
     Best:     Objective 1=  31.65  Objective 2= -41.61
     Mean:     Objective 1= -24.02  Objective 2=-352.02

Gen  214/500 [█████████████████████░░░░░░░░░░░░░░░░░░░░░░░░░░░░░]  42.8%
     Best:     Objective 1=  30.21  Objective 2= -36.18
     Mean:     Objective 1= -24.03  Objective 2=-289.61

Gen  215/500 [█████████████████████░░░░░░░░░░░░░░░░░░░░░░░░░░░░░]  43.0%
     Best:     Objective 1=  33.90  Objective 2= -42.23
     Mean:     Objective 1= -21.00  Objective 2=-299.45

Generation 215:	[ 41.43079016 -52.52615685]
Mean fitness:	-173.86 +- 343.19
Mean fitness per obj: ['-22.60 +-33.86', '-325.12 +-434.35']
Gen  216/500 [█████████████████████░░░░░░░░░░░░░░░░░░░░░░░░░░░░░]  43.2%
     Best:     Objective 1=  19.69  Objective 2= -43.31
     Mean:     Objective 1= -22.60  Objective 2=-325.12

Gen  217/500 [█████████████████████░░░░░░░░░░░░░░░░░░░░░░░░░░░░░]  43.4%
     Best:     Objective 1=  37.03  Objective 2= -42.82
     Mean:     Objective 1= -22.54  Objective 2=-314.14

Gen  218/500 [█████████████████████░░░░░░░░░░░░░░░░░░░░░░░░░░░░░]  43.6%
     Best:     Objective 1=  25.29  Objective 2= -42.62
     Mean:     Objective 1= -21.83  Objective 2=-301.91

Gen  219/500 [█████████████████████░░░░░░░░░░░░░░░░░░░░░░░░░░░░░]  43.8%
     Best:     Objective 1=  38.90  Objective 2= -35.41
     Mean:     Objective 1= -19.38  Objective 2=-326.62

Gen  220/500 [██████████████████████░░░░░░░░░░░░░░░░░░░░░░░░░░░░]  44.0%
     Best:     Objective 1=  14.66  Objective 2= -42.35
     Mean:     Objective 1= -21.78  Objective 2=-319.11

Generation 220:	[ 41.43079016 -52.52615685]
Mean fitness:	-162.41 +- 303.44
Mean fitness per obj: ['-20.53 +-25.82', '-304.29 +-378.46']
Gen  221/500 [██████████████████████░░░░░░░░░░░░░░░░░░░░░░░░░░░░]  44.2%
     Best:     Objective 1=  19.86  Objective 2= -40.65
     Mean:     Objective 1= -20.53  Objective 2=-304.29

Gen  222/500 [██████████████████████░░░░░░░░░░░░░░░░░░░░░░░░░░░░]  44.4%
     Best:     Objective 1=  62.25  Objective 2= -42.70
     Mean:     Objective 1= -21.99  Objective 2=-341.20

Gen  223/500 [██████████████████████░░░░░░░░░░░░░░░░░░░░░░░░░░░░]  44.6%
     Best:     Objective 1=  25.75  Objective 2= -41.97
     Mean:     Objective 1= -20.69  Objective 2=-295.70

Gen  224/500 [██████████████████████░░░░░░░░░░░░░░░░░░░░░░░░░░░░]  44.8%
     Best:     Objective 1=  65.15  Objective 2= -42.41
     Mean:     Objective 1= -22.09  Objective 2=-275.48

Gen  225/500 [██████████████████████░░░░░░░░░░░░░░░░░░░░░░░░░░░░]  45.0%
     Best:     Objective 1=  40.11  Objective 2= -45.04
     Mean:     Objective 1= -22.27  Objective 2=-334.49

Generation 225:	[ 41.43079016 -52.52615685]
Mean fitness:	-177.46 +- 341.85
Mean fitness per obj: ['-21.61 +-32.83', '-333.31 +-429.02']
Gen  226/500 [██████████████████████░░░░░░░░░░░░░░░░░░░░░░░░░░░░]  45.2%
     Best:     Objective 1=  37.74  Objective 2= -38.89
     Mean:     Objective 1= -21.61  Objective 2=-333.31

Gen  227/500 [██████████████████████░░░░░░░░░░░░░░░░░░░░░░░░░░░░]  45.4%
     Best:     Objective 1=  29.01  Objective 2= -39.93
     Mean:     Objective 1= -21.80  Objective 2=-331.34

Gen  228/500 [██████████████████████░░░░░░░░░░░░░░░░░░░░░░░░░░░░]  45.6%
     Best:     Objective 1=  16.73  Objective 2= -40.97
     Mean:     Objective 1= -22.01  Objective 2=-308.36

Gen  229/500 [██████████████████████░░░░░░░░░░░░░░░░░░░░░░░░░░░░]  45.8%
     Best:     Objective 1=  33.38  Objective 2= -34.18
     Mean:     Objective 1= -23.11  Objective 2=-335.09

Gen  230/500 [███████████████████████░░░░░░░░░░░░░░░░░░░░░░░░░░░]  46.0%
     Best:     Objective 1=  26.91  Objective 2= -42.08
     Mean:     Objective 1= -23.93  Objective 2=-371.90

Generation 230:	[ 41.43079016 -52.52615685]
Mean fitness:	-164.94 +- 331.70
Mean fitness per obj: ['-20.81 +-26.79', '-309.07 +-421.65']
Gen  231/500 [███████████████████████░░░░░░░░░░░░░░░░░░░░░░░░░░░]  46.2%
     Best:     Objective 1=  41.92  Objective 2= -43.04
     Mean:     Objective 1= -20.81  Objective 2=-309.07

Gen  232/500 [███████████████████████░░░░░░░░░░░░░░░░░░░░░░░░░░░]  46.4%
     Best:     Objective 1=  23.49  Objective 2= -43.04
     Mean:     Objective 1= -24.19  Objective 2=-353.10

Gen  233/500 [███████████████████████░░░░░░░░░░░░░░░░░░░░░░░░░░░]  46.6%
     Best:     Objective 1=  29.99  Objective 2= -33.45
     Mean:     Objective 1= -25.23  Objective 2=-307.56

Gen  234/500 [███████████████████████░░░░░░░░░░░░░░░░░░░░░░░░░░░]  46.8%
     Best:     Objective 1=  35.25  Objective 2= -44.68
     Mean:     Objective 1= -18.70  Objective 2=-302.43

Gen  235/500 [███████████████████████░░░░░░░░░░░░░░░░░░░░░░░░░░░]  47.0%
     Best:     Objective 1=  68.81  Objective 2= -41.46
     Mean:     Objective 1= -22.65  Objective 2=-349.34

Generation 235:	[ 41.43079016 -52.52615685]
Mean fitness:	-156.44 +- 303.80
Mean fitness per obj: ['-23.71 +-37.57', '-289.17 +-384.64']
Gen  236/500 [███████████████████████░░░░░░░░░░░░░░░░░░░░░░░░░░░]  47.2%
     Best:     Objective 1=  54.29  Objective 2= -41.30
     Mean:     Objective 1= -23.71  Objective 2=-289.17

Gen  237/500 [███████████████████████░░░░░░░░░░░░░░░░░░░░░░░░░░░]  47.4%
     Best:     Objective 1=  29.54  Objective 2= -38.62
     Mean:     Objective 1= -21.48  Objective 2=-326.18

Gen  238/500 [███████████████████████░░░░░░░░░░░░░░░░░░░░░░░░░░░]  47.6%
     Best:     Objective 1=  29.92  Objective 2= -41.89
     Mean:     Objective 1= -24.19  Objective 2=-316.44

Gen  239/500 [███████████████████████░░░░░░░░░░░░░░░░░░░░░░░░░░░]  47.8%
     Best:     Objective 1=  19.09  Objective 2= -33.39
     Mean:     Objective 1= -18.52  Objective 2=-296.30

Gen  240/500 [████████████████████████░░░░░░░░░░░░░░░░░░░░░░░░░░]  48.0%
     Best:     Objective 1=  46.12  Objective 2= -43.22
     Mean:     Objective 1= -20.73  Objective 2=-295.63

Generation 240:	[ 41.43079016 -52.52615685]
Mean fitness:	-149.70 +- 282.58
Mean fitness per obj: ['-23.25 +-38.90', '-276.15 +-355.25']
Gen  241/500 [████████████████████████░░░░░░░░░░░░░░░░░░░░░░░░░░]  48.2%
     Best:     Objective 1=  12.02  Objective 2= -41.24
     Mean:     Objective 1= -23.25  Objective 2=-276.15

Gen  242/500 [████████████████████████░░░░░░░░░░░░░░░░░░░░░░░░░░]  48.4%
     Best:     Objective 1=  31.71  Objective 2= -42.23
     Mean:     Objective 1= -20.28  Objective 2=-283.50

Gen  243/500 [████████████████████████░░░░░░░░░░░░░░░░░░░░░░░░░░]  48.6%
     Best:     Objective 1=  34.09  Objective 2= -38.22
     Mean:     Objective 1= -23.29  Objective 2=-302.38

Gen  244/500 [████████████████████████░░░░░░░░░░░░░░░░░░░░░░░░░░]  48.8%
     Best:     Objective 1=  32.20  Objective 2= -43.17
     Mean:     Objective 1= -21.96  Objective 2=-314.29

Gen  245/500 [████████████████████████░░░░░░░░░░░░░░░░░░░░░░░░░░]  49.0%
     Best:     Objective 1=  16.24  Objective 2= -42.30
     Mean:     Objective 1= -20.71  Objective 2=-357.63

Generation 245:	[ 41.43079016 -52.52615685]
Mean fitness:	-169.92 +- 317.28
Mean fitness per obj: ['-22.02 +-29.11', '-317.82 +-395.91']
Gen  246/500 [████████████████████████░░░░░░░░░░░░░░░░░░░░░░░░░░]  49.2%
     Best:     Objective 1=  28.23  Objective 2= -39.72
     Mean:     Objective 1= -22.02  Objective 2=-317.82

Gen  247/500 [████████████████████████░░░░░░░░░░░░░░░░░░░░░░░░░░]  49.4%
     Best:     Objective 1=  40.00  Objective 2= -39.54
     Mean:     Objective 1= -23.35  Objective 2=-308.95

Gen  248/500 [████████████████████████░░░░░░░░░░░░░░░░░░░░░░░░░░]  49.6%
     Best:     Objective 1=  15.10  Objective 2= -40.94
     Mean:     Objective 1= -22.04  Objective 2=-336.71

Gen  249/500 [████████████████████████░░░░░░░░░░░░░░░░░░░░░░░░░░]  49.8%
     Best:     Objective 1=  34.54  Objective 2= -38.99
     Mean:     Objective 1= -20.59  Objective 2=-294.37

Gen  250/500 [█████████████████████████░░░░░░░░░░░░░░░░░░░░░░░░░]  50.0%
     Best:     Objective 1=  24.49  Objective 2= -43.89
     Mean:     Objective 1= -20.85  Objective 2=-350.72

Generation 250:	[ 41.43079016 -52.52615685]
Mean fitness:	-180.72 +- 330.72
Mean fitness per obj: ['-23.37 +-34.15', '-338.07 +-409.97']
Gen  251/500 [█████████████████████████░░░░░░░░░░░░░░░░░░░░░░░░░]  50.2%
     Best:     Objective 1=  22.57  Objective 2= -31.84
     Mean:     Objective 1= -23.37  Objective 2=-338.07

Gen  252/500 [█████████████████████████░░░░░░░░░░░░░░░░░░░░░░░░░]  50.4%
     Best:     Objective 1=  28.86  Objective 2= -35.91
     Mean:     Objective 1= -21.57  Objective 2=-333.68

Gen  253/500 [█████████████████████████░░░░░░░░░░░░░░░░░░░░░░░░░]  50.6%
     Best:     Objective 1=  46.19  Objective 2= -41.24
     Mean:     Objective 1= -19.99  Objective 2=-312.89

Gen  254/500 [█████████████████████████░░░░░░░░░░░░░░░░░░░░░░░░░]  50.8%
     Best:     Objective 1=  28.64  Objective 2= -40.36
     Mean:     Objective 1= -22.92  Objective 2=-292.47

Gen  255/500 [█████████████████████████░░░░░░░░░░░░░░░░░░░░░░░░░]  51.0%
     Best:     Objective 1=  20.84  Objective 2= -33.16
     Mean:     Objective 1= -22.34  Objective 2=-317.23

Generation 255:	[ 41.43079016 -52.52615685]
Mean fitness:	-156.93 +- 318.94
Mean fitness per obj: ['-19.45 +-23.40', '-294.41 +-406.32']
Gen  256/500 [█████████████████████████░░░░░░░░░░░░░░░░░░░░░░░░░]  51.2%
     Best:     Objective 1=  34.68  Objective 2= -39.49
     Mean:     Objective 1= -19.45  Objective 2=-294.41

Gen  257/500 [█████████████████████████░░░░░░░░░░░░░░░░░░░░░░░░░]  51.4%
     Best:     Objective 1=  32.71  Objective 2= -33.51
     Mean:     Objective 1= -24.13  Objective 2=-292.75

Gen  258/500 [█████████████████████████░░░░░░░░░░░░░░░░░░░░░░░░░]  51.6%
     Best:     Objective 1=  31.95  Objective 2= -39.78
     Mean:     Objective 1= -24.91  Objective 2=-291.54

Gen  259/500 [█████████████████████████░░░░░░░░░░░░░░░░░░░░░░░░░]  51.8%
     Best:     Objective 1=  22.37  Objective 2= -43.16
     Mean:     Objective 1= -20.69  Objective 2=-317.01

Gen  260/500 [██████████████████████████░░░░░░░░░░░░░░░░░░░░░░░░]  52.0%
     Best:     Objective 1=  25.45  Objective 2= -41.78
     Mean:     Objective 1= -27.08  Objective 2=-332.26

Generation 260:	[ 41.43079016 -52.52615685]
Mean fitness:	-173.40 +- 330.45
Mean fitness per obj: ['-21.88 +-36.35', '-324.93 +-413.71']
Gen  261/500 [██████████████████████████░░░░░░░░░░░░░░░░░░░░░░░░]  52.2%
     Best:     Objective 1=  21.88  Objective 2= -35.15
     Mean:     Objective 1= -21.88  Objective 2=-324.93

Gen  262/500 [██████████████████████████░░░░░░░░░░░░░░░░░░░░░░░░]  52.4%
     Best:     Objective 1=  26.66  Objective 2= -43.01
     Mean:     Objective 1= -18.79  Objective 2=-295.68

Gen  263/500 [██████████████████████████░░░░░░░░░░░░░░░░░░░░░░░░]  52.6%
     Best:     Objective 1=  48.09  Objective 2= -40.93
     Mean:     Objective 1= -21.17  Objective 2=-272.34

Gen  264/500 [██████████████████████████░░░░░░░░░░░░░░░░░░░░░░░░]  52.8%
     Best:     Objective 1=  34.17  Objective 2= -42.18
     Mean:     Objective 1= -22.08  Objective 2=-321.79

Gen  265/500 [██████████████████████████░░░░░░░░░░░░░░░░░░░░░░░░]  53.0%
     Best:     Objective 1=  21.74  Objective 2= -39.78
     Mean:     Objective 1= -22.61  Objective 2=-347.47

Generation 265:	[ 41.43079016 -52.52615685]
Mean fitness:	-138.44 +- 222.57
Mean fitness per obj: ['-20.36 +-23.64', '-256.52 +-265.77']
Gen  266/500 [██████████████████████████░░░░░░░░░░░░░░░░░░░░░░░░]  53.2%
     Best:     Objective 1=  27.65  Objective 2= -39.14
     Mean:     Objective 1= -20.36  Objective 2=-256.52

Gen  267/500 [██████████████████████████░░░░░░░░░░░░░░░░░░░░░░░░]  53.4%
     Best:     Objective 1=  23.08  Objective 2= -40.30
     Mean:     Objective 1= -22.57  Objective 2=-299.23

Gen  268/500 [██████████████████████████░░░░░░░░░░░░░░░░░░░░░░░░]  53.6%
     Best:     Objective 1=  41.90  Objective 2= -38.98
     Mean:     Objective 1= -20.91  Objective 2=-306.77

Gen  269/500 [██████████████████████████░░░░░░░░░░░░░░░░░░░░░░░░]  53.8%
     Best:     Objective 1=  31.74  Objective 2= -41.55
     Mean:     Objective 1= -20.90  Objective 2=-320.08

Gen  270/500 [███████████████████████████░░░░░░░░░░░░░░░░░░░░░░░]  54.0%
     Best:     Objective 1=  27.99  Objective 2= -39.16
     Mean:     Objective 1= -20.12  Objective 2=-320.40

Generation 270:	[ 41.43079016 -52.52615685]
Mean fitness:	-167.42 +- 332.73
Mean fitness per obj: ['-22.78 +-32.13', '-312.06 +-422.54']
Gen  271/500 [███████████████████████████░░░░░░░░░░░░░░░░░░░░░░░]  54.2%
     Best:     Objective 1=  24.69  Objective 2= -35.14
     Mean:     Objective 1= -22.78  Objective 2=-312.06

Gen  272/500 [███████████████████████████░░░░░░░░░░░░░░░░░░░░░░░]  54.4%
     Best:     Objective 1=  29.76  Objective 2= -44.73
     Mean:     Objective 1= -22.06  Objective 2=-352.79

Gen  273/500 [███████████████████████████░░░░░░░░░░░░░░░░░░░░░░░]  54.6%
     Best:     Objective 1=  29.17  Objective 2= -41.74
     Mean:     Objective 1= -21.17  Objective 2=-264.54

Gen  274/500 [███████████████████████████░░░░░░░░░░░░░░░░░░░░░░░]  54.8%
     Best:     Objective 1=  30.97  Objective 2= -42.97
     Mean:     Objective 1= -19.56  Objective 2=-358.94

Gen  275/500 [███████████████████████████░░░░░░░░░░░░░░░░░░░░░░░]  55.0%
     Best:     Objective 1=  24.03  Objective 2= -38.60
     Mean:     Objective 1= -17.99  Objective 2=-328.97

Generation 275:	[ 41.43079016 -52.52615685]
Mean fitness:	-191.77 +- 391.53
Mean fitness per obj: ['-20.99 +-23.07', '-362.54 +-497.72']
Gen  276/500 [███████████████████████████░░░░░░░░░░░░░░░░░░░░░░░]  55.2%
     Best:     Objective 1=  25.67  Objective 2= -41.02
     Mean:     Objective 1= -20.99  Objective 2=-362.54

Gen  277/500 [███████████████████████████░░░░░░░░░░░░░░░░░░░░░░░]  55.4%
     Best:     Objective 1=  61.98  Objective 2= -41.78
     Mean:     Objective 1= -21.39  Objective 2=-306.04

Gen  278/500 [███████████████████████████░░░░░░░░░░░░░░░░░░░░░░░]  55.6%
     Best:     Objective 1=  24.13  Objective 2= -31.68
     Mean:     Objective 1= -19.98  Objective 2=-295.62

Gen  279/500 [███████████████████████████░░░░░░░░░░░░░░░░░░░░░░░]  55.8%
     Best:     Objective 1=  35.93  Objective 2= -41.56
     Mean:     Objective 1= -20.07  Objective 2=-293.98

Gen  280/500 [████████████████████████████░░░░░░░░░░░░░░░░░░░░░░]  56.0%
     Best:     Objective 1=  42.25  Objective 2= -40.95
     Mean:     Objective 1= -20.63  Objective 2=-335.49

Generation 280:	[ 41.43079016 -52.52615685]
Mean fitness:	-152.94 +- 285.99
Mean fitness per obj: ['-20.16 +-27.02', '-285.72 +-357.20']
Gen  281/500 [████████████████████████████░░░░░░░░░░░░░░░░░░░░░░]  56.2%
     Best:     Objective 1=  20.64  Objective 2= -45.01
     Mean:     Objective 1= -20.16  Objective 2=-285.72

Gen  282/500 [████████████████████████████░░░░░░░░░░░░░░░░░░░░░░]  56.4%
     Best:     Objective 1=  48.59  Objective 2= -40.60
     Mean:     Objective 1= -24.20  Objective 2=-288.83

Gen  283/500 [████████████████████████████░░░░░░░░░░░░░░░░░░░░░░]  56.6%
     Best:     Objective 1=  31.41  Objective 2= -41.54
     Mean:     Objective 1= -24.03  Objective 2=-301.11

Gen  284/500 [████████████████████████████░░░░░░░░░░░░░░░░░░░░░░]  56.8%
     Best:     Objective 1=  47.47  Objective 2= -42.84
     Mean:     Objective 1= -20.19  Objective 2=-301.59

Gen  285/500 [████████████████████████████░░░░░░░░░░░░░░░░░░░░░░]  57.0%
     Best:     Objective 1=  23.83  Objective 2= -40.90
     Mean:     Objective 1= -24.41  Objective 2=-299.92

Generation 285:	[ 52.05150119 -42.6759377 ]
Mean fitness:	-164.31 +- 327.68
Mean fitness per obj: ['-22.27 +-31.28', '-306.36 +-416.43']
Gen  286/500 [████████████████████████████░░░░░░░░░░░░░░░░░░░░░░]  57.2%
     Best:     Objective 1=  52.05  Objective 2= -38.88
     Mean:     Objective 1= -22.27  Objective 2=-306.36

Gen  287/500 [████████████████████████████░░░░░░░░░░░░░░░░░░░░░░]  57.4%
     Best:     Objective 1=  70.55  Objective 2= -40.98
     Mean:     Objective 1= -19.46  Objective 2=-293.02

Gen  288/500 [████████████████████████████░░░░░░░░░░░░░░░░░░░░░░]  57.6%
     Best:     Objective 1=  28.90  Objective 2= -42.93
     Mean:     Objective 1= -23.56  Objective 2=-289.75

Gen  289/500 [████████████████████████████░░░░░░░░░░░░░░░░░░░░░░]  57.8%
     Best:     Objective 1=  15.03  Objective 2= -36.46
     Mean:     Objective 1= -22.09  Objective 2=-307.93

Gen  290/500 [████████████████████████████░░░░░░░░░░░░░░░░░░░░░░]  58.0%
     Best:     Objective 1=  30.25  Objective 2= -39.57
     Mean:     Objective 1= -19.28  Objective 2=-322.08

Generation 290:	[ 52.05150119 -42.6759377 ]
Mean fitness:	-167.89 +- 292.74
Mean fitness per obj: ['-23.28 +-39.50', '-312.50 +-357.78']
Gen  291/500 [█████████████████████████████░░░░░░░░░░░░░░░░░░░░░]  58.2%
     Best:     Objective 1=  24.93  Objective 2= -40.78
     Mean:     Objective 1= -23.28  Objective 2=-312.50

Gen  292/500 [█████████████████████████████░░░░░░░░░░░░░░░░░░░░░]  58.4%
     Best:     Objective 1=  34.71  Objective 2= -39.10
     Mean:     Objective 1= -21.33  Objective 2=-331.42

Gen  293/500 [█████████████████████████████░░░░░░░░░░░░░░░░░░░░░]  58.6%
     Best:     Objective 1=  23.06  Objective 2= -41.39
     Mean:     Objective 1= -21.06  Objective 2=-328.46

Gen  294/500 [█████████████████████████████░░░░░░░░░░░░░░░░░░░░░]  58.8%
     Best:     Objective 1=  26.83  Objective 2= -41.41
     Mean:     Objective 1= -23.64  Objective 2=-303.31

Gen  295/500 [█████████████████████████████░░░░░░░░░░░░░░░░░░░░░]  59.0%
     Best:     Objective 1=  18.59  Objective 2= -39.92
     Mean:     Objective 1= -21.41  Objective 2=-325.31

Generation 295:	[ 52.05150119 -42.6759377 ]
Mean fitness:	-159.85 +- 296.51
Mean fitness per obj: ['-19.13 +-20.74', '-300.56 +-368.51']
Gen  296/500 [█████████████████████████████░░░░░░░░░░░░░░░░░░░░░]  59.2%
     Best:     Objective 1=  27.77  Objective 2= -40.25
     Mean:     Objective 1= -19.13  Objective 2=-300.56

Gen  297/500 [█████████████████████████████░░░░░░░░░░░░░░░░░░░░░]  59.4%
     Best:     Objective 1=  32.02  Objective 2= -40.00
     Mean:     Objective 1= -20.25  Objective 2=-263.52

Gen  298/500 [█████████████████████████████░░░░░░░░░░░░░░░░░░░░░]  59.6%
     Best:     Objective 1=  26.25  Objective 2= -36.84
     Mean:     Objective 1= -23.28  Objective 2=-332.97

Gen  299/500 [█████████████████████████████░░░░░░░░░░░░░░░░░░░░░]  59.8%
     Best:     Objective 1=  19.97  Objective 2= -40.96
     Mean:     Objective 1= -24.57  Objective 2=-342.69

Gen  300/500 [██████████████████████████████░░░░░░░░░░░░░░░░░░░░]  60.0%
     Best:     Objective 1=  20.99  Objective 2= -40.29
     Mean:     Objective 1= -23.35  Objective 2=-312.88

Generation 300:	[ 52.05150119 -42.6759377 ]
Mean fitness:	-161.29 +- 288.38
Mean fitness per obj: ['-23.98 +-38.70', '-298.60 +-356.54']
Gen  301/500 [██████████████████████████████░░░░░░░░░░░░░░░░░░░░]  60.2%
     Best:     Objective 1=  31.09  Objective 2= -42.92
     Mean:     Objective 1= -23.98  Objective 2=-298.60

Gen  302/500 [██████████████████████████████░░░░░░░░░░░░░░░░░░░░]  60.4%
     Best:     Objective 1=  41.05  Objective 2= -36.30
     Mean:     Objective 1= -24.24  Objective 2=-278.28

Gen  303/500 [██████████████████████████████░░░░░░░░░░░░░░░░░░░░]  60.6%
     Best:     Objective 1=  40.53  Objective 2= -44.48
     Mean:     Objective 1= -20.58  Objective 2=-286.48

Gen  304/500 [██████████████████████████████░░░░░░░░░░░░░░░░░░░░]  60.8%
     Best:     Objective 1=  50.45  Objective 2= -44.79
     Mean:     Objective 1= -21.34  Objective 2=-315.23

Gen  305/500 [██████████████████████████████░░░░░░░░░░░░░░░░░░░░]  61.0%
     Best:     Objective 1=  62.30  Objective 2= -41.92
     Mean:     Objective 1= -21.15  Objective 2=-351.75

Generation 305:	[ 52.05150119 -42.6759377 ]
Mean fitness:	-165.45 +- 324.10
Mean fitness per obj: ['-19.19 +-24.92', '-311.71 +-408.25']
Gen  306/500 [██████████████████████████████░░░░░░░░░░░░░░░░░░░░]  61.2%
     Best:     Objective 1=  33.54  Objective 2= -43.82
     Mean:     Objective 1= -19.19  Objective 2=-311.71

Gen  307/500 [██████████████████████████████░░░░░░░░░░░░░░░░░░░░]  61.4%
     Best:     Objective 1=  23.96  Objective 2= -41.97
     Mean:     Objective 1= -21.95  Objective 2=-317.52

Gen  308/500 [██████████████████████████████░░░░░░░░░░░░░░░░░░░░]  61.6%
     Best:     Objective 1=  30.32  Objective 2= -43.17
     Mean:     Objective 1= -22.73  Objective 2=-350.24

Gen  309/500 [██████████████████████████████░░░░░░░░░░░░░░░░░░░░]  61.8%
     Best:     Objective 1=  28.90  Objective 2= -40.37
     Mean:     Objective 1= -26.76  Objective 2=-313.77

Gen  310/500 [███████████████████████████████░░░░░░░░░░░░░░░░░░░]  62.0%
     Best:     Objective 1=  13.64  Objective 2= -36.13
     Mean:     Objective 1= -24.29  Objective 2=-333.66

Generation 310:	[ 52.05150119 -42.6759377 ]
Mean fitness:	-169.55 +- 326.37
Mean fitness per obj: ['-18.52 +-21.26', '-320.57 +-408.61']
Gen  311/500 [███████████████████████████████░░░░░░░░░░░░░░░░░░░]  62.2%
     Best:     Objective 1=  17.69  Objective 2= -44.44
     Mean:     Objective 1= -18.52  Objective 2=-320.57

Gen  312/500 [███████████████████████████████░░░░░░░░░░░░░░░░░░░]  62.4%
     Best:     Objective 1=  31.60  Objective 2= -40.73
     Mean:     Objective 1= -20.82  Objective 2=-296.34

Gen  313/500 [███████████████████████████████░░░░░░░░░░░░░░░░░░░]  62.6%
     Best:     Objective 1=  45.65  Objective 2= -40.22
     Mean:     Objective 1= -19.53  Objective 2=-303.92

Gen  314/500 [███████████████████████████████░░░░░░░░░░░░░░░░░░░]  62.8%
     Best:     Objective 1=  29.35  Objective 2= -41.90
     Mean:     Objective 1= -20.14  Objective 2=-333.01

Gen  315/500 [███████████████████████████████░░░░░░░░░░░░░░░░░░░]  63.0%
     Best:     Objective 1=  14.13  Objective 2= -40.78
     Mean:     Objective 1= -20.16  Objective 2=-321.60

Generation 315:	[ 52.05150119 -42.6759377 ]
Mean fitness:	-167.86 +- 294.49
Mean fitness per obj: ['-23.37 +-35.47', '-312.35 +-361.16']
Gen  316/500 [███████████████████████████████░░░░░░░░░░░░░░░░░░░]  63.2%
     Best:     Objective 1=  20.53  Objective 2= -41.46
     Mean:     Objective 1= -23.37  Objective 2=-312.35

Gen  317/500 [███████████████████████████████░░░░░░░░░░░░░░░░░░░]  63.4%
     Best:     Objective 1=  28.82  Objective 2= -41.88
     Mean:     Objective 1= -21.49  Objective 2=-288.82

Gen  318/500 [███████████████████████████████░░░░░░░░░░░░░░░░░░░]  63.6%
     Best:     Objective 1=  38.08  Objective 2= -43.34
     Mean:     Objective 1= -24.46  Objective 2=-309.18

Gen  319/500 [███████████████████████████████░░░░░░░░░░░░░░░░░░░]  63.8%
     Best:     Objective 1=  26.83  Objective 2= -41.70
     Mean:     Objective 1= -21.32  Objective 2=-286.40

Gen  320/500 [████████████████████████████████░░░░░░░░░░░░░░░░░░]  64.0%
     Best:     Objective 1=  30.40  Objective 2= -40.27
     Mean:     Objective 1= -25.31  Objective 2=-351.84

Generation 320:	[ 52.05150119 -42.6759377 ]
Mean fitness:	-163.53 +- 290.91
Mean fitness per obj: ['-22.30 +-33.43', '-304.75 +-358.13']
Gen  321/500 [████████████████████████████████░░░░░░░░░░░░░░░░░░]  64.2%
     Best:     Objective 1=  44.43  Objective 2= -42.52
     Mean:     Objective 1= -22.30  Objective 2=-304.75

Gen  322/500 [████████████████████████████████░░░░░░░░░░░░░░░░░░]  64.4%
     Best:     Objective 1=  31.38  Objective 2= -43.72
     Mean:     Objective 1= -22.20  Objective 2=-340.90

Gen  323/500 [████████████████████████████████░░░░░░░░░░░░░░░░░░]  64.6%
     Best:     Objective 1=  31.34  Objective 2= -34.16
     Mean:     Objective 1= -22.70  Objective 2=-365.85

Gen  324/500 [████████████████████████████████░░░░░░░░░░░░░░░░░░]  64.8%
     Best:     Objective 1=  41.93  Objective 2= -42.44
     Mean:     Objective 1= -19.97  Objective 2=-294.76

Gen  325/500 [████████████████████████████████░░░░░░░░░░░░░░░░░░]  65.0%
     Best:     Objective 1=  31.57  Objective 2= -42.41
     Mean:     Objective 1= -23.20  Objective 2=-328.86

Generation 325:	[ 52.05150119 -42.6759377 ]
Mean fitness:	-174.01 +- 329.43
Mean fitness per obj: ['-23.02 +-42.21', '-324.99 +-411.91']
Gen  326/500 [████████████████████████████████░░░░░░░░░░░░░░░░░░]  65.2%
     Best:     Objective 1=  31.79  Objective 2= -42.97
     Mean:     Objective 1= -23.02  Objective 2=-324.99

Gen  327/500 [████████████████████████████████░░░░░░░░░░░░░░░░░░]  65.4%
     Best:     Objective 1=  27.14  Objective 2= -43.23
     Mean:     Objective 1= -23.60  Objective 2=-289.42

Gen  328/500 [████████████████████████████████░░░░░░░░░░░░░░░░░░]  65.6%
     Best:     Objective 1=  46.43  Objective 2= -42.24
     Mean:     Objective 1= -18.83  Objective 2=-348.97

Gen  329/500 [████████████████████████████████░░░░░░░░░░░░░░░░░░]  65.8%
     Best:     Objective 1=  21.35  Objective 2= -29.14
     Mean:     Objective 1= -21.19  Objective 2=-322.95

Gen  330/500 [█████████████████████████████████░░░░░░░░░░░░░░░░░]  66.0%
     Best:     Objective 1=  42.46  Objective 2= -40.75
     Mean:     Objective 1= -22.42  Objective 2=-317.36

Generation 330:	[ 52.05150119 -42.6759377 ]
Mean fitness:	-191.68 +- 382.51
Mean fitness per obj: ['-23.22 +-39.66', '-360.13 +-484.06']
Gen  331/500 [█████████████████████████████████░░░░░░░░░░░░░░░░░]  66.2%
     Best:     Objective 1=  44.11  Objective 2= -24.49
     Mean:     Objective 1= -23.22  Objective 2=-360.13

Gen  332/500 [█████████████████████████████████░░░░░░░░░░░░░░░░░]  66.4%
     Best:     Objective 1=  31.14  Objective 2= -40.84
     Mean:     Objective 1= -21.75  Objective 2=-305.89

Gen  333/500 [█████████████████████████████████░░░░░░░░░░░░░░░░░]  66.6%
     Best:     Objective 1=  19.42  Objective 2= -41.46
     Mean:     Objective 1= -25.35  Objective 2=-348.87

Gen  334/500 [█████████████████████████████████░░░░░░░░░░░░░░░░░]  66.8%
     Best:     Objective 1=  34.96  Objective 2= -44.11
     Mean:     Objective 1= -20.12  Objective 2=-294.26

Gen  335/500 [█████████████████████████████████░░░░░░░░░░░░░░░░░]  67.0%
     Best:     Objective 1=  29.83  Objective 2= -42.24
     Mean:     Objective 1= -20.16  Objective 2=-342.22

Generation 335:	[ 52.05150119 -42.6759377 ]
Mean fitness:	-151.58 +- 264.51
Mean fitness per obj: ['-20.25 +-20.90', '-282.92 +-324.03']
Gen  336/500 [█████████████████████████████████░░░░░░░░░░░░░░░░░]  67.2%
     Best:     Objective 1=  50.15  Objective 2= -30.83
     Mean:     Objective 1= -20.25  Objective 2=-282.92

Gen  337/500 [█████████████████████████████████░░░░░░░░░░░░░░░░░]  67.4%
     Best:     Objective 1=  25.88  Objective 2= -34.02
     Mean:     Objective 1= -23.78  Objective 2=-321.55

Gen  338/500 [█████████████████████████████████░░░░░░░░░░░░░░░░░]  67.6%
     Best:     Objective 1=  25.86  Objective 2= -43.08
     Mean:     Objective 1= -25.11  Objective 2=-313.07

Gen  339/500 [█████████████████████████████████░░░░░░░░░░░░░░░░░]  67.8%
     Best:     Objective 1=  33.16  Objective 2= -37.81
     Mean:     Objective 1= -22.47  Objective 2=-302.38

Gen  340/500 [██████████████████████████████████░░░░░░░░░░░░░░░░]  68.0%
     Best:     Objective 1=  28.36  Objective 2= -39.51
     Mean:     Objective 1= -17.85  Objective 2=-322.75

Generation 340:	[ 52.05150119 -42.6759377 ]
Mean fitness:	-159.72 +- 315.20
Mean fitness per obj: ['-21.51 +-32.59', '-297.93 +-399.30']
Gen  341/500 [██████████████████████████████████░░░░░░░░░░░░░░░░]  68.2%
     Best:     Objective 1=  41.47  Objective 2= -42.56
     Mean:     Objective 1= -21.51  Objective 2=-297.93

Gen  342/500 [██████████████████████████████████░░░░░░░░░░░░░░░░]  68.4%
     Best:     Objective 1=  44.09  Objective 2= -42.01
     Mean:     Objective 1= -20.76  Objective 2=-308.35

Gen  343/500 [██████████████████████████████████░░░░░░░░░░░░░░░░]  68.6%
     Best:     Objective 1=  18.16  Objective 2= -42.46
     Mean:     Objective 1= -23.34  Objective 2=-314.08

Gen  344/500 [██████████████████████████████████░░░░░░░░░░░░░░░░]  68.8%
     Best:     Objective 1=  17.51  Objective 2= -40.94
     Mean:     Objective 1= -23.32  Objective 2=-343.85

Gen  345/500 [██████████████████████████████████░░░░░░░░░░░░░░░░]  69.0%
     Best:     Objective 1=  62.92  Objective 2= -41.87
     Mean:     Objective 1= -21.96  Objective 2=-331.17

Generation 345:	[ 52.05150119 -42.6759377 ]
Mean fitness:	-166.90 +- 298.65
Mean fitness per obj: ['-22.05 +-36.36', '-311.74 +-367.56']
Gen  346/500 [██████████████████████████████████░░░░░░░░░░░░░░░░]  69.2%
     Best:     Objective 1=  24.00  Objective 2= -41.66
     Mean:     Objective 1= -22.05  Objective 2=-311.74

Gen  347/500 [██████████████████████████████████░░░░░░░░░░░░░░░░]  69.4%
     Best:     Objective 1=  37.87  Objective 2= -30.31
     Mean:     Objective 1= -24.13  Objective 2=-334.87

Gen  348/500 [██████████████████████████████████░░░░░░░░░░░░░░░░]  69.6%
     Best:     Objective 1=  25.07  Objective 2= -39.88
     Mean:     Objective 1= -22.89  Objective 2=-290.52

Gen  349/500 [██████████████████████████████████░░░░░░░░░░░░░░░░]  69.8%
     Best:     Objective 1=  33.85  Objective 2= -35.81
     Mean:     Objective 1= -22.80  Objective 2=-283.60

Gen  350/500 [███████████████████████████████████░░░░░░░░░░░░░░░]  70.0%
     Best:     Objective 1=  37.08  Objective 2= -40.74
     Mean:     Objective 1= -21.20  Objective 2=-294.75

Generation 350:	[ 52.05150119 -42.6759377 ]
Mean fitness:	-180.23 +- 363.85
Mean fitness per obj: ['-20.83 +-29.94', '-339.64 +-461.57']
Gen  351/500 [███████████████████████████████████░░░░░░░░░░░░░░░]  70.2%
     Best:     Objective 1=  25.96  Objective 2= -44.29
     Mean:     Objective 1= -20.83  Objective 2=-339.64

Gen  352/500 [███████████████████████████████████░░░░░░░░░░░░░░░]  70.4%
     Best:     Objective 1=  28.82  Objective 2= -39.77
     Mean:     Objective 1= -23.14  Objective 2=-308.76

Gen  353/500 [███████████████████████████████████░░░░░░░░░░░░░░░]  70.6%
     Best:     Objective 1=  33.77  Objective 2= -42.30
     Mean:     Objective 1= -22.67  Objective 2=-306.50

Gen  354/500 [███████████████████████████████████░░░░░░░░░░░░░░░]  70.8%
     Best:     Objective 1=  32.56  Objective 2= -33.82
     Mean:     Objective 1= -22.96  Objective 2=-332.80

Gen  355/500 [███████████████████████████████████░░░░░░░░░░░░░░░]  71.0%
     Best:     Objective 1=  66.17  Objective 2= -42.90
     Mean:     Objective 1= -21.21  Objective 2=-308.89

Generation 355:	[ 52.05150119 -42.6759377 ]
Mean fitness:	-170.08 +- 303.49
Mean fitness per obj: ['-21.96 +-26.65', '-318.19 +-373.67']
Gen  356/500 [███████████████████████████████████░░░░░░░░░░░░░░░]  71.2%
     Best:     Objective 1=  22.12  Objective 2= -37.80
     Mean:     Objective 1= -21.96  Objective 2=-318.19

Gen  357/500 [███████████████████████████████████░░░░░░░░░░░░░░░]  71.4%
     Best:     Objective 1=  49.91  Objective 2= -39.33
     Mean:     Objective 1= -22.21  Objective 2=-326.97

Gen  358/500 [███████████████████████████████████░░░░░░░░░░░░░░░]  71.6%
     Best:     Objective 1=  29.84  Objective 2= -45.22
     Mean:     Objective 1= -20.99  Objective 2=-322.41

Gen  359/500 [███████████████████████████████████░░░░░░░░░░░░░░░]  71.8%
     Best:     Objective 1=  61.74  Objective 2= -43.55
     Mean:     Objective 1= -23.47  Objective 2=-335.66

Gen  360/500 [████████████████████████████████████░░░░░░░░░░░░░░]  72.0%
     Best:     Objective 1=  23.80  Objective 2= -41.57
     Mean:     Objective 1= -21.42  Objective 2=-257.01

Generation 360:	[ 52.05150119 -42.6759377 ]
Mean fitness:	-171.17 +- 309.22
Mean fitness per obj: ['-20.30 +-24.80', '-322.04 +-380.91']
Gen  361/500 [████████████████████████████████████░░░░░░░░░░░░░░]  72.2%
     Best:     Objective 1=  29.09  Objective 2= -42.16
     Mean:     Objective 1= -20.30  Objective 2=-322.04

Gen  362/500 [████████████████████████████████████░░░░░░░░░░░░░░]  72.4%
     Best:     Objective 1=  51.32  Objective 2= -40.88
     Mean:     Objective 1= -21.83  Objective 2=-307.87

Gen  363/500 [████████████████████████████████████░░░░░░░░░░░░░░]  72.6%
     Best:     Objective 1=  28.22  Objective 2= -40.55
     Mean:     Objective 1= -27.72  Objective 2=-281.33

Gen  364/500 [████████████████████████████████████░░░░░░░░░░░░░░]  72.8%
     Best:     Objective 1=  33.27  Objective 2= -39.40
     Mean:     Objective 1= -17.75  Objective 2=-326.90

Gen  365/500 [████████████████████████████████████░░░░░░░░░░░░░░]  73.0%
     Best:     Objective 1=  28.17  Objective 2= -42.14
     Mean:     Objective 1= -20.50  Objective 2=-356.32

Generation 365:	[ 52.05150119 -42.6759377 ]
Mean fitness:	-177.79 +- 355.95
Mean fitness per obj: ['-20.03 +-33.11', '-335.55 +-450.03']
Gen  366/500 [████████████████████████████████████░░░░░░░░░░░░░░]  73.2%
     Best:     Objective 1=  28.89  Objective 2= -43.94
     Mean:     Objective 1= -20.03  Objective 2=-335.55

Gen  367/500 [████████████████████████████████████░░░░░░░░░░░░░░]  73.4%
     Best:     Objective 1=  38.67  Objective 2= -38.88
     Mean:     Objective 1= -23.52  Objective 2=-326.24

Gen  368/500 [████████████████████████████████████░░░░░░░░░░░░░░]  73.6%
     Best:     Objective 1=  41.62  Objective 2= -43.68
     Mean:     Objective 1= -22.69  Objective 2=-287.00

Gen  369/500 [████████████████████████████████████░░░░░░░░░░░░░░]  73.8%
     Best:     Objective 1=  37.30  Objective 2= -40.74
     Mean:     Objective 1= -22.31  Objective 2=-353.19

Gen  370/500 [█████████████████████████████████████░░░░░░░░░░░░░]  74.0%
     Best:     Objective 1=  48.54  Objective 2= -39.19
     Mean:     Objective 1= -19.75  Objective 2=-318.34

Generation 370:	[ 52.05150119 -42.6759377 ]
Mean fitness:	-186.40 +- 360.04
Mean fitness per obj: ['-20.71 +-29.67', '-352.09 +-451.07']
Gen  371/500 [█████████████████████████████████████░░░░░░░░░░░░░]  74.2%
     Best:     Objective 1=  41.71  Objective 2= -42.62
     Mean:     Objective 1= -20.71  Objective 2=-352.09

Gen  372/500 [█████████████████████████████████████░░░░░░░░░░░░░]  74.4%
     Best:     Objective 1=  35.88  Objective 2= -39.92
     Mean:     Objective 1= -19.15  Objective 2=-336.64

Gen  373/500 [█████████████████████████████████████░░░░░░░░░░░░░]  74.6%
     Best:     Objective 1=  43.44  Objective 2= -36.43
     Mean:     Objective 1= -22.47  Objective 2=-332.96

Gen  374/500 [█████████████████████████████████████░░░░░░░░░░░░░]  74.8%
     Best:     Objective 1=  28.93  Objective 2= -42.08
     Mean:     Objective 1= -19.82  Objective 2=-327.31

Gen  375/500 [█████████████████████████████████████░░░░░░░░░░░░░]  75.0%
     Best:     Objective 1=  72.82  Objective 2= -34.65
     Mean:     Objective 1= -18.80  Objective 2=-326.70

Generation 375:	[ 52.05150119 -42.6759377 ]
Mean fitness:	-182.45 +- 344.73
Mean fitness per obj: ['-21.76 +-37.28', '-343.13 +-429.70']
Gen  376/500 [█████████████████████████████████████░░░░░░░░░░░░░]  75.2%
     Best:     Objective 1=  41.17  Objective 2= -42.71
     Mean:     Objective 1= -21.76  Objective 2=-343.13

Gen  377/500 [█████████████████████████████████████░░░░░░░░░░░░░]  75.4%
     Best:     Objective 1=  43.69  Objective 2= -40.62
     Mean:     Objective 1= -21.17  Objective 2=-314.59

Gen  378/500 [█████████████████████████████████████░░░░░░░░░░░░░]  75.6%
     Best:     Objective 1=  28.31  Objective 2= -42.53
     Mean:     Objective 1= -19.62  Objective 2=-274.28

Gen  379/500 [█████████████████████████████████████░░░░░░░░░░░░░]  75.8%
     Best:     Objective 1=  39.88  Objective 2= -40.68
     Mean:     Objective 1= -19.97  Objective 2=-334.76

Gen  380/500 [██████████████████████████████████████░░░░░░░░░░░░]  76.0%
     Best:     Objective 1=  30.00  Objective 2= -46.50
     Mean:     Objective 1= -24.27  Objective 2=-330.48

Generation 380:	[ 52.05150119 -42.6759377 ]
Mean fitness:	-162.16 +- 318.02
Mean fitness per obj: ['-18.42 +-19.85', '-305.90 +-400.70']
Gen  381/500 [██████████████████████████████████████░░░░░░░░░░░░]  76.2%
     Best:     Objective 1=  33.71  Objective 2= -41.12
     Mean:     Objective 1= -18.42  Objective 2=-305.90

Gen  382/500 [██████████████████████████████████████░░░░░░░░░░░░]  76.4%
     Best:     Objective 1=  31.60  Objective 2= -44.38
     Mean:     Objective 1= -22.03  Objective 2=-310.61

Gen  383/500 [██████████████████████████████████████░░░░░░░░░░░░]  76.6%
     Best:     Objective 1=  28.96  Objective 2= -42.78
     Mean:     Objective 1= -22.20  Objective 2=-297.61

Gen  384/500 [██████████████████████████████████████░░░░░░░░░░░░]  76.8%
     Best:     Objective 1=  17.81  Objective 2= -42.08
     Mean:     Objective 1= -21.81  Objective 2=-295.07

Gen  385/500 [██████████████████████████████████████░░░░░░░░░░░░]  77.0%
     Best:     Objective 1=  25.27  Objective 2= -41.87
     Mean:     Objective 1= -20.15  Objective 2=-348.93

Generation 385:	[ 52.05150119 -42.6759377 ]
Mean fitness:	-174.37 +- 342.17
Mean fitness per obj: ['-21.56 +-33.77', '-327.17 +-431.65']
Gen  386/500 [██████████████████████████████████████░░░░░░░░░░░░]  77.2%
     Best:     Objective 1=  28.98  Objective 2= -41.92
     Mean:     Objective 1= -21.56  Objective 2=-327.17

Gen  387/500 [██████████████████████████████████████░░░░░░░░░░░░]  77.4%
     Best:     Objective 1=  29.40  Objective 2= -40.44
     Mean:     Objective 1= -17.90  Objective 2=-377.00

Gen  388/500 [██████████████████████████████████████░░░░░░░░░░░░]  77.6%
     Best:     Objective 1=  45.68  Objective 2= -40.71
     Mean:     Objective 1= -19.14  Objective 2=-329.84

Gen  389/500 [██████████████████████████████████████░░░░░░░░░░░░]  77.8%
     Best:     Objective 1=  33.89  Objective 2= -39.37
     Mean:     Objective 1= -21.94  Objective 2=-325.46

Gen  390/500 [███████████████████████████████████████░░░░░░░░░░░]  78.0%
     Best:     Objective 1=  32.77  Objective 2= -41.62
     Mean:     Objective 1= -19.40  Objective 2=-316.53

Generation 390:	[ 52.05150119 -42.6759377 ]
Mean fitness:	-183.25 +- 354.03
Mean fitness per obj: ['-24.26 +-42.97', '-342.24 +-445.28']
Gen  391/500 [███████████████████████████████████████░░░░░░░░░░░]  78.2%
     Best:     Objective 1=  30.47  Objective 2= -36.70
     Mean:     Objective 1= -24.26  Objective 2=-342.24

Gen  392/500 [███████████████████████████████████████░░░░░░░░░░░]  78.4%
     Best:     Objective 1=  33.13  Objective 2= -38.92
     Mean:     Objective 1= -20.87  Objective 2=-300.40

Gen  393/500 [███████████████████████████████████████░░░░░░░░░░░]  78.6%
     Best:     Objective 1=  24.23  Objective 2= -40.69
     Mean:     Objective 1= -25.85  Objective 2=-316.19

Gen  394/500 [███████████████████████████████████████░░░░░░░░░░░]  78.8%
     Best:     Objective 1=  25.59  Objective 2= -27.20
     Mean:     Objective 1= -19.92  Objective 2=-332.86

Gen  395/500 [███████████████████████████████████████░░░░░░░░░░░]  79.0%
     Best:     Objective 1=  23.05  Objective 2= -38.39
     Mean:     Objective 1= -22.65  Objective 2=-323.78

Generation 395:	[ 52.05150119 -42.6759377 ]
Mean fitness:	-156.91 +- 310.32
Mean fitness per obj: ['-21.74 +-27.28', '-292.08 +-394.09']
Gen  396/500 [███████████████████████████████████████░░░░░░░░░░░]  79.2%
     Best:     Objective 1=  73.79  Objective 2= -39.66
     Mean:     Objective 1= -21.74  Objective 2=-292.08

Gen  397/500 [███████████████████████████████████████░░░░░░░░░░░]  79.4%
     Best:     Objective 1=  39.28  Objective 2= -36.04
     Mean:     Objective 1= -25.58  Objective 2=-329.97

Gen  398/500 [███████████████████████████████████████░░░░░░░░░░░]  79.6%
     Best:     Objective 1=  20.67  Objective 2= -35.24
     Mean:     Objective 1= -18.80  Objective 2=-352.33

Gen  399/500 [███████████████████████████████████████░░░░░░░░░░░]  79.8%
     Best:     Objective 1=  21.90  Objective 2= -40.10
     Mean:     Objective 1= -23.67  Objective 2=-306.94

Gen  400/500 [████████████████████████████████████████░░░░░░░░░░]  80.0%
     Best:     Objective 1=  18.25  Objective 2= -41.68
     Mean:     Objective 1= -21.46  Objective 2=-279.61

Generation 400:	[ 52.05150119 -42.6759377 ]
Mean fitness:	-177.15 +- 346.89
Mean fitness per obj: ['-22.53 +-40.48', '-331.76 +-437.28']
Gen  401/500 [████████████████████████████████████████░░░░░░░░░░]  80.2%
     Best:     Objective 1=  56.37  Objective 2= -41.83
     Mean:     Objective 1= -22.53  Objective 2=-331.76

Gen  402/500 [████████████████████████████████████████░░░░░░░░░░]  80.4%
     Best:     Objective 1=  37.63  Objective 2= -41.85
     Mean:     Objective 1= -21.47  Objective 2=-304.72

Gen  403/500 [████████████████████████████████████████░░░░░░░░░░]  80.6%
     Best:     Objective 1=  23.49  Objective 2= -42.81
     Mean:     Objective 1= -20.73  Objective 2=-335.48

Gen  404/500 [████████████████████████████████████████░░░░░░░░░░]  80.8%
     Best:     Objective 1=  16.98  Objective 2= -39.64
     Mean:     Objective 1= -22.71  Objective 2=-337.50

Gen  405/500 [████████████████████████████████████████░░░░░░░░░░]  81.0%
     Best:     Objective 1=  22.07  Objective 2= -43.73
     Mean:     Objective 1= -20.51  Objective 2=-311.48

Generation 405:	[ 52.05150119 -42.6759377 ]
Mean fitness:	-170.73 +- 319.32
Mean fitness per obj: ['-25.35 +-41.42', '-316.12 +-399.93']
Gen  406/500 [████████████████████████████████████████░░░░░░░░░░]  81.2%
     Best:     Objective 1=  28.11  Objective 2= -40.04
     Mean:     Objective 1= -25.35  Objective 2=-316.12

Gen  407/500 [████████████████████████████████████████░░░░░░░░░░]  81.4%
     Best:     Objective 1=  17.21  Objective 2= -42.90
     Mean:     Objective 1= -20.37  Objective 2=-332.99

Gen  408/500 [████████████████████████████████████████░░░░░░░░░░]  81.6%
     Best:     Objective 1=  34.69  Objective 2= -43.61
     Mean:     Objective 1= -21.81  Objective 2=-308.42

Gen  409/500 [████████████████████████████████████████░░░░░░░░░░]  81.8%
     Best:     Objective 1=  33.63  Objective 2= -42.84
     Mean:     Objective 1= -21.66  Objective 2=-307.72

Gen  410/500 [█████████████████████████████████████████░░░░░░░░░]  82.0%
     Best:     Objective 1=  19.64  Objective 2= -43.50
     Mean:     Objective 1= -23.23  Objective 2=-301.46

Generation 410:	[ 52.05150119 -42.6759377 ]
Mean fitness:	-178.76 +- 349.23
Mean fitness per obj: ['-21.42 +-29.50', '-336.11 +-439.93']
Gen  411/500 [█████████████████████████████████████████░░░░░░░░░]  82.2%
     Best:     Objective 1=  46.89  Objective 2= -39.00
     Mean:     Objective 1= -21.42  Objective 2=-336.11

Gen  412/500 [█████████████████████████████████████████░░░░░░░░░]  82.4%
     Best:     Objective 1=  19.56  Objective 2= -37.80
     Mean:     Objective 1= -22.63  Objective 2=-300.18

Gen  413/500 [█████████████████████████████████████████░░░░░░░░░]  82.6%
     Best:     Objective 1=  26.49  Objective 2= -41.73
     Mean:     Objective 1= -21.22  Objective 2=-304.57

Gen  414/500 [█████████████████████████████████████████░░░░░░░░░]  82.8%
     Best:     Objective 1=  39.51  Objective 2= -40.73
     Mean:     Objective 1= -21.46  Objective 2=-356.49

Gen  415/500 [█████████████████████████████████████████░░░░░░░░░]  83.0%
     Best:     Objective 1=  22.77  Objective 2= -43.01
     Mean:     Objective 1= -23.91  Objective 2=-390.18

Generation 415:	[ 52.05150119 -42.6759377 ]
Mean fitness:	-164.49 +- 291.87
Mean fitness per obj: ['-25.62 +-42.84', '-303.37 +-360.51']
Gen  416/500 [█████████████████████████████████████████░░░░░░░░░]  83.2%
     Best:     Objective 1=  36.19  Objective 2= -42.83
     Mean:     Objective 1= -25.62  Objective 2=-303.37

Gen  417/500 [█████████████████████████████████████████░░░░░░░░░]  83.4%
     Best:     Objective 1=  31.63  Objective 2= -39.23
     Mean:     Objective 1= -22.84  Objective 2=-324.72

Gen  418/500 [█████████████████████████████████████████░░░░░░░░░]  83.6%
     Best:     Objective 1=  27.40  Objective 2= -44.27
     Mean:     Objective 1= -22.09  Objective 2=-369.55

Gen  419/500 [█████████████████████████████████████████░░░░░░░░░]  83.8%
     Best:     Objective 1=  35.19  Objective 2= -41.74
     Mean:     Objective 1= -19.96  Objective 2=-352.59

Gen  420/500 [██████████████████████████████████████████░░░░░░░░]  84.0%
     Best:     Objective 1=  25.12  Objective 2= -33.17
     Mean:     Objective 1= -23.49  Objective 2=-315.95

Generation 420:	[ 52.05150119 -42.6759377 ]
Mean fitness:	-178.55 +- 347.46
Mean fitness per obj: ['-21.04 +-22.87', '-336.05 +-437.40']
Gen  421/500 [██████████████████████████████████████████░░░░░░░░]  84.2%
     Best:     Objective 1=  27.93  Objective 2= -45.10
     Mean:     Objective 1= -21.04  Objective 2=-336.05

Gen  422/500 [██████████████████████████████████████████░░░░░░░░]  84.4%
     Best:     Objective 1=  18.50  Objective 2= -42.77
     Mean:     Objective 1= -19.06  Objective 2=-317.07

Gen  423/500 [██████████████████████████████████████████░░░░░░░░]  84.6%
     Best:     Objective 1=  23.00  Objective 2= -41.21
     Mean:     Objective 1= -22.03  Objective 2=-285.35

Gen  424/500 [██████████████████████████████████████████░░░░░░░░]  84.8%
     Best:     Objective 1=  38.15  Objective 2= -41.38
     Mean:     Objective 1= -20.43  Objective 2=-305.56

Gen  425/500 [██████████████████████████████████████████░░░░░░░░]  85.0%
     Best:     Objective 1=  24.93  Objective 2= -41.93
     Mean:     Objective 1= -22.67  Objective 2=-288.70

Generation 425:	[ 52.05150119 -42.6759377 ]
Mean fitness:	-177.91 +- 331.75
Mean fitness per obj: ['-22.86 +-35.49', '-332.96 +-413.25']
Gen  426/500 [██████████████████████████████████████████░░░░░░░░]  85.2%
     Best:     Objective 1=  20.45  Objective 2= -44.05
     Mean:     Objective 1= -22.86  Objective 2=-332.96

Gen  427/500 [██████████████████████████████████████████░░░░░░░░]  85.4%
     Best:     Objective 1=  18.84  Objective 2= -43.19
     Mean:     Objective 1= -18.93  Objective 2=-304.87

Gen  428/500 [██████████████████████████████████████████░░░░░░░░]  85.6%
     Best:     Objective 1=  47.65  Objective 2= -40.31
     Mean:     Objective 1= -21.40  Objective 2=-309.07

Gen  429/500 [██████████████████████████████████████████░░░░░░░░]  85.8%
     Best:     Objective 1=  30.31  Objective 2= -41.95
     Mean:     Objective 1= -22.03  Objective 2=-275.81

Gen  430/500 [███████████████████████████████████████████░░░░░░░]  86.0%
     Best:     Objective 1=  20.19  Objective 2= -41.07
     Mean:     Objective 1= -19.84  Objective 2=-322.04

Generation 430:	[ 52.05150119 -42.6759377 ]
Mean fitness:	-170.41 +- 331.38
Mean fitness per obj: ['-19.75 +-24.01', '-321.08 +-416.71']
Gen  431/500 [███████████████████████████████████████████░░░░░░░]  86.2%
     Best:     Objective 1=  34.02  Objective 2= -39.96
     Mean:     Objective 1= -19.75  Objective 2=-321.08

Gen  432/500 [███████████████████████████████████████████░░░░░░░]  86.4%
     Best:     Objective 1=  19.78  Objective 2= -42.24
     Mean:     Objective 1= -21.40  Objective 2=-307.48

Gen  433/500 [███████████████████████████████████████████░░░░░░░]  86.6%
     Best:     Objective 1=  24.88  Objective 2= -41.92
     Mean:     Objective 1= -19.34  Objective 2=-335.65

Gen  434/500 [███████████████████████████████████████████░░░░░░░]  86.8%
     Best:     Objective 1=  51.31  Objective 2= -41.09
     Mean:     Objective 1= -21.70  Objective 2=-318.85

Gen  435/500 [███████████████████████████████████████████░░░░░░░]  87.0%
     Best:     Objective 1=  23.97  Objective 2= -39.86
     Mean:     Objective 1= -19.38  Objective 2=-320.65

Generation 435:	[ 52.05150119 -42.6759377 ]
Mean fitness:	-183.15 +- 354.55
Mean fitness per obj: ['-20.02 +-20.73', '-346.28 +-444.70']
Gen  436/500 [███████████████████████████████████████████░░░░░░░]  87.2%
     Best:     Objective 1=  28.04  Objective 2= -39.32
     Mean:     Objective 1= -20.02  Objective 2=-346.28

Gen  437/500 [███████████████████████████████████████████░░░░░░░]  87.4%
     Best:     Objective 1=  31.27  Objective 2= -45.92
     Mean:     Objective 1= -24.00  Objective 2=-301.37

Gen  438/500 [███████████████████████████████████████████░░░░░░░]  87.6%
     Best:     Objective 1=  27.86  Objective 2= -39.60
     Mean:     Objective 1= -22.36  Objective 2=-335.12

Gen  439/500 [███████████████████████████████████████████░░░░░░░]  87.8%
     Best:     Objective 1=  24.52  Objective 2= -43.87
     Mean:     Objective 1= -23.08  Objective 2=-360.82

Gen  440/500 [████████████████████████████████████████████░░░░░░]  88.0%
     Best:     Objective 1=  26.80  Objective 2= -41.08
     Mean:     Objective 1= -20.86  Objective 2=-288.97

Generation 440:	[ 52.05150119 -42.6759377 ]
Mean fitness:	-172.12 +- 344.16
Mean fitness per obj: ['-19.73 +-26.21', '-324.51 +-435.62']
Gen  441/500 [████████████████████████████████████████████░░░░░░]  88.2%
     Best:     Objective 1=  32.88  Objective 2= -34.78
     Mean:     Objective 1= -19.73  Objective 2=-324.51

Gen  442/500 [████████████████████████████████████████████░░░░░░]  88.4%
     Best:     Objective 1=  27.46  Objective 2= -42.38
     Mean:     Objective 1= -17.71  Objective 2=-308.65

Gen  443/500 [████████████████████████████████████████████░░░░░░]  88.6%
     Best:     Objective 1=  33.98  Objective 2= -40.33
     Mean:     Objective 1= -21.69  Objective 2=-363.26

Gen  444/500 [████████████████████████████████████████████░░░░░░]  88.8%
     Best:     Objective 1=  29.33  Objective 2= -47.43
     Mean:     Objective 1= -23.77  Objective 2=-317.79

Gen  445/500 [████████████████████████████████████████████░░░░░░]  89.0%
     Best:     Objective 1=  24.87  Objective 2= -38.07
     Mean:     Objective 1= -21.38  Objective 2=-328.59

Generation 445:	[ 52.05150119 -42.6759377 ]
Mean fitness:	-165.54 +- 328.63
Mean fitness per obj: ['-19.26 +-23.20', '-311.81 +-415.52']
Gen  446/500 [████████████████████████████████████████████░░░░░░]  89.2%
     Best:     Objective 1=  34.65  Objective 2= -41.58
     Mean:     Objective 1= -19.26  Objective 2=-311.81

Gen  447/500 [████████████████████████████████████████████░░░░░░]  89.4%
     Best:     Objective 1=  55.85  Objective 2= -38.94
     Mean:     Objective 1= -20.59  Objective 2=-300.39

Gen  448/500 [████████████████████████████████████████████░░░░░░]  89.6%
     Best:     Objective 1=  29.46  Objective 2= -46.73
     Mean:     Objective 1= -18.64  Objective 2=-322.00

Gen  449/500 [████████████████████████████████████████████░░░░░░]  89.8%
     Best:     Objective 1=  19.36  Objective 2= -43.59
     Mean:     Objective 1= -20.63  Objective 2=-314.08

Gen  450/500 [█████████████████████████████████████████████░░░░░]  90.0%
     Best:     Objective 1=  24.90  Objective 2= -41.25
     Mean:     Objective 1= -21.36  Objective 2=-310.56

Generation 450:	[ 52.05150119 -42.6759377 ]
Mean fitness:	-178.68 +- 345.78
Mean fitness per obj: ['-19.17 +-25.87', '-338.18 +-433.09']
Gen  451/500 [█████████████████████████████████████████████░░░░░]  90.2%
     Best:     Objective 1=  32.38  Objective 2= -45.42
     Mean:     Objective 1= -19.17  Objective 2=-338.18

Gen  452/500 [█████████████████████████████████████████████░░░░░]  90.4%
     Best:     Objective 1=  18.17  Objective 2= -45.30
     Mean:     Objective 1= -24.74  Objective 2=-370.96

Gen  453/500 [█████████████████████████████████████████████░░░░░]  90.6%
     Best:     Objective 1=  44.06  Objective 2= -39.69
     Mean:     Objective 1= -21.97  Objective 2=-323.03

Gen  454/500 [█████████████████████████████████████████████░░░░░]  90.8%
     Best:     Objective 1=  57.66  Objective 2= -46.31
     Mean:     Objective 1= -20.18  Objective 2=-339.51

Gen  455/500 [█████████████████████████████████████████████░░░░░]  91.0%
     Best:     Objective 1=  57.50  Objective 2= -39.18
     Mean:     Objective 1= -20.35  Objective 2=-331.68

Generation 455:	[ 52.05150119 -42.6759377 ]
Mean fitness:	-181.92 +- 358.59
Mean fitness per obj: ['-25.23 +-39.48', '-338.62 +-454.44']
Gen  456/500 [█████████████████████████████████████████████░░░░░]  91.2%
     Best:     Objective 1=  38.81  Objective 2= -42.76
     Mean:     Objective 1= -25.23  Objective 2=-338.62

Gen  457/500 [█████████████████████████████████████████████░░░░░]  91.4%
     Best:     Objective 1=  39.21  Objective 2= -39.87
     Mean:     Objective 1= -21.63  Objective 2=-336.44

Gen  458/500 [█████████████████████████████████████████████░░░░░]  91.6%
     Best:     Objective 1=  25.85  Objective 2= -44.74
     Mean:     Objective 1= -22.12  Objective 2=-301.85

Gen  459/500 [█████████████████████████████████████████████░░░░░]  91.8%
     Best:     Objective 1=  29.22  Objective 2= -43.34
     Mean:     Objective 1= -19.69  Objective 2=-303.35

Gen  460/500 [██████████████████████████████████████████████░░░░]  92.0%
     Best:     Objective 1=  35.79  Objective 2= -30.67
     Mean:     Objective 1= -19.79  Objective 2=-335.71

Generation 460:	[ 52.05150119 -42.6759377 ]
Mean fitness:	-181.76 +- 347.01
Mean fitness per obj: ['-21.43 +-30.81', '-342.09 +-434.14']
Gen  461/500 [██████████████████████████████████████████████░░░░]  92.2%
     Best:     Objective 1=  54.58  Objective 2= -40.84
     Mean:     Objective 1= -21.43  Objective 2=-342.09

Gen  462/500 [██████████████████████████████████████████████░░░░]  92.4%
     Best:     Objective 1=  20.75  Objective 2= -42.41
     Mean:     Objective 1= -20.01  Objective 2=-379.63

Gen  463/500 [██████████████████████████████████████████████░░░░]  92.6%
     Best:     Objective 1=  17.03  Objective 2= -42.23
     Mean:     Objective 1= -20.53  Objective 2=-369.19

Gen  464/500 [██████████████████████████████████████████████░░░░]  92.8%
     Best:     Objective 1=  76.97  Objective 2= -43.57
     Mean:     Objective 1= -21.44  Objective 2=-305.60

Gen  465/500 [██████████████████████████████████████████████░░░░]  93.0%
     Best:     Objective 1=  37.23  Objective 2= -33.77
     Mean:     Objective 1= -20.85  Objective 2=-296.79

Generation 465:	[ 52.05150119 -42.6759377 ]
Mean fitness:	-166.35 +- 295.28
Mean fitness per obj: ['-24.15 +-41.96', '-308.54 +-363.57']
Gen  466/500 [██████████████████████████████████████████████░░░░]  93.2%
     Best:     Objective 1=  22.71  Objective 2= -38.07
     Mean:     Objective 1= -24.15  Objective 2=-308.54

Gen  467/500 [██████████████████████████████████████████████░░░░]  93.4%
     Best:     Objective 1=  35.40  Objective 2= -30.54
     Mean:     Objective 1= -21.64  Objective 2=-332.01

Gen  468/500 [██████████████████████████████████████████████░░░░]  93.6%
     Best:     Objective 1=  30.67  Objective 2= -39.49
     Mean:     Objective 1= -22.19  Objective 2=-328.44

Gen  469/500 [██████████████████████████████████████████████░░░░]  93.8%
     Best:     Objective 1=  44.47  Objective 2= -42.34
     Mean:     Objective 1= -26.44  Objective 2=-339.85

Gen  470/500 [███████████████████████████████████████████████░░░]  94.0%
     Best:     Objective 1=  31.52  Objective 2= -40.57
     Mean:     Objective 1= -22.48  Objective 2=-327.67

Generation 470:	[ 52.05150119 -42.6759377 ]
Mean fitness:	-147.39 +- 247.89
Mean fitness per obj: ['-18.11 +-21.00', '-276.66 +-298.39']
Gen  471/500 [███████████████████████████████████████████████░░░]  94.2%
     Best:     Objective 1=  40.95  Objective 2= -41.45
     Mean:     Objective 1= -18.11  Objective 2=-276.66

Gen  472/500 [███████████████████████████████████████████████░░░]  94.4%
     Best:     Objective 1=  19.40  Objective 2= -34.43
     Mean:     Objective 1= -19.20  Objective 2=-324.69

Gen  473/500 [███████████████████████████████████████████████░░░]  94.6%
     Best:     Objective 1=  35.94  Objective 2= -32.85
     Mean:     Objective 1= -22.64  Objective 2=-288.15

Gen  474/500 [███████████████████████████████████████████████░░░]  94.8%
     Best:     Objective 1=  36.92  Objective 2= -44.12
     Mean:     Objective 1= -19.36  Objective 2=-331.09

Gen  475/500 [███████████████████████████████████████████████░░░]  95.0%
     Best:     Objective 1=  36.81  Objective 2= -40.87
     Mean:     Objective 1= -20.41  Objective 2=-284.96

Generation 475:	[ 52.05150119 -42.6759377 ]
Mean fitness:	-161.67 +- 299.43
Mean fitness per obj: ['-18.36 +-22.40', '-304.97 +-371.14']
Gen  476/500 [███████████████████████████████████████████████░░░]  95.2%
     Best:     Objective 1=  20.00  Objective 2= -38.93
     Mean:     Objective 1= -18.36  Objective 2=-304.97

Gen  477/500 [███████████████████████████████████████████████░░░]  95.4%
     Best:     Objective 1=  42.85  Objective 2= -41.08
     Mean:     Objective 1= -20.13  Objective 2=-381.05

Gen  478/500 [███████████████████████████████████████████████░░░]  95.6%
     Best:     Objective 1=  16.40  Objective 2= -43.99
     Mean:     Objective 1= -21.55  Objective 2=-326.34

Gen  479/500 [███████████████████████████████████████████████░░░]  95.8%
     Best:     Objective 1=  15.79  Objective 2= -40.27
     Mean:     Objective 1= -26.27  Objective 2=-327.97

Gen  480/500 [████████████████████████████████████████████████░░]  96.0%
     Best:     Objective 1=  26.97  Objective 2= -43.92
     Mean:     Objective 1= -21.84  Objective 2=-329.66

Generation 480:	[ 52.05150119 -42.6759377 ]
Mean fitness:	-178.10 +- 343.06
Mean fitness per obj: ['-25.77 +-41.40', '-330.44 +-432.73']
Gen  481/500 [████████████████████████████████████████████████░░]  96.2%
     Best:     Objective 1=  25.89  Objective 2= -35.39
     Mean:     Objective 1= -25.77  Objective 2=-330.44

Gen  482/500 [████████████████████████████████████████████████░░]  96.4%
     Best:     Objective 1=  40.09  Objective 2= -45.50
     Mean:     Objective 1= -22.46  Objective 2=-361.16

Gen  483/500 [████████████████████████████████████████████████░░]  96.6%
     Best:     Objective 1=  33.19  Objective 2= -40.90
     Mean:     Objective 1= -18.48  Objective 2=-338.57

Gen  484/500 [████████████████████████████████████████████████░░]  96.8%
     Best:     Objective 1=  29.15  Objective 2= -45.37
     Mean:     Objective 1= -24.69  Objective 2=-331.48

Gen  485/500 [████████████████████████████████████████████████░░]  97.0%
     Best:     Objective 1=  38.03  Objective 2= -41.60
     Mean:     Objective 1= -19.50  Objective 2=-327.16

Generation 485:	[ 52.05150119 -42.6759377 ]
Mean fitness:	-163.01 +- 274.03
Mean fitness per obj: ['-21.20 +-34.74', '-304.81 +-329.79']
Gen  486/500 [████████████████████████████████████████████████░░]  97.2%
     Best:     Objective 1=  47.40  Objective 2= -41.00
     Mean:     Objective 1= -21.20  Objective 2=-304.81

Gen  487/500 [████████████████████████████████████████████████░░]  97.4%
     Best:     Objective 1=  47.11  Objective 2= -42.11
     Mean:     Objective 1= -20.87  Objective 2=-322.50

Gen  488/500 [████████████████████████████████████████████████░░]  97.6%
     Best:     Objective 1=  18.05  Objective 2= -38.83
     Mean:     Objective 1= -24.26  Objective 2=-293.99

Gen  489/500 [████████████████████████████████████████████████░░]  97.8%
     Best:     Objective 1=  20.32  Objective 2= -36.97
     Mean:     Objective 1= -20.09  Objective 2=-343.97

Gen  490/500 [█████████████████████████████████████████████████░]  98.0%
     Best:     Objective 1=  26.20  Objective 2= -42.29
     Mean:     Objective 1= -22.74  Objective 2=-315.23

Generation 490:	[ 52.05150119 -42.6759377 ]
Mean fitness:	-184.56 +- 326.63
Mean fitness per obj: ['-22.28 +-39.33', '-346.84 +-398.94']
Gen  491/500 [█████████████████████████████████████████████████░]  98.2%
     Best:     Objective 1=  21.72  Objective 2= -40.42
     Mean:     Objective 1= -22.28  Objective 2=-346.84

Gen  492/500 [█████████████████████████████████████████████████░]  98.4%
     Best:     Objective 1=  39.21  Objective 2= -43.45
     Mean:     Objective 1= -23.89  Objective 2=-379.16

Gen  493/500 [█████████████████████████████████████████████████░]  98.6%
     Best:     Objective 1=  40.82  Objective 2= -38.65
     Mean:     Objective 1= -20.34  Objective 2=-320.76

Gen  494/500 [█████████████████████████████████████████████████░]  98.8%
     Best:     Objective 1=  81.33  Objective 2= -44.39
     Mean:     Objective 1= -20.81  Objective 2=-327.12

Gen  495/500 [█████████████████████████████████████████████████░]  99.0%
     Best:     Objective 1=  32.70  Objective 2= -44.30
     Mean:     Objective 1= -19.90  Objective 2=-348.52

Generation 495:	[ 52.05150119 -42.6759377 ]
Mean fitness:	-189.68 +- 355.86
Mean fitness per obj: ['-24.23 +-50.76', '-355.13 +-442.66']
Gen  496/500 [█████████████████████████████████████████████████░]  99.2%
     Best:     Objective 1=  41.22  Objective 2= -41.44
     Mean:     Objective 1= -24.23  Objective 2=-355.13

Gen  497/500 [█████████████████████████████████████████████████░]  99.4%
     Best:     Objective 1=  43.13  Objective 2= -41.00
     Mean:     Objective 1= -24.35  Objective 2=-317.64

Gen  498/500 [█████████████████████████████████████████████████░]  99.6%
     Best:     Objective 1=  26.90  Objective 2= -42.39
     Mean:     Objective 1= -24.77  Objective 2=-332.66

Gen  499/500 [█████████████████████████████████████████████████░]  99.8%
     Best:     Objective 1=  29.84  Objective 2= -35.85
     Mean:     Objective 1= -19.93  Objective 2=-296.66

Gen  500/500 [██████████████████████████████████████████████████] 100.0%
     Best:     Objective 1=  22.43  Objective 2= -41.97
     Mean:     Objective 1= -18.52  Objective 2=-310.02

Fitness plot saved to: results/20260331_124503_nsga_ckpts/fitness_plot.pdf
Pareto front plot saved to: results/20260331_124503_nsga_ckpts/pareto_fronts.pdf
Loaded genotype from: results/20260331_124503_nsga_ckpts/499/x_best.npy  (shape: (560,))
Controller: NeuralNetworkController  |  Parameters: 560

Evaluating on flat terrain (256 episodes)...
  Flat : mean=-24.83 +/- 51.52  best=17.99  worst=-763.08
Evaluating on ice terrain (256 episodes)...
  Ice  : mean=-332.64 +/- 636.69  best=-41.59  worst=-5935.26
  Video saved to: results/20260331_124503_nsga_ckpts/evaluation_flat.mp4
  Video saved to: results/20260331_124503_nsga_ckpts/evaluation_ice.mp4

Score saved to: results/20260331_124503_nsga_ckpts/evaluation_score.txt

==================================================
  FLAT : -24.83 +/- 51.52  (best: 17.99)
  ICE  : -332.64 +/- 636.69  (best: -41.59)
==================================================
