
######################################################################

Num Generations: 1000 | Population Size: 400 | Parents: 150 | Mutation Prob: 0.5 | Crossover Prob: 0.5

######################################################################
Metadata saved to: results/20260401_113146_nsga_ckpts/metadata.txt

======================================================================
                 MULTI-OBJECTIVE EVOLUTION - NSGA-II                  
======================================================================
Population: 400 | Generations: 1000 | Parents: 150
Objective 1: Flat Terrain Speed | Objective 2: Ice Terrain Speed
======================================================================

Generation 0:	[-38.25916707 -94.84853683]
Mean fitness:	-489.16 +- 774.72
Mean fitness per obj: ['-143.50 +-155.36', '-834.82 +-968.13']
Gen    1/1000 [░░░░░░░░░░░░░░░░░░░░░░░░░░░░░░░░░░░░░░░░░░░░░░░░░░]   0.1%
     Best:     Objective 1= -32.69  Objective 2= -82.48
     Mean:     Objective 1=-143.50  Objective 2=-834.82

Gen    2/1000 [░░░░░░░░░░░░░░░░░░░░░░░░░░░░░░░░░░░░░░░░░░░░░░░░░░]   0.2%
     Best:     Objective 1= -29.96  Objective 2= -77.99
     Mean:     Objective 1=-131.02  Objective 2=-651.90

Gen    3/1000 [░░░░░░░░░░░░░░░░░░░░░░░░░░░░░░░░░░░░░░░░░░░░░░░░░░]   0.3%
     Best:     Objective 1= -36.89  Objective 2= -82.52
     Mean:     Objective 1=-126.83  Objective 2=-754.05

Gen    4/1000 [░░░░░░░░░░░░░░░░░░░░░░░░░░░░░░░░░░░░░░░░░░░░░░░░░░]   0.4%
     Best:     Objective 1= -27.24  Objective 2= -83.54
     Mean:     Objective 1=-130.12  Objective 2=-688.37

Gen    5/1000 [░░░░░░░░░░░░░░░░░░░░░░░░░░░░░░░░░░░░░░░░░░░░░░░░░░]   0.5%
     Best:     Objective 1= -26.63  Objective 2= -79.46
     Mean:     Objective 1=-126.56  Objective 2=-605.62

Generation 5:	[-26.6291024 -86.3030481]
Mean fitness:	-393.89 +- 624.17
Mean fitness per obj: ['-122.61 +-116.10', '-665.17 +-786.45']
Gen    6/1000 [░░░░░░░░░░░░░░░░░░░░░░░░░░░░░░░░░░░░░░░░░░░░░░░░░░]   0.6%
     Best:     Objective 1= -26.93  Objective 2= -74.95
     Mean:     Objective 1=-122.61  Objective 2=-665.17

Gen    7/1000 [░░░░░░░░░░░░░░░░░░░░░░░░░░░░░░░░░░░░░░░░░░░░░░░░░░]   0.7%
     Best:     Objective 1= -24.60  Objective 2= -81.16
     Mean:     Objective 1=-130.46  Objective 2=-708.94

Gen    8/1000 [░░░░░░░░░░░░░░░░░░░░░░░░░░░░░░░░░░░░░░░░░░░░░░░░░░]   0.8%
     Best:     Objective 1= -24.40  Objective 2= -79.26
     Mean:     Objective 1=-138.71  Objective 2=-681.20

Gen    9/1000 [░░░░░░░░░░░░░░░░░░░░░░░░░░░░░░░░░░░░░░░░░░░░░░░░░░]   0.9%
     Best:     Objective 1= -28.47  Objective 2= -85.54
     Mean:     Objective 1=-123.48  Objective 2=-672.16

Gen   10/1000 [░░░░░░░░░░░░░░░░░░░░░░░░░░░░░░░░░░░░░░░░░░░░░░░░░░]   1.0%
     Best:     Objective 1= -32.58  Objective 2= -73.26
     Mean:     Objective 1=-123.18  Objective 2=-749.91

Generation 10:	[-26.6291024 -86.3030481]
Mean fitness:	-373.21 +- 575.72
Mean fitness per obj: ['-123.48 +-109.50', '-622.94 +-725.39']
Gen   11/1000 [░░░░░░░░░░░░░░░░░░░░░░░░░░░░░░░░░░░░░░░░░░░░░░░░░░]   1.1%
     Best:     Objective 1= -23.45  Objective 2= -67.75
     Mean:     Objective 1=-123.48  Objective 2=-622.94

Gen   12/1000 [░░░░░░░░░░░░░░░░░░░░░░░░░░░░░░░░░░░░░░░░░░░░░░░░░░]   1.2%
     Best:     Objective 1= -26.64  Objective 2= -81.72
     Mean:     Objective 1=-128.10  Objective 2=-636.92

Gen   13/1000 [░░░░░░░░░░░░░░░░░░░░░░░░░░░░░░░░░░░░░░░░░░░░░░░░░░]   1.3%
     Best:     Objective 1= -29.28  Objective 2= -67.14
     Mean:     Objective 1=-134.00  Objective 2=-754.97

Gen   14/1000 [░░░░░░░░░░░░░░░░░░░░░░░░░░░░░░░░░░░░░░░░░░░░░░░░░░]   1.4%
     Best:     Objective 1= -29.16  Objective 2= -82.14
     Mean:     Objective 1=-119.52  Objective 2=-623.53

Gen   15/1000 [░░░░░░░░░░░░░░░░░░░░░░░░░░░░░░░░░░░░░░░░░░░░░░░░░░]   1.5%
     Best:     Objective 1= -28.95  Objective 2= -73.82
     Mean:     Objective 1=-118.82  Objective 2=-705.59

Generation 15:	[-26.6291024 -86.3030481]
Mean fitness:	-429.51 +- 706.44
Mean fitness per obj: ['-128.67 +-130.28', '-730.36 +-894.49']
Gen   16/1000 [░░░░░░░░░░░░░░░░░░░░░░░░░░░░░░░░░░░░░░░░░░░░░░░░░░]   1.6%
     Best:     Objective 1= -26.12  Objective 2= -70.78
     Mean:     Objective 1=-128.67  Objective 2=-730.36

Gen   17/1000 [░░░░░░░░░░░░░░░░░░░░░░░░░░░░░░░░░░░░░░░░░░░░░░░░░░]   1.7%
     Best:     Objective 1= -29.73  Objective 2= -90.83
     Mean:     Objective 1=-143.96  Objective 2=-646.47

Gen   18/1000 [░░░░░░░░░░░░░░░░░░░░░░░░░░░░░░░░░░░░░░░░░░░░░░░░░░]   1.8%
     Best:     Objective 1= -23.38  Objective 2= -77.12
     Mean:     Objective 1=-130.26  Objective 2=-724.71

Gen   19/1000 [░░░░░░░░░░░░░░░░░░░░░░░░░░░░░░░░░░░░░░░░░░░░░░░░░░]   1.9%
     Best:     Objective 1= -24.75  Objective 2= -76.35
     Mean:     Objective 1=-126.37  Objective 2=-743.21

Gen   20/1000 [█░░░░░░░░░░░░░░░░░░░░░░░░░░░░░░░░░░░░░░░░░░░░░░░░░]   2.0%
     Best:     Objective 1= -24.73  Objective 2= -79.21
     Mean:     Objective 1=-123.26  Objective 2=-743.01

Generation 20:	[-26.6291024 -86.3030481]
Mean fitness:	-408.88 +- 669.90
Mean fitness per obj: ['-124.91 +-110.59', '-692.85 +-850.89']
Gen   21/1000 [█░░░░░░░░░░░░░░░░░░░░░░░░░░░░░░░░░░░░░░░░░░░░░░░░░]   2.1%
     Best:     Objective 1= -23.75  Objective 2= -72.44
     Mean:     Objective 1=-124.91  Objective 2=-692.85

Gen   22/1000 [█░░░░░░░░░░░░░░░░░░░░░░░░░░░░░░░░░░░░░░░░░░░░░░░░░]   2.2%
     Best:     Objective 1= -25.39  Objective 2= -88.17
     Mean:     Objective 1=-117.29  Objective 2=-692.69

Gen   23/1000 [█░░░░░░░░░░░░░░░░░░░░░░░░░░░░░░░░░░░░░░░░░░░░░░░░░]   2.3%
     Best:     Objective 1= -28.00  Objective 2= -89.75
     Mean:     Objective 1=-114.99  Objective 2=-752.22

Gen   24/1000 [█░░░░░░░░░░░░░░░░░░░░░░░░░░░░░░░░░░░░░░░░░░░░░░░░░]   2.4%
     Best:     Objective 1= -24.58  Objective 2= -75.55
     Mean:     Objective 1=-124.56  Objective 2=-687.31

Gen   25/1000 [█░░░░░░░░░░░░░░░░░░░░░░░░░░░░░░░░░░░░░░░░░░░░░░░░░]   2.5%
     Best:     Objective 1= -23.28  Objective 2= -81.88
     Mean:     Objective 1=-127.05  Objective 2=-704.28

Generation 25:	[-26.6291024 -86.3030481]
Mean fitness:	-413.87 +- 695.07
Mean fitness per obj: ['-135.64 +-164.35', '-692.11 +-885.67']
Gen   26/1000 [█░░░░░░░░░░░░░░░░░░░░░░░░░░░░░░░░░░░░░░░░░░░░░░░░░]   2.6%
     Best:     Objective 1= -22.16  Objective 2= -76.05
     Mean:     Objective 1=-135.64  Objective 2=-692.11

Gen   27/1000 [█░░░░░░░░░░░░░░░░░░░░░░░░░░░░░░░░░░░░░░░░░░░░░░░░░]   2.7%
     Best:     Objective 1= -24.52  Objective 2= -86.76
     Mean:     Objective 1=-127.27  Objective 2=-647.12

Gen   28/1000 [█░░░░░░░░░░░░░░░░░░░░░░░░░░░░░░░░░░░░░░░░░░░░░░░░░]   2.8%
     Best:     Objective 1= -25.98  Objective 2= -73.99
     Mean:     Objective 1=-122.33  Objective 2=-695.27

Gen   29/1000 [█░░░░░░░░░░░░░░░░░░░░░░░░░░░░░░░░░░░░░░░░░░░░░░░░░]   2.9%
     Best:     Objective 1= -27.13  Objective 2= -78.05
     Mean:     Objective 1=-116.36  Objective 2=-634.97

Gen   30/1000 [█░░░░░░░░░░░░░░░░░░░░░░░░░░░░░░░░░░░░░░░░░░░░░░░░░]   3.0%
     Best:     Objective 1= -21.04  Objective 2= -75.43
     Mean:     Objective 1=-137.13  Objective 2=-667.38

Generation 30:	[-26.6291024 -86.3030481]
Mean fitness:	-435.18 +- 731.42
Mean fitness per obj: ['-127.74 +-134.35', '-742.62 +-928.90']
Gen   31/1000 [█░░░░░░░░░░░░░░░░░░░░░░░░░░░░░░░░░░░░░░░░░░░░░░░░░]   3.1%
     Best:     Objective 1= -24.89  Objective 2= -80.00
     Mean:     Objective 1=-127.74  Objective 2=-742.62

Gen   32/1000 [█░░░░░░░░░░░░░░░░░░░░░░░░░░░░░░░░░░░░░░░░░░░░░░░░░]   3.2%
     Best:     Objective 1= -30.74  Objective 2= -87.07
     Mean:     Objective 1=-127.78  Objective 2=-684.33

Gen   33/1000 [█░░░░░░░░░░░░░░░░░░░░░░░░░░░░░░░░░░░░░░░░░░░░░░░░░]   3.3%
     Best:     Objective 1= -23.81  Objective 2= -92.17
     Mean:     Objective 1=-133.42  Objective 2=-692.60

Gen   34/1000 [█░░░░░░░░░░░░░░░░░░░░░░░░░░░░░░░░░░░░░░░░░░░░░░░░░]   3.4%
     Best:     Objective 1= -31.20  Objective 2= -75.77
     Mean:     Objective 1=-130.78  Objective 2=-670.11

Gen   35/1000 [█░░░░░░░░░░░░░░░░░░░░░░░░░░░░░░░░░░░░░░░░░░░░░░░░░]   3.5%
     Best:     Objective 1= -26.54  Objective 2= -84.07
     Mean:     Objective 1=-136.39  Objective 2=-662.57

Generation 35:	[-26.6291024 -86.3030481]
Mean fitness:	-415.37 +- 663.10
Mean fitness per obj: ['-120.13 +-117.89', '-710.61 +-831.37']
Gen   36/1000 [█░░░░░░░░░░░░░░░░░░░░░░░░░░░░░░░░░░░░░░░░░░░░░░░░░]   3.6%
     Best:     Objective 1= -24.96  Objective 2= -82.47
     Mean:     Objective 1=-120.13  Objective 2=-710.61

Gen   37/1000 [█░░░░░░░░░░░░░░░░░░░░░░░░░░░░░░░░░░░░░░░░░░░░░░░░░]   3.7%
     Best:     Objective 1= -22.95  Objective 2= -87.31
     Mean:     Objective 1=-124.89  Objective 2=-669.64

Gen   38/1000 [█░░░░░░░░░░░░░░░░░░░░░░░░░░░░░░░░░░░░░░░░░░░░░░░░░]   3.8%
     Best:     Objective 1= -27.34  Objective 2= -76.71
     Mean:     Objective 1=-123.26  Objective 2=-666.66

Gen   39/1000 [█░░░░░░░░░░░░░░░░░░░░░░░░░░░░░░░░░░░░░░░░░░░░░░░░░]   3.9%
     Best:     Objective 1= -29.11  Objective 2= -76.73
     Mean:     Objective 1=-126.60  Objective 2=-674.46

Gen   40/1000 [██░░░░░░░░░░░░░░░░░░░░░░░░░░░░░░░░░░░░░░░░░░░░░░░░]   4.0%
     Best:     Objective 1= -29.43  Objective 2= -75.12
     Mean:     Objective 1=-122.12  Objective 2=-690.54

Generation 40:	[-26.6291024 -86.3030481]
Mean fitness:	-394.37 +- 621.08
Mean fitness per obj: ['-118.66 +-114.95', '-670.08 +-778.60']
Gen   41/1000 [██░░░░░░░░░░░░░░░░░░░░░░░░░░░░░░░░░░░░░░░░░░░░░░░░]   4.1%
     Best:     Objective 1= -25.79  Objective 2= -86.26
     Mean:     Objective 1=-118.66  Objective 2=-670.08

Gen   42/1000 [██░░░░░░░░░░░░░░░░░░░░░░░░░░░░░░░░░░░░░░░░░░░░░░░░]   4.2%
     Best:     Objective 1= -28.61  Objective 2= -82.46
     Mean:     Objective 1=-116.42  Objective 2=-702.85

Gen   43/1000 [██░░░░░░░░░░░░░░░░░░░░░░░░░░░░░░░░░░░░░░░░░░░░░░░░]   4.3%
     Best:     Objective 1= -24.83  Objective 2= -82.21
     Mean:     Objective 1=-120.07  Objective 2=-668.62

Gen   44/1000 [██░░░░░░░░░░░░░░░░░░░░░░░░░░░░░░░░░░░░░░░░░░░░░░░░]   4.4%
     Best:     Objective 1= -25.60  Objective 2= -84.57
     Mean:     Objective 1=-122.86  Objective 2=-724.35

Gen   45/1000 [██░░░░░░░░░░░░░░░░░░░░░░░░░░░░░░░░░░░░░░░░░░░░░░░░]   4.5%
     Best:     Objective 1= -29.54  Objective 2= -71.46
     Mean:     Objective 1=-119.98  Objective 2=-719.65

Generation 45:	[-26.6291024 -86.3030481]
Mean fitness:	-427.84 +- 678.18
Mean fitness per obj: ['-124.92 +-123.26', '-730.76 +-849.21']
Gen   46/1000 [██░░░░░░░░░░░░░░░░░░░░░░░░░░░░░░░░░░░░░░░░░░░░░░░░]   4.6%
     Best:     Objective 1= -31.34  Objective 2= -86.29
     Mean:     Objective 1=-124.92  Objective 2=-730.76

Gen   47/1000 [██░░░░░░░░░░░░░░░░░░░░░░░░░░░░░░░░░░░░░░░░░░░░░░░░]   4.7%
     Best:     Objective 1= -24.59  Objective 2= -78.90
     Mean:     Objective 1=-133.15  Objective 2=-697.72

Gen   48/1000 [██░░░░░░░░░░░░░░░░░░░░░░░░░░░░░░░░░░░░░░░░░░░░░░░░]   4.8%
     Best:     Objective 1= -29.04  Objective 2= -78.23
     Mean:     Objective 1=-124.08  Objective 2=-691.89

Gen   49/1000 [██░░░░░░░░░░░░░░░░░░░░░░░░░░░░░░░░░░░░░░░░░░░░░░░░]   4.9%
     Best:     Objective 1= -29.42  Objective 2= -83.89
     Mean:     Objective 1=-117.75  Objective 2=-721.07

Gen   50/1000 [██░░░░░░░░░░░░░░░░░░░░░░░░░░░░░░░░░░░░░░░░░░░░░░░░]   5.0%
     Best:     Objective 1= -31.03  Objective 2= -87.72
     Mean:     Objective 1=-126.98  Objective 2=-728.98

Generation 50:	[-26.6291024 -86.3030481]
Mean fitness:	-374.50 +- 598.97
Mean fitness per obj: ['-130.44 +-149.62', '-618.56 +-758.96']
Gen   51/1000 [██░░░░░░░░░░░░░░░░░░░░░░░░░░░░░░░░░░░░░░░░░░░░░░░░]   5.1%
     Best:     Objective 1= -30.76  Objective 2= -81.34
     Mean:     Objective 1=-130.44  Objective 2=-618.56

Gen   52/1000 [██░░░░░░░░░░░░░░░░░░░░░░░░░░░░░░░░░░░░░░░░░░░░░░░░]   5.2%
     Best:     Objective 1= -28.11  Objective 2= -77.92
     Mean:     Objective 1=-125.11  Objective 2=-672.79

Gen   53/1000 [██░░░░░░░░░░░░░░░░░░░░░░░░░░░░░░░░░░░░░░░░░░░░░░░░]   5.3%
     Best:     Objective 1= -26.35  Objective 2= -78.81
     Mean:     Objective 1=-129.46  Objective 2=-750.36

Gen   54/1000 [██░░░░░░░░░░░░░░░░░░░░░░░░░░░░░░░░░░░░░░░░░░░░░░░░]   5.4%
     Best:     Objective 1= -30.36  Objective 2= -84.99
     Mean:     Objective 1=-119.91  Objective 2=-636.40

Gen   55/1000 [██░░░░░░░░░░░░░░░░░░░░░░░░░░░░░░░░░░░░░░░░░░░░░░░░]   5.5%
     Best:     Objective 1= -29.77  Objective 2= -75.69
     Mean:     Objective 1=-128.88  Objective 2=-726.66

Generation 55:	[-26.6291024 -86.3030481]
Mean fitness:	-420.02 +- 685.50
Mean fitness per obj: ['-127.18 +-134.48', '-712.87 +-866.15']
Gen   56/1000 [██░░░░░░░░░░░░░░░░░░░░░░░░░░░░░░░░░░░░░░░░░░░░░░░░]   5.6%
     Best:     Objective 1= -28.06  Objective 2= -84.95
     Mean:     Objective 1=-127.18  Objective 2=-712.87

Gen   57/1000 [██░░░░░░░░░░░░░░░░░░░░░░░░░░░░░░░░░░░░░░░░░░░░░░░░]   5.7%
     Best:     Objective 1= -23.01  Objective 2= -84.35
     Mean:     Objective 1=-119.81  Objective 2=-697.12

Gen   58/1000 [██░░░░░░░░░░░░░░░░░░░░░░░░░░░░░░░░░░░░░░░░░░░░░░░░]   5.8%
     Best:     Objective 1= -28.99  Objective 2= -84.38
     Mean:     Objective 1=-131.07  Objective 2=-697.79

Gen   59/1000 [██░░░░░░░░░░░░░░░░░░░░░░░░░░░░░░░░░░░░░░░░░░░░░░░░]   5.9%
     Best:     Objective 1= -27.84  Objective 2= -75.73
     Mean:     Objective 1=-131.19  Objective 2=-623.80

Gen   60/1000 [███░░░░░░░░░░░░░░░░░░░░░░░░░░░░░░░░░░░░░░░░░░░░░░░]   6.0%
     Best:     Objective 1= -25.38  Objective 2= -76.53
     Mean:     Objective 1=-119.74  Objective 2=-729.11

Generation 60:	[-26.6291024 -86.3030481]
Mean fitness:	-410.67 +- 678.07
Mean fitness per obj: ['-124.47 +-106.23', '-696.87 +-862.81']
Gen   61/1000 [███░░░░░░░░░░░░░░░░░░░░░░░░░░░░░░░░░░░░░░░░░░░░░░░]   6.1%
     Best:     Objective 1= -27.30  Objective 2= -78.89
     Mean:     Objective 1=-124.47  Objective 2=-696.87

Gen   62/1000 [███░░░░░░░░░░░░░░░░░░░░░░░░░░░░░░░░░░░░░░░░░░░░░░░]   6.2%
     Best:     Objective 1= -27.11  Objective 2= -82.74
     Mean:     Objective 1=-130.49  Objective 2=-667.44

Gen   63/1000 [███░░░░░░░░░░░░░░░░░░░░░░░░░░░░░░░░░░░░░░░░░░░░░░░]   6.3%
     Best:     Objective 1= -28.43  Objective 2= -79.29
     Mean:     Objective 1=-121.72  Objective 2=-703.09

Gen   64/1000 [███░░░░░░░░░░░░░░░░░░░░░░░░░░░░░░░░░░░░░░░░░░░░░░░]   6.4%
     Best:     Objective 1= -23.17  Objective 2= -84.87
     Mean:     Objective 1=-126.59  Objective 2=-803.36

Gen   65/1000 [███░░░░░░░░░░░░░░░░░░░░░░░░░░░░░░░░░░░░░░░░░░░░░░░]   6.5%
     Best:     Objective 1= -31.67  Objective 2= -68.59
     Mean:     Objective 1=-123.49  Objective 2=-711.64

Generation 65:	[-26.6291024 -86.3030481]
Mean fitness:	-417.08 +- 634.84
Mean fitness per obj: ['-139.98 +-162.16', '-694.19 +-791.32']
Gen   66/1000 [███░░░░░░░░░░░░░░░░░░░░░░░░░░░░░░░░░░░░░░░░░░░░░░░]   6.6%
     Best:     Objective 1= -28.19  Objective 2= -74.81
     Mean:     Objective 1=-139.98  Objective 2=-694.19

Gen   67/1000 [███░░░░░░░░░░░░░░░░░░░░░░░░░░░░░░░░░░░░░░░░░░░░░░░]   6.7%
     Best:     Objective 1= -29.94  Objective 2= -83.29
     Mean:     Objective 1=-124.90  Objective 2=-638.89

Gen   68/1000 [███░░░░░░░░░░░░░░░░░░░░░░░░░░░░░░░░░░░░░░░░░░░░░░░]   6.8%
     Best:     Objective 1= -23.00  Objective 2= -76.24
     Mean:     Objective 1=-116.50  Objective 2=-721.41

Gen   69/1000 [███░░░░░░░░░░░░░░░░░░░░░░░░░░░░░░░░░░░░░░░░░░░░░░░]   6.9%
     Best:     Objective 1= -25.94  Objective 2= -72.91
     Mean:     Objective 1=-121.94  Objective 2=-672.85

Gen   70/1000 [███░░░░░░░░░░░░░░░░░░░░░░░░░░░░░░░░░░░░░░░░░░░░░░░]   7.0%
     Best:     Objective 1= -25.25  Objective 2= -62.96
     Mean:     Objective 1=-120.65  Objective 2=-762.67

Generation 70:	[-26.6291024 -86.3030481]
Mean fitness:	-399.30 +- 610.86
Mean fitness per obj: ['-135.29 +-166.80', '-663.31 +-760.97']
Gen   71/1000 [███░░░░░░░░░░░░░░░░░░░░░░░░░░░░░░░░░░░░░░░░░░░░░░░]   7.1%
     Best:     Objective 1= -22.56  Objective 2= -78.96
     Mean:     Objective 1=-135.29  Objective 2=-663.31

Gen   72/1000 [███░░░░░░░░░░░░░░░░░░░░░░░░░░░░░░░░░░░░░░░░░░░░░░░]   7.2%
     Best:     Objective 1= -26.17  Objective 2= -83.38
     Mean:     Objective 1=-119.05  Objective 2=-698.86

Gen   73/1000 [███░░░░░░░░░░░░░░░░░░░░░░░░░░░░░░░░░░░░░░░░░░░░░░░]   7.3%
     Best:     Objective 1= -30.10  Objective 2= -80.06
     Mean:     Objective 1=-126.27  Objective 2=-703.83

Gen   74/1000 [███░░░░░░░░░░░░░░░░░░░░░░░░░░░░░░░░░░░░░░░░░░░░░░░]   7.4%
     Best:     Objective 1= -27.96  Objective 2= -85.54
     Mean:     Objective 1=-118.61  Objective 2=-749.81

Gen   75/1000 [███░░░░░░░░░░░░░░░░░░░░░░░░░░░░░░░░░░░░░░░░░░░░░░░]   7.5%
     Best:     Objective 1= -25.60  Objective 2= -72.21
     Mean:     Objective 1=-120.37  Objective 2=-684.34

Generation 75:	[-26.41403729 -83.38195387]
Mean fitness:	-392.78 +- 626.77
Mean fitness per obj: ['-131.75 +-142.70', '-653.80 +-793.12']
Gen   76/1000 [███░░░░░░░░░░░░░░░░░░░░░░░░░░░░░░░░░░░░░░░░░░░░░░░]   7.6%
     Best:     Objective 1= -32.78  Objective 2= -79.08
     Mean:     Objective 1=-131.75  Objective 2=-653.80

Gen   77/1000 [███░░░░░░░░░░░░░░░░░░░░░░░░░░░░░░░░░░░░░░░░░░░░░░░]   7.7%
     Best:     Objective 1= -26.25  Objective 2= -79.07
     Mean:     Objective 1=-134.91  Objective 2=-669.97

Gen   78/1000 [███░░░░░░░░░░░░░░░░░░░░░░░░░░░░░░░░░░░░░░░░░░░░░░░]   7.8%
     Best:     Objective 1= -28.72  Objective 2= -88.47
     Mean:     Objective 1=-122.41  Objective 2=-714.62

Gen   79/1000 [███░░░░░░░░░░░░░░░░░░░░░░░░░░░░░░░░░░░░░░░░░░░░░░░]   7.9%
     Best:     Objective 1= -28.26  Objective 2= -75.32
     Mean:     Objective 1=-126.75  Objective 2=-654.11

Gen   80/1000 [████░░░░░░░░░░░░░░░░░░░░░░░░░░░░░░░░░░░░░░░░░░░░░░]   8.0%
     Best:     Objective 1= -30.25  Objective 2= -77.67
     Mean:     Objective 1=-123.67  Objective 2=-610.67

Generation 80:	[-26.41403729 -83.38195387]
Mean fitness:	-440.17 +- 747.53
Mean fitness per obj: ['-131.65 +-126.78', '-748.69 +-954.54']
Gen   81/1000 [████░░░░░░░░░░░░░░░░░░░░░░░░░░░░░░░░░░░░░░░░░░░░░░]   8.1%
     Best:     Objective 1= -34.34  Objective 2= -77.28
     Mean:     Objective 1=-131.65  Objective 2=-748.69

Gen   82/1000 [████░░░░░░░░░░░░░░░░░░░░░░░░░░░░░░░░░░░░░░░░░░░░░░]   8.2%
     Best:     Objective 1= -24.39  Objective 2= -77.35
     Mean:     Objective 1=-121.04  Objective 2=-666.80

Gen   83/1000 [████░░░░░░░░░░░░░░░░░░░░░░░░░░░░░░░░░░░░░░░░░░░░░░]   8.3%
     Best:     Objective 1= -25.86  Objective 2= -79.39
     Mean:     Objective 1=-131.56  Objective 2=-694.57

Gen   84/1000 [████░░░░░░░░░░░░░░░░░░░░░░░░░░░░░░░░░░░░░░░░░░░░░░]   8.4%
     Best:     Objective 1= -25.62  Objective 2= -85.43
     Mean:     Objective 1=-119.26  Objective 2=-707.92

Gen   85/1000 [████░░░░░░░░░░░░░░░░░░░░░░░░░░░░░░░░░░░░░░░░░░░░░░]   8.5%
     Best:     Objective 1= -25.94  Objective 2= -87.07
     Mean:     Objective 1=-117.92  Objective 2=-709.42

Generation 85:	[-26.41403729 -83.38195387]
Mean fitness:	-417.44 +- 634.87
Mean fitness per obj: ['-138.76 +-183.37', '-696.12 +-785.61']
Gen   86/1000 [████░░░░░░░░░░░░░░░░░░░░░░░░░░░░░░░░░░░░░░░░░░░░░░]   8.6%
     Best:     Objective 1= -30.87  Objective 2= -80.71
     Mean:     Objective 1=-138.76  Objective 2=-696.12

Gen   87/1000 [████░░░░░░░░░░░░░░░░░░░░░░░░░░░░░░░░░░░░░░░░░░░░░░]   8.7%
     Best:     Objective 1= -25.05  Objective 2= -79.41
     Mean:     Objective 1=-123.91  Objective 2=-633.48

Gen   88/1000 [████░░░░░░░░░░░░░░░░░░░░░░░░░░░░░░░░░░░░░░░░░░░░░░]   8.8%
     Best:     Objective 1= -27.62  Objective 2= -84.93
     Mean:     Objective 1=-133.20  Objective 2=-726.31

Gen   89/1000 [████░░░░░░░░░░░░░░░░░░░░░░░░░░░░░░░░░░░░░░░░░░░░░░]   8.9%
     Best:     Objective 1= -24.76  Objective 2= -78.28
     Mean:     Objective 1=-124.24  Objective 2=-700.32

Gen   90/1000 [████░░░░░░░░░░░░░░░░░░░░░░░░░░░░░░░░░░░░░░░░░░░░░░]   9.0%
     Best:     Objective 1= -20.94  Objective 2= -84.93
     Mean:     Objective 1=-129.98  Objective 2=-684.64

Generation 90:	[-26.41403729 -83.38195387]
Mean fitness:	-385.59 +- 620.62
Mean fitness per obj: ['-121.78 +-92.59', '-649.39 +-789.04']
Gen   91/1000 [████░░░░░░░░░░░░░░░░░░░░░░░░░░░░░░░░░░░░░░░░░░░░░░]   9.1%
     Best:     Objective 1= -30.02  Objective 2= -85.69
     Mean:     Objective 1=-121.78  Objective 2=-649.39

Gen   92/1000 [████░░░░░░░░░░░░░░░░░░░░░░░░░░░░░░░░░░░░░░░░░░░░░░]   9.2%
     Best:     Objective 1= -24.08  Objective 2= -85.16
     Mean:     Objective 1=-117.71  Objective 2=-650.59

Gen   93/1000 [████░░░░░░░░░░░░░░░░░░░░░░░░░░░░░░░░░░░░░░░░░░░░░░]   9.3%
     Best:     Objective 1= -27.29  Objective 2= -73.95
     Mean:     Objective 1=-124.51  Objective 2=-688.29

Gen   94/1000 [████░░░░░░░░░░░░░░░░░░░░░░░░░░░░░░░░░░░░░░░░░░░░░░]   9.4%
     Best:     Objective 1= -23.45  Objective 2= -88.82
     Mean:     Objective 1=-128.83  Objective 2=-721.30

Gen   95/1000 [████░░░░░░░░░░░░░░░░░░░░░░░░░░░░░░░░░░░░░░░░░░░░░░]   9.5%
     Best:     Objective 1= -28.37  Objective 2= -80.08
     Mean:     Objective 1=-145.01  Objective 2=-675.13

Generation 95:	[-26.41403729 -83.38195387]
Mean fitness:	-398.12 +- 666.84
Mean fitness per obj: ['-113.50 +-89.04', '-682.73 +-848.18']
Gen   96/1000 [████░░░░░░░░░░░░░░░░░░░░░░░░░░░░░░░░░░░░░░░░░░░░░░]   9.6%
     Best:     Objective 1= -24.02  Objective 2= -87.80
     Mean:     Objective 1=-113.50  Objective 2=-682.73

Gen   97/1000 [████░░░░░░░░░░░░░░░░░░░░░░░░░░░░░░░░░░░░░░░░░░░░░░]   9.7%
     Best:     Objective 1= -31.61  Objective 2= -86.20
     Mean:     Objective 1=-121.98  Objective 2=-643.16

Gen   98/1000 [████░░░░░░░░░░░░░░░░░░░░░░░░░░░░░░░░░░░░░░░░░░░░░░]   9.8%
     Best:     Objective 1= -22.49  Objective 2= -79.79
     Mean:     Objective 1=-124.59  Objective 2=-645.22

Gen   99/1000 [████░░░░░░░░░░░░░░░░░░░░░░░░░░░░░░░░░░░░░░░░░░░░░░]   9.9%
     Best:     Objective 1= -23.49  Objective 2= -73.09
     Mean:     Objective 1=-128.50  Objective 2=-731.69

Gen  100/1000 [█████░░░░░░░░░░░░░░░░░░░░░░░░░░░░░░░░░░░░░░░░░░░░░]  10.0%
     Best:     Objective 1= -25.49  Objective 2= -73.81
     Mean:     Objective 1=-125.28  Objective 2=-624.59

Generation 100:	[-26.41403729 -83.38195387]
Mean fitness:	-404.37 +- 640.33
Mean fitness per obj: ['-130.55 +-153.45', '-678.18 +-804.09']
Gen  101/1000 [█████░░░░░░░░░░░░░░░░░░░░░░░░░░░░░░░░░░░░░░░░░░░░░]  10.1%
     Best:     Objective 1= -26.85  Objective 2= -77.28
     Mean:     Objective 1=-130.55  Objective 2=-678.18

Gen  102/1000 [█████░░░░░░░░░░░░░░░░░░░░░░░░░░░░░░░░░░░░░░░░░░░░░]  10.2%
     Best:     Objective 1= -32.09  Objective 2= -83.76
     Mean:     Objective 1=-123.24  Objective 2=-754.05

Gen  103/1000 [█████░░░░░░░░░░░░░░░░░░░░░░░░░░░░░░░░░░░░░░░░░░░░░]  10.3%
     Best:     Objective 1= -26.31  Objective 2= -83.88
     Mean:     Objective 1=-117.47  Objective 2=-637.95

Gen  104/1000 [█████░░░░░░░░░░░░░░░░░░░░░░░░░░░░░░░░░░░░░░░░░░░░░]  10.4%
     Best:     Objective 1= -30.06  Objective 2= -85.65
     Mean:     Objective 1=-113.68  Objective 2=-726.07

Gen  105/1000 [█████░░░░░░░░░░░░░░░░░░░░░░░░░░░░░░░░░░░░░░░░░░░░░]  10.5%
     Best:     Objective 1= -23.94  Objective 2= -78.63
     Mean:     Objective 1=-119.37  Objective 2=-742.65

Generation 105:	[-26.41403729 -83.38195387]
Mean fitness:	-413.46 +- 670.12
Mean fitness per obj: ['-126.17 +-139.46', '-700.76 +-844.75']
Gen  106/1000 [█████░░░░░░░░░░░░░░░░░░░░░░░░░░░░░░░░░░░░░░░░░░░░░]  10.6%
     Best:     Objective 1= -25.52  Objective 2= -81.87
     Mean:     Objective 1=-126.17  Objective 2=-700.76

Gen  107/1000 [█████░░░░░░░░░░░░░░░░░░░░░░░░░░░░░░░░░░░░░░░░░░░░░]  10.7%
     Best:     Objective 1= -27.88  Objective 2= -80.17
     Mean:     Objective 1=-137.62  Objective 2=-682.79

Gen  108/1000 [█████░░░░░░░░░░░░░░░░░░░░░░░░░░░░░░░░░░░░░░░░░░░░░]  10.8%
     Best:     Objective 1= -32.49  Objective 2= -77.30
     Mean:     Objective 1=-131.24  Objective 2=-663.06

Gen  109/1000 [█████░░░░░░░░░░░░░░░░░░░░░░░░░░░░░░░░░░░░░░░░░░░░░]  10.9%
     Best:     Objective 1= -25.82  Objective 2= -89.61
     Mean:     Objective 1=-130.51  Objective 2=-722.39

Gen  110/1000 [█████░░░░░░░░░░░░░░░░░░░░░░░░░░░░░░░░░░░░░░░░░░░░░]  11.0%
     Best:     Objective 1= -28.50  Objective 2= -88.93
     Mean:     Objective 1=-121.50  Objective 2=-688.30

Generation 110:	[-26.41403729 -83.38195387]
Mean fitness:	-407.08 +- 664.66
Mean fitness per obj: ['-122.52 +-103.03', '-691.65 +-843.19']
Gen  111/1000 [█████░░░░░░░░░░░░░░░░░░░░░░░░░░░░░░░░░░░░░░░░░░░░░]  11.1%
     Best:     Objective 1= -33.38  Objective 2= -76.37
     Mean:     Objective 1=-122.52  Objective 2=-691.65

Gen  112/1000 [█████░░░░░░░░░░░░░░░░░░░░░░░░░░░░░░░░░░░░░░░░░░░░░]  11.2%
     Best:     Objective 1= -28.15  Objective 2= -80.11
     Mean:     Objective 1=-124.02  Objective 2=-698.91

Gen  113/1000 [█████░░░░░░░░░░░░░░░░░░░░░░░░░░░░░░░░░░░░░░░░░░░░░]  11.3%
     Best:     Objective 1= -32.78  Objective 2= -79.75
     Mean:     Objective 1=-126.87  Objective 2=-674.49

Gen  114/1000 [█████░░░░░░░░░░░░░░░░░░░░░░░░░░░░░░░░░░░░░░░░░░░░░]  11.4%
     Best:     Objective 1= -28.87  Objective 2= -78.44
     Mean:     Objective 1=-127.84  Objective 2=-736.10

Gen  115/1000 [█████░░░░░░░░░░░░░░░░░░░░░░░░░░░░░░░░░░░░░░░░░░░░░]  11.5%
     Best:     Objective 1= -27.85  Objective 2= -79.16
     Mean:     Objective 1=-134.81  Objective 2=-655.04

Generation 115:	[-26.41403729 -83.38195387]
Mean fitness:	-407.07 +- 649.79
Mean fitness per obj: ['-114.96 +-86.97', '-699.18 +-816.24']
Gen  116/1000 [█████░░░░░░░░░░░░░░░░░░░░░░░░░░░░░░░░░░░░░░░░░░░░░]  11.6%
     Best:     Objective 1= -32.52  Objective 2= -71.74
     Mean:     Objective 1=-114.96  Objective 2=-699.18

Gen  117/1000 [█████░░░░░░░░░░░░░░░░░░░░░░░░░░░░░░░░░░░░░░░░░░░░░]  11.7%
     Best:     Objective 1= -28.70  Objective 2= -82.00
     Mean:     Objective 1=-121.49  Objective 2=-759.23

Gen  118/1000 [█████░░░░░░░░░░░░░░░░░░░░░░░░░░░░░░░░░░░░░░░░░░░░░]  11.8%
     Best:     Objective 1= -24.75  Objective 2= -84.04
     Mean:     Objective 1=-134.08  Objective 2=-678.86

Gen  119/1000 [█████░░░░░░░░░░░░░░░░░░░░░░░░░░░░░░░░░░░░░░░░░░░░░]  11.9%
     Best:     Objective 1= -25.03  Objective 2= -74.79
     Mean:     Objective 1=-124.40  Objective 2=-732.46

Gen  120/1000 [██████░░░░░░░░░░░░░░░░░░░░░░░░░░░░░░░░░░░░░░░░░░░░]  12.0%
     Best:     Objective 1= -30.51  Objective 2= -87.96
     Mean:     Objective 1=-116.26  Objective 2=-648.80

Generation 120:	[-26.41403729 -83.38195387]
Mean fitness:	-415.32 +- 675.41
Mean fitness per obj: ['-123.23 +-109.12', '-707.41 +-854.30']
Gen  121/1000 [██████░░░░░░░░░░░░░░░░░░░░░░░░░░░░░░░░░░░░░░░░░░░░]  12.1%
     Best:     Objective 1= -30.73  Objective 2= -74.78
     Mean:     Objective 1=-123.23  Objective 2=-707.41

Gen  122/1000 [██████░░░░░░░░░░░░░░░░░░░░░░░░░░░░░░░░░░░░░░░░░░░░]  12.2%
     Best:     Objective 1= -25.67  Objective 2= -85.46
     Mean:     Objective 1=-131.07  Objective 2=-674.18

Gen  123/1000 [██████░░░░░░░░░░░░░░░░░░░░░░░░░░░░░░░░░░░░░░░░░░░░]  12.3%
     Best:     Objective 1= -24.82  Objective 2= -77.66
     Mean:     Objective 1=-121.35  Objective 2=-688.17

Gen  124/1000 [██████░░░░░░░░░░░░░░░░░░░░░░░░░░░░░░░░░░░░░░░░░░░░]  12.4%
     Best:     Objective 1= -29.06  Objective 2= -74.35
     Mean:     Objective 1=-128.63  Objective 2=-724.98

Gen  125/1000 [██████░░░░░░░░░░░░░░░░░░░░░░░░░░░░░░░░░░░░░░░░░░░░]  12.5%
     Best:     Objective 1= -22.59  Objective 2= -80.88
     Mean:     Objective 1=-123.91  Objective 2=-741.32

Generation 125:	[-26.41403729 -83.38195387]
Mean fitness:	-392.09 +- 645.46
Mean fitness per obj: ['-110.71 +-83.56', '-673.47 +-817.25']
Gen  126/1000 [██████░░░░░░░░░░░░░░░░░░░░░░░░░░░░░░░░░░░░░░░░░░░░]  12.6%
     Best:     Objective 1= -24.24  Objective 2= -85.41
     Mean:     Objective 1=-110.71  Objective 2=-673.47

Gen  127/1000 [██████░░░░░░░░░░░░░░░░░░░░░░░░░░░░░░░░░░░░░░░░░░░░]  12.7%
     Best:     Objective 1= -22.49  Objective 2= -74.34
     Mean:     Objective 1=-121.34  Objective 2=-639.14

Gen  128/1000 [██████░░░░░░░░░░░░░░░░░░░░░░░░░░░░░░░░░░░░░░░░░░░░]  12.8%
     Best:     Objective 1= -25.85  Objective 2= -73.44
     Mean:     Objective 1=-129.16  Objective 2=-653.92

Gen  129/1000 [██████░░░░░░░░░░░░░░░░░░░░░░░░░░░░░░░░░░░░░░░░░░░░]  12.9%
     Best:     Objective 1= -26.36  Objective 2= -76.86
     Mean:     Objective 1=-117.80  Objective 2=-660.51

Gen  130/1000 [██████░░░░░░░░░░░░░░░░░░░░░░░░░░░░░░░░░░░░░░░░░░░░]  13.0%
     Best:     Objective 1= -28.07  Objective 2= -80.24
     Mean:     Objective 1=-114.12  Objective 2=-727.87

Generation 130:	[-26.41403729 -83.38195387]
Mean fitness:	-408.65 +- 636.91
Mean fitness per obj: ['-129.21 +-136.19', '-688.09 +-797.86']
Gen  131/1000 [██████░░░░░░░░░░░░░░░░░░░░░░░░░░░░░░░░░░░░░░░░░░░░]  13.1%
     Best:     Objective 1= -29.89  Objective 2= -74.54
     Mean:     Objective 1=-129.21  Objective 2=-688.09

Gen  132/1000 [██████░░░░░░░░░░░░░░░░░░░░░░░░░░░░░░░░░░░░░░░░░░░░]  13.2%
     Best:     Objective 1= -22.17  Objective 2= -75.37
     Mean:     Objective 1=-123.84  Objective 2=-705.74

Gen  133/1000 [██████░░░░░░░░░░░░░░░░░░░░░░░░░░░░░░░░░░░░░░░░░░░░]  13.3%
     Best:     Objective 1= -24.14  Objective 2= -79.98
     Mean:     Objective 1=-119.93  Objective 2=-697.18

Gen  134/1000 [██████░░░░░░░░░░░░░░░░░░░░░░░░░░░░░░░░░░░░░░░░░░░░]  13.4%
     Best:     Objective 1= -28.46  Objective 2= -78.89
     Mean:     Objective 1=-129.46  Objective 2=-777.16

Gen  135/1000 [██████░░░░░░░░░░░░░░░░░░░░░░░░░░░░░░░░░░░░░░░░░░░░]  13.5%
     Best:     Objective 1= -24.61  Objective 2= -88.20
     Mean:     Objective 1=-119.50  Objective 2=-660.65

Generation 135:	[-26.41403729 -83.38195387]
Mean fitness:	-410.90 +- 620.07
Mean fitness per obj: ['-121.26 +-119.39', '-700.54 +-766.12']
Gen  136/1000 [██████░░░░░░░░░░░░░░░░░░░░░░░░░░░░░░░░░░░░░░░░░░░░]  13.6%
     Best:     Objective 1= -28.23  Objective 2= -81.41
     Mean:     Objective 1=-121.26  Objective 2=-700.54

Gen  137/1000 [██████░░░░░░░░░░░░░░░░░░░░░░░░░░░░░░░░░░░░░░░░░░░░]  13.7%
     Best:     Objective 1= -22.39  Objective 2= -67.55
     Mean:     Objective 1=-122.48  Objective 2=-681.48

Gen  138/1000 [██████░░░░░░░░░░░░░░░░░░░░░░░░░░░░░░░░░░░░░░░░░░░░]  13.8%
     Best:     Objective 1= -32.40  Objective 2= -86.24
     Mean:     Objective 1=-135.23  Objective 2=-698.50

Gen  139/1000 [██████░░░░░░░░░░░░░░░░░░░░░░░░░░░░░░░░░░░░░░░░░░░░]  13.9%
     Best:     Objective 1= -17.68  Objective 2= -78.21
     Mean:     Objective 1=-138.21  Objective 2=-682.75

Gen  140/1000 [███████░░░░░░░░░░░░░░░░░░░░░░░░░░░░░░░░░░░░░░░░░░░]  14.0%
     Best:     Objective 1= -28.13  Objective 2= -86.74
     Mean:     Objective 1=-136.25  Objective 2=-650.78

Generation 140:	[-26.41403729 -83.38195387]
Mean fitness:	-417.32 +- 705.50
Mean fitness per obj: ['-121.34 +-105.99', '-713.30 +-899.45']
Gen  141/1000 [███████░░░░░░░░░░░░░░░░░░░░░░░░░░░░░░░░░░░░░░░░░░░]  14.1%
     Best:     Objective 1= -29.54  Objective 2= -83.40
     Mean:     Objective 1=-121.34  Objective 2=-713.30

Gen  142/1000 [███████░░░░░░░░░░░░░░░░░░░░░░░░░░░░░░░░░░░░░░░░░░░]  14.2%
     Best:     Objective 1= -30.74  Objective 2= -79.22
     Mean:     Objective 1=-130.58  Objective 2=-696.45

Gen  143/1000 [███████░░░░░░░░░░░░░░░░░░░░░░░░░░░░░░░░░░░░░░░░░░░]  14.3%
     Best:     Objective 1= -31.23  Objective 2= -85.49
     Mean:     Objective 1=-125.42  Objective 2=-662.72

Gen  144/1000 [███████░░░░░░░░░░░░░░░░░░░░░░░░░░░░░░░░░░░░░░░░░░░]  14.4%
     Best:     Objective 1= -25.90  Objective 2= -67.87
     Mean:     Objective 1=-128.61  Objective 2=-772.46

Gen  145/1000 [███████░░░░░░░░░░░░░░░░░░░░░░░░░░░░░░░░░░░░░░░░░░░]  14.5%
     Best:     Objective 1= -27.74  Objective 2= -74.31
     Mean:     Objective 1=-133.58  Objective 2=-687.89

Generation 145:	[-26.41403729 -83.38195387]
Mean fitness:	-396.85 +- 637.54
Mean fitness per obj: ['-129.98 +-150.22', '-663.72 +-804.92']
Gen  146/1000 [███████░░░░░░░░░░░░░░░░░░░░░░░░░░░░░░░░░░░░░░░░░░░]  14.6%
     Best:     Objective 1= -28.51  Objective 2= -78.44
     Mean:     Objective 1=-129.98  Objective 2=-663.72

Gen  147/1000 [███████░░░░░░░░░░░░░░░░░░░░░░░░░░░░░░░░░░░░░░░░░░░]  14.7%
     Best:     Objective 1= -28.14  Objective 2= -88.62
     Mean:     Objective 1=-127.26  Objective 2=-741.52

Gen  148/1000 [███████░░░░░░░░░░░░░░░░░░░░░░░░░░░░░░░░░░░░░░░░░░░]  14.8%
     Best:     Objective 1= -26.71  Objective 2= -86.99
     Mean:     Objective 1=-121.29  Objective 2=-727.31

Gen  149/1000 [███████░░░░░░░░░░░░░░░░░░░░░░░░░░░░░░░░░░░░░░░░░░░]  14.9%
     Best:     Objective 1= -28.34  Objective 2= -80.28
     Mean:     Objective 1=-122.70  Objective 2=-688.01

Gen  150/1000 [███████░░░░░░░░░░░░░░░░░░░░░░░░░░░░░░░░░░░░░░░░░░░]  15.0%
     Best:     Objective 1= -32.41  Objective 2= -77.51
     Mean:     Objective 1=-111.39  Objective 2=-663.98

Generation 150:	[-26.41403729 -83.38195387]
Mean fitness:	-430.99 +- 707.45
Mean fitness per obj: ['-126.18 +-120.40', '-735.81 +-894.80']
Gen  151/1000 [███████░░░░░░░░░░░░░░░░░░░░░░░░░░░░░░░░░░░░░░░░░░░]  15.1%
     Best:     Objective 1= -29.05  Objective 2= -77.97
     Mean:     Objective 1=-126.18  Objective 2=-735.81

Gen  152/1000 [███████░░░░░░░░░░░░░░░░░░░░░░░░░░░░░░░░░░░░░░░░░░░]  15.2%
     Best:     Objective 1= -27.31  Objective 2= -74.98
     Mean:     Objective 1=-121.13  Objective 2=-739.53

Gen  153/1000 [███████░░░░░░░░░░░░░░░░░░░░░░░░░░░░░░░░░░░░░░░░░░░]  15.3%
     Best:     Objective 1= -29.03  Objective 2= -78.38
     Mean:     Objective 1=-118.06  Objective 2=-711.62

Gen  154/1000 [███████░░░░░░░░░░░░░░░░░░░░░░░░░░░░░░░░░░░░░░░░░░░]  15.4%
     Best:     Objective 1= -24.91  Objective 2= -80.90
     Mean:     Objective 1=-122.23  Objective 2=-647.63

Gen  155/1000 [███████░░░░░░░░░░░░░░░░░░░░░░░░░░░░░░░░░░░░░░░░░░░]  15.5%
     Best:     Objective 1= -23.74  Objective 2= -83.72
     Mean:     Objective 1=-121.89  Objective 2=-738.27

Generation 155:	[-26.41403729 -83.38195387]
Mean fitness:	-429.28 +- 696.41
Mean fitness per obj: ['-126.26 +-103.78', '-732.30 +-880.65']
Gen  156/1000 [███████░░░░░░░░░░░░░░░░░░░░░░░░░░░░░░░░░░░░░░░░░░░]  15.6%
     Best:     Objective 1= -21.56  Objective 2= -86.41
     Mean:     Objective 1=-126.26  Objective 2=-732.30

Gen  157/1000 [███████░░░░░░░░░░░░░░░░░░░░░░░░░░░░░░░░░░░░░░░░░░░]  15.7%
     Best:     Objective 1= -27.84  Objective 2= -77.65
     Mean:     Objective 1=-127.81  Objective 2=-669.01

Gen  158/1000 [███████░░░░░░░░░░░░░░░░░░░░░░░░░░░░░░░░░░░░░░░░░░░]  15.8%
     Best:     Objective 1= -24.54  Objective 2= -80.38
     Mean:     Objective 1=-121.93  Objective 2=-692.59

Gen  159/1000 [███████░░░░░░░░░░░░░░░░░░░░░░░░░░░░░░░░░░░░░░░░░░░]  15.9%
     Best:     Objective 1= -29.18  Objective 2= -81.63
     Mean:     Objective 1=-134.29  Objective 2=-680.75

Gen  160/1000 [████████░░░░░░░░░░░░░░░░░░░░░░░░░░░░░░░░░░░░░░░░░░]  16.0%
     Best:     Objective 1= -27.55  Objective 2= -74.47
     Mean:     Objective 1=-123.10  Objective 2=-636.73

Generation 160:	[-26.41403729 -83.38195387]
Mean fitness:	-452.58 +- 742.84
Mean fitness per obj: ['-135.04 +-134.15', '-770.12 +-940.19']
Gen  161/1000 [████████░░░░░░░░░░░░░░░░░░░░░░░░░░░░░░░░░░░░░░░░░░]  16.1%
     Best:     Objective 1= -25.33  Objective 2= -77.95
     Mean:     Objective 1=-135.04  Objective 2=-770.12

Gen  162/1000 [████████░░░░░░░░░░░░░░░░░░░░░░░░░░░░░░░░░░░░░░░░░░]  16.2%
     Best:     Objective 1= -26.42  Objective 2= -77.34
     Mean:     Objective 1=-130.30  Objective 2=-801.20

Gen  163/1000 [████████░░░░░░░░░░░░░░░░░░░░░░░░░░░░░░░░░░░░░░░░░░]  16.3%
     Best:     Objective 1= -26.38  Objective 2= -86.31
     Mean:     Objective 1=-131.42  Objective 2=-748.41

Gen  164/1000 [████████░░░░░░░░░░░░░░░░░░░░░░░░░░░░░░░░░░░░░░░░░░]  16.4%
     Best:     Objective 1= -20.94  Objective 2= -87.13
     Mean:     Objective 1=-123.55  Objective 2=-619.07

Gen  165/1000 [████████░░░░░░░░░░░░░░░░░░░░░░░░░░░░░░░░░░░░░░░░░░]  16.5%
     Best:     Objective 1= -29.48  Objective 2= -78.97
     Mean:     Objective 1=-124.08  Objective 2=-775.11

Generation 165:	[-26.41403729 -83.38195387]
Mean fitness:	-406.50 +- 643.21
Mean fitness per obj: ['-123.27 +-98.27', '-689.73 +-810.77']
Gen  166/1000 [████████░░░░░░░░░░░░░░░░░░░░░░░░░░░░░░░░░░░░░░░░░░]  16.6%
     Best:     Objective 1= -24.23  Objective 2= -83.70
     Mean:     Objective 1=-123.27  Objective 2=-689.73

Gen  167/1000 [████████░░░░░░░░░░░░░░░░░░░░░░░░░░░░░░░░░░░░░░░░░░]  16.7%
     Best:     Objective 1= -30.07  Objective 2= -78.48
     Mean:     Objective 1=-131.18  Objective 2=-721.06

Gen  168/1000 [████████░░░░░░░░░░░░░░░░░░░░░░░░░░░░░░░░░░░░░░░░░░]  16.8%
     Best:     Objective 1= -29.50  Objective 2= -87.03
     Mean:     Objective 1=-138.60  Objective 2=-628.23

Gen  169/1000 [████████░░░░░░░░░░░░░░░░░░░░░░░░░░░░░░░░░░░░░░░░░░]  16.9%
     Best:     Objective 1= -25.53  Objective 2= -82.04
     Mean:     Objective 1=-130.50  Objective 2=-689.42

Gen  170/1000 [████████░░░░░░░░░░░░░░░░░░░░░░░░░░░░░░░░░░░░░░░░░░]  17.0%
     Best:     Objective 1= -24.69  Objective 2= -81.11
     Mean:     Objective 1=-130.56  Objective 2=-586.03

Generation 170:	[-26.41403729 -83.38195387]
Mean fitness:	-432.44 +- 712.29
Mean fitness per obj: ['-134.90 +-125.83', '-729.98 +-906.54']
Gen  171/1000 [████████░░░░░░░░░░░░░░░░░░░░░░░░░░░░░░░░░░░░░░░░░░]  17.1%
     Best:     Objective 1= -32.80  Objective 2= -70.86
     Mean:     Objective 1=-134.90  Objective 2=-729.98

Gen  172/1000 [████████░░░░░░░░░░░░░░░░░░░░░░░░░░░░░░░░░░░░░░░░░░]  17.2%
     Best:     Objective 1= -26.19  Objective 2= -86.01
     Mean:     Objective 1=-124.34  Objective 2=-730.03

Gen  173/1000 [████████░░░░░░░░░░░░░░░░░░░░░░░░░░░░░░░░░░░░░░░░░░]  17.3%
     Best:     Objective 1= -32.70  Objective 2= -84.21
     Mean:     Objective 1=-119.92  Objective 2=-692.31

Gen  174/1000 [████████░░░░░░░░░░░░░░░░░░░░░░░░░░░░░░░░░░░░░░░░░░]  17.4%
     Best:     Objective 1= -23.53  Objective 2= -64.38
     Mean:     Objective 1=-116.95  Objective 2=-698.83

Gen  175/1000 [████████░░░░░░░░░░░░░░░░░░░░░░░░░░░░░░░░░░░░░░░░░░]  17.5%
     Best:     Objective 1= -25.80  Objective 2= -83.76
     Mean:     Objective 1=-135.84  Objective 2=-630.72

Generation 175:	[-26.41403729 -83.38195387]
Mean fitness:	-457.63 +- 732.04
Mean fitness per obj: ['-118.43 +-114.95', '-796.84 +-910.17']
Gen  176/1000 [████████░░░░░░░░░░░░░░░░░░░░░░░░░░░░░░░░░░░░░░░░░░]  17.6%
     Best:     Objective 1= -30.35  Objective 2= -83.24
     Mean:     Objective 1=-118.43  Objective 2=-796.84

Gen  177/1000 [████████░░░░░░░░░░░░░░░░░░░░░░░░░░░░░░░░░░░░░░░░░░]  17.7%
     Best:     Objective 1= -26.72  Objective 2= -82.13
     Mean:     Objective 1=-133.06  Objective 2=-611.02

Gen  178/1000 [████████░░░░░░░░░░░░░░░░░░░░░░░░░░░░░░░░░░░░░░░░░░]  17.8%
     Best:     Objective 1= -22.89  Objective 2= -71.05
     Mean:     Objective 1=-123.27  Objective 2=-650.07

Gen  179/1000 [████████░░░░░░░░░░░░░░░░░░░░░░░░░░░░░░░░░░░░░░░░░░]  17.9%
     Best:     Objective 1= -26.56  Objective 2= -83.31
     Mean:     Objective 1=-122.18  Objective 2=-731.99

Gen  180/1000 [█████████░░░░░░░░░░░░░░░░░░░░░░░░░░░░░░░░░░░░░░░░░]  18.0%
     Best:     Objective 1= -30.75  Objective 2= -76.10
     Mean:     Objective 1=-121.61  Objective 2=-660.14

Generation 180:	[-26.41403729 -83.38195387]
Mean fitness:	-457.33 +- 774.06
Mean fitness per obj: ['-126.68 +-124.82', '-787.97 +-981.89']
Gen  181/1000 [█████████░░░░░░░░░░░░░░░░░░░░░░░░░░░░░░░░░░░░░░░░░]  18.1%
     Best:     Objective 1= -29.00  Objective 2= -83.00
     Mean:     Objective 1=-126.68  Objective 2=-787.97

Gen  182/1000 [█████████░░░░░░░░░░░░░░░░░░░░░░░░░░░░░░░░░░░░░░░░░]  18.2%
     Best:     Objective 1= -22.43  Objective 2= -77.49
     Mean:     Objective 1=-121.67  Objective 2=-664.07

Gen  183/1000 [█████████░░░░░░░░░░░░░░░░░░░░░░░░░░░░░░░░░░░░░░░░░]  18.3%
     Best:     Objective 1= -26.11  Objective 2= -81.74
     Mean:     Objective 1=-123.69  Objective 2=-705.96

Gen  184/1000 [█████████░░░░░░░░░░░░░░░░░░░░░░░░░░░░░░░░░░░░░░░░░]  18.4%
     Best:     Objective 1= -29.74  Objective 2= -72.43
     Mean:     Objective 1=-128.82  Objective 2=-789.89

Gen  185/1000 [█████████░░░░░░░░░░░░░░░░░░░░░░░░░░░░░░░░░░░░░░░░░]  18.5%
     Best:     Objective 1= -29.82  Objective 2= -68.70
     Mean:     Objective 1=-112.98  Objective 2=-680.53

Generation 185:	[-26.41403729 -83.38195387]
Mean fitness:	-412.83 +- 638.14
Mean fitness per obj: ['-125.33 +-110.69', '-700.34 +-798.04']
Gen  186/1000 [█████████░░░░░░░░░░░░░░░░░░░░░░░░░░░░░░░░░░░░░░░░░]  18.6%
     Best:     Objective 1= -19.94  Objective 2= -80.82
     Mean:     Objective 1=-125.33  Objective 2=-700.34

Gen  187/1000 [█████████░░░░░░░░░░░░░░░░░░░░░░░░░░░░░░░░░░░░░░░░░]  18.7%
     Best:     Objective 1= -24.92  Objective 2= -75.54
     Mean:     Objective 1=-124.57  Objective 2=-723.25

Gen  188/1000 [█████████░░░░░░░░░░░░░░░░░░░░░░░░░░░░░░░░░░░░░░░░░]  18.8%
     Best:     Objective 1= -29.00  Objective 2= -86.09
     Mean:     Objective 1=-126.02  Objective 2=-731.65

Gen  189/1000 [█████████░░░░░░░░░░░░░░░░░░░░░░░░░░░░░░░░░░░░░░░░░]  18.9%
     Best:     Objective 1= -26.89  Objective 2= -84.20
     Mean:     Objective 1=-128.31  Objective 2=-596.99

Gen  190/1000 [█████████░░░░░░░░░░░░░░░░░░░░░░░░░░░░░░░░░░░░░░░░░]  19.0%
     Best:     Objective 1= -29.86  Objective 2= -87.77
     Mean:     Objective 1=-119.84  Objective 2=-733.38

Generation 190:	[-26.41403729 -83.38195387]
Mean fitness:	-419.70 +- 712.53
Mean fitness per obj: ['-113.13 +-89.21', '-726.27 +-905.25']
Gen  191/1000 [█████████░░░░░░░░░░░░░░░░░░░░░░░░░░░░░░░░░░░░░░░░░]  19.1%
     Best:     Objective 1= -28.31  Objective 2= -80.12
     Mean:     Objective 1=-113.13  Objective 2=-726.27

Gen  192/1000 [█████████░░░░░░░░░░░░░░░░░░░░░░░░░░░░░░░░░░░░░░░░░]  19.2%
     Best:     Objective 1= -25.69  Objective 2= -85.30
     Mean:     Objective 1=-127.58  Objective 2=-665.78

Gen  193/1000 [█████████░░░░░░░░░░░░░░░░░░░░░░░░░░░░░░░░░░░░░░░░░]  19.3%
     Best:     Objective 1= -31.86  Objective 2= -72.22
     Mean:     Objective 1=-117.48  Objective 2=-705.41

Gen  194/1000 [█████████░░░░░░░░░░░░░░░░░░░░░░░░░░░░░░░░░░░░░░░░░]  19.4%
     Best:     Objective 1= -26.97  Objective 2= -82.64
     Mean:     Objective 1=-126.16  Objective 2=-694.71

Gen  195/1000 [█████████░░░░░░░░░░░░░░░░░░░░░░░░░░░░░░░░░░░░░░░░░]  19.5%
     Best:     Objective 1= -26.89  Objective 2= -91.10
     Mean:     Objective 1=-122.66  Objective 2=-667.59

Generation 195:	[-26.41403729 -83.38195387]
Mean fitness:	-391.23 +- 613.48
Mean fitness per obj: ['-114.87 +-87.70', '-667.60 +-769.59']
Gen  196/1000 [█████████░░░░░░░░░░░░░░░░░░░░░░░░░░░░░░░░░░░░░░░░░]  19.6%
     Best:     Objective 1= -23.00  Objective 2= -72.93
     Mean:     Objective 1=-114.87  Objective 2=-667.60

Gen  197/1000 [█████████░░░░░░░░░░░░░░░░░░░░░░░░░░░░░░░░░░░░░░░░░]  19.7%
     Best:     Objective 1= -28.70  Objective 2= -69.64
     Mean:     Objective 1=-113.54  Objective 2=-680.12

Gen  198/1000 [█████████░░░░░░░░░░░░░░░░░░░░░░░░░░░░░░░░░░░░░░░░░]  19.8%
     Best:     Objective 1= -33.53  Objective 2= -69.75
     Mean:     Objective 1=-140.58  Objective 2=-624.51

Gen  199/1000 [█████████░░░░░░░░░░░░░░░░░░░░░░░░░░░░░░░░░░░░░░░░░]  19.9%
     Best:     Objective 1= -24.98  Objective 2= -81.92
     Mean:     Objective 1=-121.82  Objective 2=-707.64

Gen  200/1000 [██████████░░░░░░░░░░░░░░░░░░░░░░░░░░░░░░░░░░░░░░░░]  20.0%
     Best:     Objective 1= -29.81  Objective 2= -79.05
     Mean:     Objective 1=-126.45  Objective 2=-705.53

Generation 200:	[-26.41403729 -83.38195387]
Mean fitness:	-450.86 +- 754.31
Mean fitness per obj: ['-125.43 +-158.21', '-776.29 +-949.28']
Gen  201/1000 [██████████░░░░░░░░░░░░░░░░░░░░░░░░░░░░░░░░░░░░░░░░]  20.1%
     Best:     Objective 1= -30.11  Objective 2= -82.46
     Mean:     Objective 1=-125.43  Objective 2=-776.29

Gen  202/1000 [██████████░░░░░░░░░░░░░░░░░░░░░░░░░░░░░░░░░░░░░░░░]  20.2%
     Best:     Objective 1= -31.94  Objective 2= -69.38
     Mean:     Objective 1=-120.56  Objective 2=-741.19

Gen  203/1000 [██████████░░░░░░░░░░░░░░░░░░░░░░░░░░░░░░░░░░░░░░░░]  20.3%
     Best:     Objective 1= -31.12  Objective 2= -74.00
     Mean:     Objective 1=-123.70  Objective 2=-698.30

Gen  204/1000 [██████████░░░░░░░░░░░░░░░░░░░░░░░░░░░░░░░░░░░░░░░░]  20.4%
     Best:     Objective 1= -28.78  Objective 2= -78.24
     Mean:     Objective 1=-123.95  Objective 2=-743.33

Gen  205/1000 [██████████░░░░░░░░░░░░░░░░░░░░░░░░░░░░░░░░░░░░░░░░]  20.5%
     Best:     Objective 1= -31.32  Objective 2= -83.13
     Mean:     Objective 1=-133.74  Objective 2=-640.39

Generation 205:	[-26.41403729 -83.38195387]
Mean fitness:	-413.25 +- 665.35
Mean fitness per obj: ['-115.55 +-80.80', '-710.96 +-837.62']
Gen  206/1000 [██████████░░░░░░░░░░░░░░░░░░░░░░░░░░░░░░░░░░░░░░░░]  20.6%
     Best:     Objective 1= -24.53  Objective 2= -75.74
     Mean:     Objective 1=-115.55  Objective 2=-710.96

Gen  207/1000 [██████████░░░░░░░░░░░░░░░░░░░░░░░░░░░░░░░░░░░░░░░░]  20.7%
     Best:     Objective 1= -28.64  Objective 2= -77.36
     Mean:     Objective 1=-122.64  Objective 2=-741.99

Gen  208/1000 [██████████░░░░░░░░░░░░░░░░░░░░░░░░░░░░░░░░░░░░░░░░]  20.8%
     Best:     Objective 1= -24.47  Objective 2= -78.41
     Mean:     Objective 1=-116.75  Objective 2=-743.54

Gen  209/1000 [██████████░░░░░░░░░░░░░░░░░░░░░░░░░░░░░░░░░░░░░░░░]  20.9%
     Best:     Objective 1= -28.64  Objective 2= -70.95
     Mean:     Objective 1=-124.21  Objective 2=-747.56

Gen  210/1000 [██████████░░░░░░░░░░░░░░░░░░░░░░░░░░░░░░░░░░░░░░░░]  21.0%
     Best:     Objective 1= -29.68  Objective 2= -81.69
     Mean:     Objective 1=-114.96  Objective 2=-648.96

Generation 210:	[-26.41403729 -83.38195387]
Mean fitness:	-463.10 +- 752.35
Mean fitness per obj: ['-140.02 +-153.08', '-786.17 +-948.61']
Gen  211/1000 [██████████░░░░░░░░░░░░░░░░░░░░░░░░░░░░░░░░░░░░░░░░]  21.1%
     Best:     Objective 1= -24.58  Objective 2= -85.92
     Mean:     Objective 1=-140.02  Objective 2=-786.17

Gen  212/1000 [██████████░░░░░░░░░░░░░░░░░░░░░░░░░░░░░░░░░░░░░░░░]  21.2%
     Best:     Objective 1= -21.69  Objective 2= -81.46
     Mean:     Objective 1=-134.08  Objective 2=-732.27

Gen  213/1000 [██████████░░░░░░░░░░░░░░░░░░░░░░░░░░░░░░░░░░░░░░░░]  21.3%
     Best:     Objective 1= -29.06  Objective 2= -77.54
     Mean:     Objective 1=-118.61  Objective 2=-680.27

Gen  214/1000 [██████████░░░░░░░░░░░░░░░░░░░░░░░░░░░░░░░░░░░░░░░░]  21.4%
     Best:     Objective 1= -26.09  Objective 2= -69.37
     Mean:     Objective 1=-124.07  Objective 2=-617.90

Gen  215/1000 [██████████░░░░░░░░░░░░░░░░░░░░░░░░░░░░░░░░░░░░░░░░]  21.5%
     Best:     Objective 1= -27.41  Objective 2= -75.84
     Mean:     Objective 1=-127.17  Objective 2=-624.92

Generation 215:	[-26.41403729 -83.38195387]
Mean fitness:	-401.54 +- 647.05
Mean fitness per obj: ['-125.71 +-110.48', '-677.37 +-820.35']
Gen  216/1000 [██████████░░░░░░░░░░░░░░░░░░░░░░░░░░░░░░░░░░░░░░░░]  21.6%
     Best:     Objective 1= -27.11  Objective 2= -75.29
     Mean:     Objective 1=-125.71  Objective 2=-677.37

Gen  217/1000 [██████████░░░░░░░░░░░░░░░░░░░░░░░░░░░░░░░░░░░░░░░░]  21.7%
     Best:     Objective 1= -28.04  Objective 2= -77.58
     Mean:     Objective 1=-115.33  Objective 2=-711.58

Gen  218/1000 [██████████░░░░░░░░░░░░░░░░░░░░░░░░░░░░░░░░░░░░░░░░]  21.8%
     Best:     Objective 1= -27.04  Objective 2= -67.26
     Mean:     Objective 1=-123.29  Objective 2=-674.21

Gen  219/1000 [██████████░░░░░░░░░░░░░░░░░░░░░░░░░░░░░░░░░░░░░░░░]  21.9%
     Best:     Objective 1= -22.90  Objective 2= -82.69
     Mean:     Objective 1=-136.18  Objective 2=-683.94

Gen  220/1000 [███████████░░░░░░░░░░░░░░░░░░░░░░░░░░░░░░░░░░░░░░░]  22.0%
     Best:     Objective 1= -26.31  Objective 2= -88.60
     Mean:     Objective 1=-128.94  Objective 2=-731.48

Generation 220:	[-26.41403729 -83.38195387]
Mean fitness:	-414.54 +- 669.78
Mean fitness per obj: ['-124.27 +-91.23', '-704.82 +-848.74']
Gen  221/1000 [███████████░░░░░░░░░░░░░░░░░░░░░░░░░░░░░░░░░░░░░░░]  22.1%
     Best:     Objective 1= -26.72  Objective 2= -79.11
     Mean:     Objective 1=-124.27  Objective 2=-704.82

Gen  222/1000 [███████████░░░░░░░░░░░░░░░░░░░░░░░░░░░░░░░░░░░░░░░]  22.2%
     Best:     Objective 1= -29.42  Objective 2= -78.53
     Mean:     Objective 1=-118.75  Objective 2=-680.04

Gen  223/1000 [███████████░░░░░░░░░░░░░░░░░░░░░░░░░░░░░░░░░░░░░░░]  22.3%
     Best:     Objective 1= -29.56  Objective 2= -84.24
     Mean:     Objective 1=-133.30  Objective 2=-682.49

Gen  224/1000 [███████████░░░░░░░░░░░░░░░░░░░░░░░░░░░░░░░░░░░░░░░]  22.4%
     Best:     Objective 1= -30.91  Objective 2= -78.13
     Mean:     Objective 1=-132.63  Objective 2=-741.12

Gen  225/1000 [███████████░░░░░░░░░░░░░░░░░░░░░░░░░░░░░░░░░░░░░░░]  22.5%
     Best:     Objective 1= -28.60  Objective 2= -74.86
     Mean:     Objective 1=-120.55  Objective 2=-687.58

Generation 225:	[-26.41403729 -83.38195387]
Mean fitness:	-419.01 +- 736.82
Mean fitness per obj: ['-117.43 +-95.84', '-720.60 +-945.89']
Gen  226/1000 [███████████░░░░░░░░░░░░░░░░░░░░░░░░░░░░░░░░░░░░░░░]  22.6%
     Best:     Objective 1= -27.86  Objective 2= -86.77
     Mean:     Objective 1=-117.43  Objective 2=-720.60

Gen  227/1000 [███████████░░░░░░░░░░░░░░░░░░░░░░░░░░░░░░░░░░░░░░░]  22.7%
     Best:     Objective 1= -25.93  Objective 2= -70.74
     Mean:     Objective 1=-127.39  Objective 2=-713.22

Gen  228/1000 [███████████░░░░░░░░░░░░░░░░░░░░░░░░░░░░░░░░░░░░░░░]  22.8%
     Best:     Objective 1= -32.53  Objective 2= -79.77
     Mean:     Objective 1=-127.20  Objective 2=-721.74

Gen  229/1000 [███████████░░░░░░░░░░░░░░░░░░░░░░░░░░░░░░░░░░░░░░░]  22.9%
     Best:     Objective 1= -30.33  Objective 2= -78.14
     Mean:     Objective 1=-123.50  Objective 2=-706.93

Gen  230/1000 [███████████░░░░░░░░░░░░░░░░░░░░░░░░░░░░░░░░░░░░░░░]  23.0%
     Best:     Objective 1= -31.82  Objective 2= -88.38
     Mean:     Objective 1=-134.71  Objective 2=-657.06

Generation 230:	[-26.41403729 -83.38195387]
Mean fitness:	-434.86 +- 710.00
Mean fitness per obj: ['-117.26 +-91.41', '-752.46 +-893.37']
Gen  231/1000 [███████████░░░░░░░░░░░░░░░░░░░░░░░░░░░░░░░░░░░░░░░]  23.1%
     Best:     Objective 1= -26.92  Objective 2= -78.06
     Mean:     Objective 1=-117.26  Objective 2=-752.46

Gen  232/1000 [███████████░░░░░░░░░░░░░░░░░░░░░░░░░░░░░░░░░░░░░░░]  23.2%
     Best:     Objective 1= -23.51  Objective 2= -71.66
     Mean:     Objective 1=-129.02  Objective 2=-657.66

Gen  233/1000 [███████████░░░░░░░░░░░░░░░░░░░░░░░░░░░░░░░░░░░░░░░]  23.3%
     Best:     Objective 1= -26.53  Objective 2= -80.05
     Mean:     Objective 1=-128.66  Objective 2=-690.16

Gen  234/1000 [███████████░░░░░░░░░░░░░░░░░░░░░░░░░░░░░░░░░░░░░░░]  23.4%
     Best:     Objective 1= -22.73  Objective 2= -83.39
     Mean:     Objective 1=-129.89  Objective 2=-642.30

Gen  235/1000 [███████████░░░░░░░░░░░░░░░░░░░░░░░░░░░░░░░░░░░░░░░]  23.5%
     Best:     Objective 1= -20.82  Objective 2= -77.33
     Mean:     Objective 1=-132.81  Objective 2=-669.28

Generation 235:	[-26.41403729 -83.38195387]
Mean fitness:	-433.50 +- 707.47
Mean fitness per obj: ['-129.92 +-124.97', '-737.09 +-895.03']
Gen  236/1000 [███████████░░░░░░░░░░░░░░░░░░░░░░░░░░░░░░░░░░░░░░░]  23.6%
     Best:     Objective 1= -23.94  Objective 2= -74.00
     Mean:     Objective 1=-129.92  Objective 2=-737.09

Gen  237/1000 [███████████░░░░░░░░░░░░░░░░░░░░░░░░░░░░░░░░░░░░░░░]  23.7%
     Best:     Objective 1= -26.84  Objective 2= -81.72
     Mean:     Objective 1=-118.89  Objective 2=-714.39

Gen  238/1000 [███████████░░░░░░░░░░░░░░░░░░░░░░░░░░░░░░░░░░░░░░░]  23.8%
     Best:     Objective 1= -29.97  Objective 2= -79.38
     Mean:     Objective 1=-136.02  Objective 2=-670.11

Gen  239/1000 [███████████░░░░░░░░░░░░░░░░░░░░░░░░░░░░░░░░░░░░░░░]  23.9%
     Best:     Objective 1= -25.84  Objective 2= -83.37
     Mean:     Objective 1=-120.00  Objective 2=-730.83

Gen  240/1000 [████████████░░░░░░░░░░░░░░░░░░░░░░░░░░░░░░░░░░░░░░]  24.0%
     Best:     Objective 1= -27.28  Objective 2= -75.99
     Mean:     Objective 1=-131.47  Objective 2=-668.29

Generation 240:	[-26.41403729 -83.38195387]
Mean fitness:	-444.70 +- 730.73
Mean fitness per obj: ['-128.64 +-146.11', '-760.75 +-920.21']
Gen  241/1000 [████████████░░░░░░░░░░░░░░░░░░░░░░░░░░░░░░░░░░░░░░]  24.1%
     Best:     Objective 1= -24.16  Objective 2= -83.91
     Mean:     Objective 1=-128.64  Objective 2=-760.75

Gen  242/1000 [████████████░░░░░░░░░░░░░░░░░░░░░░░░░░░░░░░░░░░░░░]  24.2%
     Best:     Objective 1= -26.99  Objective 2= -75.47
     Mean:     Objective 1=-138.59  Objective 2=-697.98

Gen  243/1000 [████████████░░░░░░░░░░░░░░░░░░░░░░░░░░░░░░░░░░░░░░]  24.3%
     Best:     Objective 1= -28.99  Objective 2= -90.84
     Mean:     Objective 1=-122.80  Objective 2=-617.25

Gen  244/1000 [████████████░░░░░░░░░░░░░░░░░░░░░░░░░░░░░░░░░░░░░░]  24.4%
     Best:     Objective 1= -24.18  Objective 2= -68.85
     Mean:     Objective 1=-130.94  Objective 2=-690.49

Gen  245/1000 [████████████░░░░░░░░░░░░░░░░░░░░░░░░░░░░░░░░░░░░░░]  24.5%
     Best:     Objective 1= -28.52  Objective 2= -79.37
     Mean:     Objective 1=-116.99  Objective 2=-656.01

Generation 245:	[-26.41403729 -83.38195387]
Mean fitness:	-414.31 +- 675.99
Mean fitness per obj: ['-118.08 +-85.19', '-710.54 +-855.08']
Gen  246/1000 [████████████░░░░░░░░░░░░░░░░░░░░░░░░░░░░░░░░░░░░░░]  24.6%
     Best:     Objective 1= -22.82  Objective 2= -87.99
     Mean:     Objective 1=-118.08  Objective 2=-710.54

Gen  247/1000 [████████████░░░░░░░░░░░░░░░░░░░░░░░░░░░░░░░░░░░░░░]  24.7%
     Best:     Objective 1= -28.40  Objective 2= -81.54
     Mean:     Objective 1=-117.49  Objective 2=-692.28

Gen  248/1000 [████████████░░░░░░░░░░░░░░░░░░░░░░░░░░░░░░░░░░░░░░]  24.8%
     Best:     Objective 1= -32.47  Objective 2= -79.23
     Mean:     Objective 1=-123.19  Objective 2=-716.14

Gen  249/1000 [████████████░░░░░░░░░░░░░░░░░░░░░░░░░░░░░░░░░░░░░░]  24.9%
     Best:     Objective 1= -23.76  Objective 2= -78.65
     Mean:     Objective 1=-123.74  Objective 2=-772.96

Gen  250/1000 [████████████░░░░░░░░░░░░░░░░░░░░░░░░░░░░░░░░░░░░░░]  25.0%
     Best:     Objective 1= -25.37  Objective 2= -75.93
     Mean:     Objective 1=-116.51  Objective 2=-707.12

Generation 250:	[-26.41403729 -83.38195387]
Mean fitness:	-414.44 +- 686.53
Mean fitness per obj: ['-125.21 +-136.00', '-703.66 +-869.97']
Gen  251/1000 [████████████░░░░░░░░░░░░░░░░░░░░░░░░░░░░░░░░░░░░░░]  25.1%
     Best:     Objective 1= -24.55  Objective 2= -84.38
     Mean:     Objective 1=-125.21  Objective 2=-703.66

Gen  252/1000 [████████████░░░░░░░░░░░░░░░░░░░░░░░░░░░░░░░░░░░░░░]  25.2%
     Best:     Objective 1= -22.75  Objective 2= -66.81
     Mean:     Objective 1=-121.43  Objective 2=-807.00

Gen  253/1000 [████████████░░░░░░░░░░░░░░░░░░░░░░░░░░░░░░░░░░░░░░]  25.3%
     Best:     Objective 1= -30.31  Objective 2= -89.72
     Mean:     Objective 1=-125.17  Objective 2=-673.61

Gen  254/1000 [████████████░░░░░░░░░░░░░░░░░░░░░░░░░░░░░░░░░░░░░░]  25.4%
     Best:     Objective 1= -27.71  Objective 2= -76.35
     Mean:     Objective 1=-124.92  Objective 2=-719.00

Gen  255/1000 [████████████░░░░░░░░░░░░░░░░░░░░░░░░░░░░░░░░░░░░░░]  25.5%
     Best:     Objective 1= -30.29  Objective 2= -78.50
     Mean:     Objective 1=-128.64  Objective 2=-681.86

Generation 255:	[-26.41403729 -83.38195387]
Mean fitness:	-434.76 +- 753.61
Mean fitness per obj: ['-128.50 +-114.48', '-741.01 +-967.05']
Gen  256/1000 [████████████░░░░░░░░░░░░░░░░░░░░░░░░░░░░░░░░░░░░░░]  25.6%
     Best:     Objective 1= -23.86  Objective 2= -69.94
     Mean:     Objective 1=-128.50  Objective 2=-741.01

Gen  257/1000 [████████████░░░░░░░░░░░░░░░░░░░░░░░░░░░░░░░░░░░░░░]  25.7%
     Best:     Objective 1= -24.54  Objective 2= -78.47
     Mean:     Objective 1=-126.22  Objective 2=-747.34

Gen  258/1000 [████████████░░░░░░░░░░░░░░░░░░░░░░░░░░░░░░░░░░░░░░]  25.8%
     Best:     Objective 1= -30.84  Objective 2= -73.38
     Mean:     Objective 1=-114.52  Objective 2=-666.04

Gen  259/1000 [████████████░░░░░░░░░░░░░░░░░░░░░░░░░░░░░░░░░░░░░░]  25.9%
     Best:     Objective 1= -30.44  Objective 2= -81.18
     Mean:     Objective 1=-137.04  Objective 2=-648.68

Gen  260/1000 [█████████████░░░░░░░░░░░░░░░░░░░░░░░░░░░░░░░░░░░░░]  26.0%
     Best:     Objective 1= -27.67  Objective 2= -72.40
     Mean:     Objective 1=-139.37  Objective 2=-706.11

Generation 260:	[-26.41403729 -83.38195387]
Mean fitness:	-397.01 +- 665.77
Mean fitness per obj: ['-126.44 +-143.13', '-667.59 +-848.29']
Gen  261/1000 [█████████████░░░░░░░░░░░░░░░░░░░░░░░░░░░░░░░░░░░░░]  26.1%
     Best:     Objective 1= -27.03  Objective 2= -77.70
     Mean:     Objective 1=-126.44  Objective 2=-667.59

Gen  262/1000 [█████████████░░░░░░░░░░░░░░░░░░░░░░░░░░░░░░░░░░░░░]  26.2%
     Best:     Objective 1= -28.13  Objective 2= -86.14
     Mean:     Objective 1=-128.58  Objective 2=-741.05

Gen  263/1000 [█████████████░░░░░░░░░░░░░░░░░░░░░░░░░░░░░░░░░░░░░]  26.3%
     Best:     Objective 1= -26.43  Objective 2= -85.77
     Mean:     Objective 1=-121.24  Objective 2=-712.42

Gen  264/1000 [█████████████░░░░░░░░░░░░░░░░░░░░░░░░░░░░░░░░░░░░░]  26.4%
     Best:     Objective 1= -27.42  Objective 2= -75.83
     Mean:     Objective 1=-120.52  Objective 2=-646.40

Gen  265/1000 [█████████████░░░░░░░░░░░░░░░░░░░░░░░░░░░░░░░░░░░░░]  26.5%
     Best:     Objective 1= -32.26  Objective 2= -86.78
     Mean:     Objective 1=-123.86  Objective 2=-691.87

Generation 265:	[-26.41403729 -83.38195387]
Mean fitness:	-416.42 +- 661.03
Mean fitness per obj: ['-122.92 +-140.51', '-709.91 +-825.77']
Gen  266/1000 [█████████████░░░░░░░░░░░░░░░░░░░░░░░░░░░░░░░░░░░░░]  26.6%
     Best:     Objective 1= -28.57  Objective 2= -81.01
     Mean:     Objective 1=-122.92  Objective 2=-709.91

Gen  267/1000 [█████████████░░░░░░░░░░░░░░░░░░░░░░░░░░░░░░░░░░░░░]  26.7%
     Best:     Objective 1= -29.24  Objective 2= -88.44
     Mean:     Objective 1=-131.92  Objective 2=-675.72

Gen  268/1000 [█████████████░░░░░░░░░░░░░░░░░░░░░░░░░░░░░░░░░░░░░]  26.8%
     Best:     Objective 1= -26.38  Objective 2= -82.58
     Mean:     Objective 1=-130.40  Objective 2=-679.60

Gen  269/1000 [█████████████░░░░░░░░░░░░░░░░░░░░░░░░░░░░░░░░░░░░░]  26.9%
     Best:     Objective 1= -17.80  Objective 2= -73.13
     Mean:     Objective 1=-116.68  Objective 2=-686.12

Gen  270/1000 [█████████████░░░░░░░░░░░░░░░░░░░░░░░░░░░░░░░░░░░░░]  27.0%
     Best:     Objective 1= -25.21  Objective 2= -77.53
     Mean:     Objective 1=-124.25  Objective 2=-666.76

Generation 270:	[-26.41403729 -83.38195387]
Mean fitness:	-387.45 +- 623.70
Mean fitness per obj: ['-138.09 +-168.97', '-636.81 +-790.63']
Gen  271/1000 [█████████████░░░░░░░░░░░░░░░░░░░░░░░░░░░░░░░░░░░░░]  27.1%
     Best:     Objective 1= -29.17  Objective 2= -71.90
     Mean:     Objective 1=-138.09  Objective 2=-636.81

Gen  272/1000 [█████████████░░░░░░░░░░░░░░░░░░░░░░░░░░░░░░░░░░░░░]  27.2%
     Best:     Objective 1= -25.61  Objective 2= -87.29
     Mean:     Objective 1=-129.15  Objective 2=-697.13

Gen  273/1000 [█████████████░░░░░░░░░░░░░░░░░░░░░░░░░░░░░░░░░░░░░]  27.3%
     Best:     Objective 1= -22.34  Objective 2= -79.27
     Mean:     Objective 1=-120.20  Objective 2=-675.19

Gen  274/1000 [█████████████░░░░░░░░░░░░░░░░░░░░░░░░░░░░░░░░░░░░░]  27.4%
     Best:     Objective 1= -24.70  Objective 2= -77.31
     Mean:     Objective 1=-122.38  Objective 2=-667.79

Gen  275/1000 [█████████████░░░░░░░░░░░░░░░░░░░░░░░░░░░░░░░░░░░░░]  27.5%
     Best:     Objective 1= -26.68  Objective 2= -76.01
     Mean:     Objective 1=-125.21  Objective 2=-697.38

Generation 275:	[-26.41403729 -83.38195387]
Mean fitness:	-370.74 +- 594.75
Mean fitness per obj: ['-120.31 +-104.85', '-621.16 +-755.67']
Gen  276/1000 [█████████████░░░░░░░░░░░░░░░░░░░░░░░░░░░░░░░░░░░░░]  27.6%
     Best:     Objective 1= -23.85  Objective 2= -76.72
     Mean:     Objective 1=-120.31  Objective 2=-621.16

Gen  277/1000 [█████████████░░░░░░░░░░░░░░░░░░░░░░░░░░░░░░░░░░░░░]  27.7%
     Best:     Objective 1= -26.38  Objective 2= -78.75
     Mean:     Objective 1=-124.94  Objective 2=-741.60

Gen  278/1000 [█████████████░░░░░░░░░░░░░░░░░░░░░░░░░░░░░░░░░░░░░]  27.8%
     Best:     Objective 1= -27.50  Objective 2= -92.42
     Mean:     Objective 1=-131.62  Objective 2=-776.75

Gen  279/1000 [█████████████░░░░░░░░░░░░░░░░░░░░░░░░░░░░░░░░░░░░░]  27.9%
     Best:     Objective 1= -31.83  Objective 2= -82.44
     Mean:     Objective 1=-117.00  Objective 2=-825.59

Gen  280/1000 [██████████████░░░░░░░░░░░░░░░░░░░░░░░░░░░░░░░░░░░░]  28.0%
     Best:     Objective 1= -24.46  Objective 2= -74.17
     Mean:     Objective 1=-131.19  Objective 2=-765.60

Generation 280:	[-26.41403729 -83.38195387]
Mean fitness:	-407.72 +- 662.84
Mean fitness per obj: ['-125.90 +-112.78', '-689.55 +-840.93']
Gen  281/1000 [██████████████░░░░░░░░░░░░░░░░░░░░░░░░░░░░░░░░░░░░]  28.1%
     Best:     Objective 1= -29.04  Objective 2= -88.19
     Mean:     Objective 1=-125.90  Objective 2=-689.55

Gen  282/1000 [██████████████░░░░░░░░░░░░░░░░░░░░░░░░░░░░░░░░░░░░]  28.2%
     Best:     Objective 1= -28.70  Objective 2= -72.96
     Mean:     Objective 1=-134.08  Objective 2=-706.54

Gen  283/1000 [██████████████░░░░░░░░░░░░░░░░░░░░░░░░░░░░░░░░░░░░]  28.3%
     Best:     Objective 1= -25.98  Objective 2= -79.11
     Mean:     Objective 1=-129.54  Objective 2=-634.36

Gen  284/1000 [██████████████░░░░░░░░░░░░░░░░░░░░░░░░░░░░░░░░░░░░]  28.4%
     Best:     Objective 1= -31.28  Objective 2= -68.21
     Mean:     Objective 1=-115.48  Objective 2=-728.09

Gen  285/1000 [██████████████░░░░░░░░░░░░░░░░░░░░░░░░░░░░░░░░░░░░]  28.5%
     Best:     Objective 1= -30.86  Objective 2= -79.96
     Mean:     Objective 1=-120.23  Objective 2=-775.00

Generation 285:	[-26.41403729 -83.38195387]
Mean fitness:	-380.93 +- 610.82
Mean fitness per obj: ['-133.22 +-145.45', '-628.64 +-776.10']
Gen  286/1000 [██████████████░░░░░░░░░░░░░░░░░░░░░░░░░░░░░░░░░░░░]  28.6%
     Best:     Objective 1= -25.84  Objective 2= -85.64
     Mean:     Objective 1=-133.22  Objective 2=-628.64

Gen  287/1000 [██████████████░░░░░░░░░░░░░░░░░░░░░░░░░░░░░░░░░░░░]  28.7%
     Best:     Objective 1= -26.62  Objective 2= -70.81
     Mean:     Objective 1=-120.22  Objective 2=-747.91

Gen  288/1000 [██████████████░░░░░░░░░░░░░░░░░░░░░░░░░░░░░░░░░░░░]  28.8%
     Best:     Objective 1= -23.93  Objective 2= -90.76
     Mean:     Objective 1=-129.13  Objective 2=-771.01

Gen  289/1000 [██████████████░░░░░░░░░░░░░░░░░░░░░░░░░░░░░░░░░░░░]  28.9%
     Best:     Objective 1= -28.66  Objective 2= -86.53
     Mean:     Objective 1=-123.00  Objective 2=-667.19

Gen  290/1000 [██████████████░░░░░░░░░░░░░░░░░░░░░░░░░░░░░░░░░░░░]  29.0%
     Best:     Objective 1= -26.12  Objective 2= -83.95
     Mean:     Objective 1=-128.05  Objective 2=-653.13

Generation 290:	[-26.41403729 -83.38195387]
Mean fitness:	-407.62 +- 655.27
Mean fitness per obj: ['-115.85 +-91.86', '-699.40 +-824.66']
Gen  291/1000 [██████████████░░░░░░░░░░░░░░░░░░░░░░░░░░░░░░░░░░░░]  29.1%
     Best:     Objective 1= -27.74  Objective 2= -84.77
     Mean:     Objective 1=-115.85  Objective 2=-699.40

Gen  292/1000 [██████████████░░░░░░░░░░░░░░░░░░░░░░░░░░░░░░░░░░░░]  29.2%
     Best:     Objective 1= -32.03  Objective 2= -86.24
     Mean:     Objective 1=-127.19  Objective 2=-656.96

Gen  293/1000 [██████████████░░░░░░░░░░░░░░░░░░░░░░░░░░░░░░░░░░░░]  29.3%
     Best:     Objective 1= -29.05  Objective 2= -85.28
     Mean:     Objective 1=-121.52  Objective 2=-656.93

Gen  294/1000 [██████████████░░░░░░░░░░░░░░░░░░░░░░░░░░░░░░░░░░░░]  29.4%
     Best:     Objective 1= -30.75  Objective 2= -82.71
     Mean:     Objective 1=-133.99  Objective 2=-727.37

Gen  295/1000 [██████████████░░░░░░░░░░░░░░░░░░░░░░░░░░░░░░░░░░░░]  29.5%
     Best:     Objective 1= -30.86  Objective 2= -71.60
     Mean:     Objective 1=-133.29  Objective 2=-689.91

Generation 295:	[-26.41403729 -83.38195387]
Mean fitness:	-414.26 +- 685.74
Mean fitness per obj: ['-119.85 +-92.27', '-708.67 +-870.97']
Gen  296/1000 [██████████████░░░░░░░░░░░░░░░░░░░░░░░░░░░░░░░░░░░░]  29.6%
     Best:     Objective 1= -22.76  Objective 2= -72.14
     Mean:     Objective 1=-119.85  Objective 2=-708.67

Gen  297/1000 [██████████████░░░░░░░░░░░░░░░░░░░░░░░░░░░░░░░░░░░░]  29.7%
     Best:     Objective 1= -23.88  Objective 2= -81.55
     Mean:     Objective 1=-114.58  Objective 2=-661.80

Gen  298/1000 [██████████████░░░░░░░░░░░░░░░░░░░░░░░░░░░░░░░░░░░░]  29.8%
     Best:     Objective 1= -33.44  Objective 2= -85.63
     Mean:     Objective 1=-130.73  Objective 2=-773.32

Gen  299/1000 [██████████████░░░░░░░░░░░░░░░░░░░░░░░░░░░░░░░░░░░░]  29.9%
     Best:     Objective 1= -34.15  Objective 2= -91.21
     Mean:     Objective 1=-120.68  Objective 2=-697.43

Gen  300/1000 [███████████████░░░░░░░░░░░░░░░░░░░░░░░░░░░░░░░░░░░]  30.0%
     Best:     Objective 1= -22.78  Objective 2= -83.46
     Mean:     Objective 1=-121.72  Objective 2=-659.05

Generation 300:	[-26.41403729 -83.38195387]
Mean fitness:	-404.51 +- 648.53
Mean fitness per obj: ['-128.02 +-124.37', '-681.00 +-820.26']
Gen  301/1000 [███████████████░░░░░░░░░░░░░░░░░░░░░░░░░░░░░░░░░░░]  30.1%
     Best:     Objective 1= -26.28  Objective 2= -76.42
     Mean:     Objective 1=-128.02  Objective 2=-681.00

Gen  302/1000 [███████████████░░░░░░░░░░░░░░░░░░░░░░░░░░░░░░░░░░░]  30.2%
     Best:     Objective 1= -29.29  Objective 2= -82.35
     Mean:     Objective 1=-123.09  Objective 2=-684.55

Gen  303/1000 [███████████████░░░░░░░░░░░░░░░░░░░░░░░░░░░░░░░░░░░]  30.3%
     Best:     Objective 1= -32.61  Objective 2= -93.42
     Mean:     Objective 1=-127.46  Objective 2=-660.99

Gen  304/1000 [███████████████░░░░░░░░░░░░░░░░░░░░░░░░░░░░░░░░░░░]  30.4%
     Best:     Objective 1= -30.92  Objective 2= -75.88
     Mean:     Objective 1=-124.77  Objective 2=-650.78

Gen  305/1000 [███████████████░░░░░░░░░░░░░░░░░░░░░░░░░░░░░░░░░░░]  30.5%
     Best:     Objective 1= -30.63  Objective 2= -80.65
     Mean:     Objective 1=-128.49  Objective 2=-701.61

Generation 305:	[-26.41403729 -83.38195387]
Mean fitness:	-380.37 +- 583.10
Mean fitness per obj: ['-129.86 +-126.59', '-630.88 +-733.82']
Gen  306/1000 [███████████████░░░░░░░░░░░░░░░░░░░░░░░░░░░░░░░░░░░]  30.6%
     Best:     Objective 1= -26.15  Objective 2= -65.68
     Mean:     Objective 1=-129.86  Objective 2=-630.88

Gen  307/1000 [███████████████░░░░░░░░░░░░░░░░░░░░░░░░░░░░░░░░░░░]  30.7%
     Best:     Objective 1= -24.21  Objective 2= -79.12
     Mean:     Objective 1=-122.73  Objective 2=-647.92

Gen  308/1000 [███████████████░░░░░░░░░░░░░░░░░░░░░░░░░░░░░░░░░░░]  30.8%
     Best:     Objective 1= -30.52  Objective 2= -86.81
     Mean:     Objective 1=-125.15  Objective 2=-728.91

Gen  309/1000 [███████████████░░░░░░░░░░░░░░░░░░░░░░░░░░░░░░░░░░░]  30.9%
     Best:     Objective 1= -28.41  Objective 2= -75.10
     Mean:     Objective 1=-124.88  Objective 2=-677.47

Gen  310/1000 [███████████████░░░░░░░░░░░░░░░░░░░░░░░░░░░░░░░░░░░]  31.0%
     Best:     Objective 1= -26.22  Objective 2= -81.67
     Mean:     Objective 1=-123.89  Objective 2=-741.26

Generation 310:	[-26.41403729 -83.38195387]
Mean fitness:	-388.37 +- 639.51
Mean fitness per obj: ['-131.63 +-132.95', '-645.12 +-817.58']
Gen  311/1000 [███████████████░░░░░░░░░░░░░░░░░░░░░░░░░░░░░░░░░░░]  31.1%
     Best:     Objective 1= -24.80  Objective 2= -75.43
     Mean:     Objective 1=-131.63  Objective 2=-645.12

Gen  312/1000 [███████████████░░░░░░░░░░░░░░░░░░░░░░░░░░░░░░░░░░░]  31.2%
     Best:     Objective 1= -28.97  Objective 2= -79.41
     Mean:     Objective 1=-121.86  Objective 2=-656.72

Gen  313/1000 [███████████████░░░░░░░░░░░░░░░░░░░░░░░░░░░░░░░░░░░]  31.3%
     Best:     Objective 1= -24.28  Objective 2= -84.46
     Mean:     Objective 1=-119.98  Objective 2=-685.71

Gen  314/1000 [███████████████░░░░░░░░░░░░░░░░░░░░░░░░░░░░░░░░░░░]  31.4%
     Best:     Objective 1= -25.90  Objective 2= -79.35
     Mean:     Objective 1=-121.70  Objective 2=-681.99

Gen  315/1000 [███████████████░░░░░░░░░░░░░░░░░░░░░░░░░░░░░░░░░░░]  31.5%
     Best:     Objective 1= -23.21  Objective 2= -84.21
     Mean:     Objective 1=-129.63  Objective 2=-677.95

Generation 315:	[-26.41403729 -83.38195387]
Mean fitness:	-426.75 +- 704.35
Mean fitness per obj: ['-119.85 +-108.87', '-733.66 +-889.94']
Gen  316/1000 [███████████████░░░░░░░░░░░░░░░░░░░░░░░░░░░░░░░░░░░]  31.6%
     Best:     Objective 1= -26.52  Objective 2= -80.59
     Mean:     Objective 1=-119.85  Objective 2=-733.66

Gen  317/1000 [███████████████░░░░░░░░░░░░░░░░░░░░░░░░░░░░░░░░░░░]  31.7%
     Best:     Objective 1= -29.73  Objective 2= -89.84
     Mean:     Objective 1=-122.10  Objective 2=-712.58

Gen  318/1000 [███████████████░░░░░░░░░░░░░░░░░░░░░░░░░░░░░░░░░░░]  31.8%
     Best:     Objective 1= -30.37  Objective 2= -87.70
     Mean:     Objective 1=-123.52  Objective 2=-658.93

Gen  319/1000 [███████████████░░░░░░░░░░░░░░░░░░░░░░░░░░░░░░░░░░░]  31.9%
     Best:     Objective 1= -30.18  Objective 2= -81.26
     Mean:     Objective 1=-122.93  Objective 2=-641.20

Gen  320/1000 [████████████████░░░░░░░░░░░░░░░░░░░░░░░░░░░░░░░░░░]  32.0%
     Best:     Objective 1= -26.29  Objective 2= -81.55
     Mean:     Objective 1=-123.44  Objective 2=-685.96

Generation 320:	[-26.41403729 -83.38195387]
Mean fitness:	-406.32 +- 650.21
Mean fitness per obj: ['-122.77 +-123.93', '-689.87 +-818.16']
Gen  321/1000 [████████████████░░░░░░░░░░░░░░░░░░░░░░░░░░░░░░░░░░]  32.1%
     Best:     Objective 1= -20.55  Objective 2= -78.83
     Mean:     Objective 1=-122.77  Objective 2=-689.87

Gen  322/1000 [████████████████░░░░░░░░░░░░░░░░░░░░░░░░░░░░░░░░░░]  32.2%
     Best:     Objective 1= -25.89  Objective 2= -74.24
     Mean:     Objective 1=-124.62  Objective 2=-657.56

Gen  323/1000 [████████████████░░░░░░░░░░░░░░░░░░░░░░░░░░░░░░░░░░]  32.3%
     Best:     Objective 1= -28.82  Objective 2= -79.46
     Mean:     Objective 1=-133.28  Objective 2=-788.84

Gen  324/1000 [████████████████░░░░░░░░░░░░░░░░░░░░░░░░░░░░░░░░░░]  32.4%
     Best:     Objective 1= -25.90  Objective 2= -71.53
     Mean:     Objective 1=-124.78  Objective 2=-674.89

Gen  325/1000 [████████████████░░░░░░░░░░░░░░░░░░░░░░░░░░░░░░░░░░]  32.5%
     Best:     Objective 1= -29.14  Objective 2= -83.93
     Mean:     Objective 1=-114.57  Objective 2=-715.37

Generation 325:	[-26.41403729 -83.38195387]
Mean fitness:	-388.19 +- 618.73
Mean fitness per obj: ['-114.35 +-91.36', '-662.02 +-779.32']
Gen  326/1000 [████████████████░░░░░░░░░░░░░░░░░░░░░░░░░░░░░░░░░░]  32.6%
     Best:     Objective 1= -28.94  Objective 2= -68.12
     Mean:     Objective 1=-114.35  Objective 2=-662.02

Gen  327/1000 [████████████████░░░░░░░░░░░░░░░░░░░░░░░░░░░░░░░░░░]  32.7%
     Best:     Objective 1= -29.25  Objective 2= -83.75
     Mean:     Objective 1=-129.24  Objective 2=-680.84

Gen  328/1000 [████████████████░░░░░░░░░░░░░░░░░░░░░░░░░░░░░░░░░░]  32.8%
     Best:     Objective 1= -29.35  Objective 2= -81.05
     Mean:     Objective 1=-131.00  Objective 2=-578.69

Gen  329/1000 [████████████████░░░░░░░░░░░░░░░░░░░░░░░░░░░░░░░░░░]  32.9%
     Best:     Objective 1= -20.40  Objective 2= -82.43
     Mean:     Objective 1=-139.45  Objective 2=-604.58

Gen  330/1000 [████████████████░░░░░░░░░░░░░░░░░░░░░░░░░░░░░░░░░░]  33.0%
     Best:     Objective 1= -24.19  Objective 2= -76.41
     Mean:     Objective 1=-130.20  Objective 2=-687.93

Generation 330:	[-26.41403729 -83.38195387]
Mean fitness:	-414.57 +- 697.11
Mean fitness per obj: ['-120.43 +-116.52', '-708.72 +-886.17']
Gen  331/1000 [████████████████░░░░░░░░░░░░░░░░░░░░░░░░░░░░░░░░░░]  33.1%
     Best:     Objective 1= -27.60  Objective 2= -90.56
     Mean:     Objective 1=-120.43  Objective 2=-708.72

Gen  332/1000 [████████████████░░░░░░░░░░░░░░░░░░░░░░░░░░░░░░░░░░]  33.2%
     Best:     Objective 1= -30.76  Objective 2= -77.37
     Mean:     Objective 1=-142.72  Objective 2=-639.68

Gen  333/1000 [████████████████░░░░░░░░░░░░░░░░░░░░░░░░░░░░░░░░░░]  33.3%
     Best:     Objective 1= -24.84  Objective 2= -79.34
     Mean:     Objective 1=-137.84  Objective 2=-730.93

Gen  334/1000 [████████████████░░░░░░░░░░░░░░░░░░░░░░░░░░░░░░░░░░]  33.4%
     Best:     Objective 1= -24.90  Objective 2= -82.14
     Mean:     Objective 1=-134.70  Objective 2=-739.70

Gen  335/1000 [████████████████░░░░░░░░░░░░░░░░░░░░░░░░░░░░░░░░░░]  33.5%
     Best:     Objective 1= -18.21  Objective 2= -74.41
     Mean:     Objective 1=-121.27  Objective 2=-643.44

Generation 335:	[-26.41403729 -83.38195387]
Mean fitness:	-394.43 +- 645.43
Mean fitness per obj: ['-121.85 +-135.10', '-667.01 +-816.27']
Gen  336/1000 [████████████████░░░░░░░░░░░░░░░░░░░░░░░░░░░░░░░░░░]  33.6%
     Best:     Objective 1= -30.09  Objective 2= -84.03
     Mean:     Objective 1=-121.85  Objective 2=-667.01

Gen  337/1000 [████████████████░░░░░░░░░░░░░░░░░░░░░░░░░░░░░░░░░░]  33.7%
     Best:     Objective 1= -31.09  Objective 2= -84.22
     Mean:     Objective 1=-123.80  Objective 2=-704.98

Gen  338/1000 [████████████████░░░░░░░░░░░░░░░░░░░░░░░░░░░░░░░░░░]  33.8%
     Best:     Objective 1= -26.94  Objective 2= -77.11
     Mean:     Objective 1=-140.88  Objective 2=-773.99

Gen  339/1000 [████████████████░░░░░░░░░░░░░░░░░░░░░░░░░░░░░░░░░░]  33.9%
     Best:     Objective 1= -31.97  Objective 2= -67.26
     Mean:     Objective 1=-126.79  Objective 2=-693.79

Gen  340/1000 [█████████████████░░░░░░░░░░░░░░░░░░░░░░░░░░░░░░░░░]  34.0%
     Best:     Objective 1= -23.02  Objective 2= -79.17
     Mean:     Objective 1=-131.30  Objective 2=-604.92

Generation 340:	[-26.41403729 -83.38195387]
Mean fitness:	-444.18 +- 734.27
Mean fitness per obj: ['-125.08 +-150.95', '-763.29 +-922.97']
Gen  341/1000 [█████████████████░░░░░░░░░░░░░░░░░░░░░░░░░░░░░░░░░]  34.1%
     Best:     Objective 1= -23.37  Objective 2= -78.20
     Mean:     Objective 1=-125.08  Objective 2=-763.29

Gen  342/1000 [█████████████████░░░░░░░░░░░░░░░░░░░░░░░░░░░░░░░░░]  34.2%
     Best:     Objective 1= -26.60  Objective 2= -76.32
     Mean:     Objective 1=-122.61  Objective 2=-686.34

Gen  343/1000 [█████████████████░░░░░░░░░░░░░░░░░░░░░░░░░░░░░░░░░]  34.3%
     Best:     Objective 1= -26.96  Objective 2= -81.55
     Mean:     Objective 1=-131.86  Objective 2=-689.75

Gen  344/1000 [█████████████████░░░░░░░░░░░░░░░░░░░░░░░░░░░░░░░░░]  34.4%
     Best:     Objective 1= -24.08  Objective 2= -83.82
     Mean:     Objective 1=-133.36  Objective 2=-779.84

Gen  345/1000 [█████████████████░░░░░░░░░░░░░░░░░░░░░░░░░░░░░░░░░]  34.5%
     Best:     Objective 1= -23.36  Objective 2= -69.29
     Mean:     Objective 1=-131.74  Objective 2=-709.71

Generation 345:	[-26.41403729 -83.38195387]
Mean fitness:	-447.28 +- 716.60
Mean fitness per obj: ['-131.96 +-132.26', '-762.61 +-900.38']
Gen  346/1000 [█████████████████░░░░░░░░░░░░░░░░░░░░░░░░░░░░░░░░░]  34.6%
     Best:     Objective 1= -29.46  Objective 2= -80.26
     Mean:     Objective 1=-131.96  Objective 2=-762.61

Gen  347/1000 [█████████████████░░░░░░░░░░░░░░░░░░░░░░░░░░░░░░░░░]  34.7%
     Best:     Objective 1= -26.23  Objective 2= -84.09
     Mean:     Objective 1=-132.49  Objective 2=-694.31

Gen  348/1000 [█████████████████░░░░░░░░░░░░░░░░░░░░░░░░░░░░░░░░░]  34.8%
     Best:     Objective 1= -26.00  Objective 2= -71.79
     Mean:     Objective 1=-134.66  Objective 2=-704.85

Gen  349/1000 [█████████████████░░░░░░░░░░░░░░░░░░░░░░░░░░░░░░░░░]  34.9%
     Best:     Objective 1= -30.87  Objective 2= -81.13
     Mean:     Objective 1=-133.38  Objective 2=-649.76

Gen  350/1000 [█████████████████░░░░░░░░░░░░░░░░░░░░░░░░░░░░░░░░░]  35.0%
     Best:     Objective 1= -26.92  Objective 2= -80.55
     Mean:     Objective 1=-126.00  Objective 2=-717.90

Generation 350:	[-26.41403729 -83.38195387]
Mean fitness:	-386.90 +- 619.40
Mean fitness per obj: ['-137.49 +-181.48', '-636.31 +-781.00']
Gen  351/1000 [█████████████████░░░░░░░░░░░░░░░░░░░░░░░░░░░░░░░░░]  35.1%
     Best:     Objective 1= -24.32  Objective 2= -70.80
     Mean:     Objective 1=-137.49  Objective 2=-636.31

Gen  352/1000 [█████████████████░░░░░░░░░░░░░░░░░░░░░░░░░░░░░░░░░]  35.2%
     Best:     Objective 1= -23.41  Objective 2= -82.72
     Mean:     Objective 1=-119.52  Objective 2=-664.31

Gen  353/1000 [█████████████████░░░░░░░░░░░░░░░░░░░░░░░░░░░░░░░░░]  35.3%
     Best:     Objective 1= -33.11  Objective 2= -74.17
     Mean:     Objective 1=-121.81  Objective 2=-712.40

Gen  354/1000 [█████████████████░░░░░░░░░░░░░░░░░░░░░░░░░░░░░░░░░]  35.4%
     Best:     Objective 1= -26.73  Objective 2= -81.57
     Mean:     Objective 1=-128.86  Objective 2=-755.32

Gen  355/1000 [█████████████████░░░░░░░░░░░░░░░░░░░░░░░░░░░░░░░░░]  35.5%
     Best:     Objective 1= -25.98  Objective 2= -84.43
     Mean:     Objective 1=-128.21  Objective 2=-657.08

Generation 355:	[-26.41403729 -83.38195387]
Mean fitness:	-410.19 +- 686.04
Mean fitness per obj: ['-115.40 +-95.19', '-704.98 +-870.88']
Gen  356/1000 [█████████████████░░░░░░░░░░░░░░░░░░░░░░░░░░░░░░░░░]  35.6%
     Best:     Objective 1= -19.45  Objective 2= -89.56
     Mean:     Objective 1=-115.40  Objective 2=-704.98

Gen  357/1000 [█████████████████░░░░░░░░░░░░░░░░░░░░░░░░░░░░░░░░░]  35.7%
     Best:     Objective 1= -26.24  Objective 2= -82.29
     Mean:     Objective 1=-139.44  Objective 2=-722.90

Gen  358/1000 [█████████████████░░░░░░░░░░░░░░░░░░░░░░░░░░░░░░░░░]  35.8%
     Best:     Objective 1= -26.31  Objective 2= -78.17
     Mean:     Objective 1=-120.83  Objective 2=-714.13

Gen  359/1000 [█████████████████░░░░░░░░░░░░░░░░░░░░░░░░░░░░░░░░░]  35.9%
     Best:     Objective 1= -26.85  Objective 2= -69.70
     Mean:     Objective 1=-137.20  Objective 2=-630.25

Gen  360/1000 [██████████████████░░░░░░░░░░░░░░░░░░░░░░░░░░░░░░░░]  36.0%
     Best:     Objective 1= -23.53  Objective 2= -76.62
     Mean:     Objective 1=-128.30  Objective 2=-698.38

Generation 360:	[-26.41403729 -83.38195387]
Mean fitness:	-434.93 +- 723.96
Mean fitness per obj: ['-126.21 +-113.70', '-743.66 +-919.07']
Gen  361/1000 [██████████████████░░░░░░░░░░░░░░░░░░░░░░░░░░░░░░░░]  36.1%
     Best:     Objective 1= -27.66  Objective 2= -78.19
     Mean:     Objective 1=-126.21  Objective 2=-743.66

Gen  362/1000 [██████████████████░░░░░░░░░░░░░░░░░░░░░░░░░░░░░░░░]  36.2%
     Best:     Objective 1= -28.17  Objective 2= -80.10
     Mean:     Objective 1=-132.43  Objective 2=-775.50

Gen  363/1000 [██████████████████░░░░░░░░░░░░░░░░░░░░░░░░░░░░░░░░]  36.3%
     Best:     Objective 1= -24.34  Objective 2= -82.25
     Mean:     Objective 1=-115.21  Objective 2=-733.36

Gen  364/1000 [██████████████████░░░░░░░░░░░░░░░░░░░░░░░░░░░░░░░░]  36.4%
     Best:     Objective 1= -26.94  Objective 2= -89.06
     Mean:     Objective 1=-121.81  Objective 2=-759.74

Gen  365/1000 [██████████████████░░░░░░░░░░░░░░░░░░░░░░░░░░░░░░░░]  36.5%
     Best:     Objective 1= -30.67  Objective 2= -89.89
     Mean:     Objective 1=-128.61  Objective 2=-660.18

Generation 365:	[-26.41403729 -83.38195387]
Mean fitness:	-414.06 +- 668.48
Mean fitness per obj: ['-122.04 +-125.12', '-706.08 +-841.14']
Gen  366/1000 [██████████████████░░░░░░░░░░░░░░░░░░░░░░░░░░░░░░░░]  36.6%
     Best:     Objective 1= -33.00  Objective 2= -80.82
     Mean:     Objective 1=-122.04  Objective 2=-706.08

Gen  367/1000 [██████████████████░░░░░░░░░░░░░░░░░░░░░░░░░░░░░░░░]  36.7%
     Best:     Objective 1= -26.04  Objective 2= -81.69
     Mean:     Objective 1=-117.18  Objective 2=-673.66

Gen  368/1000 [██████████████████░░░░░░░░░░░░░░░░░░░░░░░░░░░░░░░░]  36.8%
     Best:     Objective 1= -27.03  Objective 2= -75.65
     Mean:     Objective 1=-111.73  Objective 2=-674.17

Gen  369/1000 [██████████████████░░░░░░░░░░░░░░░░░░░░░░░░░░░░░░░░]  36.9%
     Best:     Objective 1= -25.60  Objective 2= -80.64
     Mean:     Objective 1=-122.96  Objective 2=-668.46

Gen  370/1000 [██████████████████░░░░░░░░░░░░░░░░░░░░░░░░░░░░░░░░]  37.0%
     Best:     Objective 1= -32.31  Objective 2= -79.47
     Mean:     Objective 1=-124.49  Objective 2=-669.03

Generation 370:	[-26.41403729 -83.38195387]
Mean fitness:	-442.76 +- 729.33
Mean fitness per obj: ['-124.86 +-145.58', '-760.66 +-916.81']
Gen  371/1000 [██████████████████░░░░░░░░░░░░░░░░░░░░░░░░░░░░░░░░]  37.1%
     Best:     Objective 1= -26.25  Objective 2= -76.24
     Mean:     Objective 1=-124.86  Objective 2=-760.66

Gen  372/1000 [██████████████████░░░░░░░░░░░░░░░░░░░░░░░░░░░░░░░░]  37.2%
     Best:     Objective 1= -24.79  Objective 2= -75.83
     Mean:     Objective 1=-140.97  Objective 2=-753.18

Gen  373/1000 [██████████████████░░░░░░░░░░░░░░░░░░░░░░░░░░░░░░░░]  37.3%
     Best:     Objective 1= -25.14  Objective 2= -71.68
     Mean:     Objective 1=-138.61  Objective 2=-633.54

Gen  374/1000 [██████████████████░░░░░░░░░░░░░░░░░░░░░░░░░░░░░░░░]  37.4%
     Best:     Objective 1= -26.25  Objective 2= -80.03
     Mean:     Objective 1=-119.95  Objective 2=-674.72

Gen  375/1000 [██████████████████░░░░░░░░░░░░░░░░░░░░░░░░░░░░░░░░]  37.5%
     Best:     Objective 1= -31.00  Objective 2= -89.04
     Mean:     Objective 1=-130.21  Objective 2=-770.34

Generation 375:	[-26.41403729 -83.38195387]
Mean fitness:	-434.12 +- 733.34
Mean fitness per obj: ['-120.32 +-96.91', '-747.91 +-932.33']
Gen  376/1000 [██████████████████░░░░░░░░░░░░░░░░░░░░░░░░░░░░░░░░]  37.6%
     Best:     Objective 1= -28.69  Objective 2= -75.79
     Mean:     Objective 1=-120.32  Objective 2=-747.91

Gen  377/1000 [██████████████████░░░░░░░░░░░░░░░░░░░░░░░░░░░░░░░░]  37.7%
     Best:     Objective 1= -26.04  Objective 2= -73.21
     Mean:     Objective 1=-125.17  Objective 2=-735.28

Gen  378/1000 [██████████████████░░░░░░░░░░░░░░░░░░░░░░░░░░░░░░░░]  37.8%
     Best:     Objective 1= -25.94  Objective 2= -87.13
     Mean:     Objective 1=-135.02  Objective 2=-729.33

Gen  379/1000 [██████████████████░░░░░░░░░░░░░░░░░░░░░░░░░░░░░░░░]  37.9%
     Best:     Objective 1= -27.31  Objective 2= -75.91
     Mean:     Objective 1=-119.74  Objective 2=-692.67

Gen  380/1000 [███████████████████░░░░░░░░░░░░░░░░░░░░░░░░░░░░░░░]  38.0%
     Best:     Objective 1= -23.23  Objective 2= -71.04
     Mean:     Objective 1=-127.08  Objective 2=-668.67

Generation 380:	[-26.41403729 -83.38195387]
Mean fitness:	-397.78 +- 643.77
Mean fitness per obj: ['-127.49 +-118.25', '-668.06 +-817.79']
Gen  381/1000 [███████████████████░░░░░░░░░░░░░░░░░░░░░░░░░░░░░░░]  38.1%
     Best:     Objective 1= -26.36  Objective 2= -75.67
     Mean:     Objective 1=-127.49  Objective 2=-668.06

Gen  382/1000 [███████████████████░░░░░░░░░░░░░░░░░░░░░░░░░░░░░░░]  38.2%
     Best:     Objective 1= -27.77  Objective 2= -80.91
     Mean:     Objective 1=-121.96  Objective 2=-644.32

Gen  383/1000 [███████████████████░░░░░░░░░░░░░░░░░░░░░░░░░░░░░░░]  38.3%
     Best:     Objective 1= -25.49  Objective 2= -81.40
     Mean:     Objective 1=-116.22  Objective 2=-697.05

Gen  384/1000 [███████████████████░░░░░░░░░░░░░░░░░░░░░░░░░░░░░░░]  38.4%
     Best:     Objective 1= -23.94  Objective 2= -78.41
     Mean:     Objective 1=-135.38  Objective 2=-779.03

Gen  385/1000 [███████████████████░░░░░░░░░░░░░░░░░░░░░░░░░░░░░░░]  38.5%
     Best:     Objective 1= -31.99  Objective 2= -91.68
     Mean:     Objective 1=-134.48  Objective 2=-672.97

Generation 385:	[-26.41403729 -83.38195387]
Mean fitness:	-409.08 +- 645.10
Mean fitness per obj: ['-124.35 +-141.70', '-693.82 +-806.27']
Gen  386/1000 [███████████████████░░░░░░░░░░░░░░░░░░░░░░░░░░░░░░░]  38.6%
     Best:     Objective 1= -28.29  Objective 2= -71.86
     Mean:     Objective 1=-124.35  Objective 2=-693.82

Gen  387/1000 [███████████████████░░░░░░░░░░░░░░░░░░░░░░░░░░░░░░░]  38.7%
     Best:     Objective 1= -28.58  Objective 2= -80.60
     Mean:     Objective 1=-114.53  Objective 2=-694.06

Gen  388/1000 [███████████████████░░░░░░░░░░░░░░░░░░░░░░░░░░░░░░░]  38.8%
     Best:     Objective 1= -27.72  Objective 2= -80.71
     Mean:     Objective 1=-119.51  Objective 2=-707.26

Gen  389/1000 [███████████████████░░░░░░░░░░░░░░░░░░░░░░░░░░░░░░░]  38.9%
     Best:     Objective 1= -26.79  Objective 2= -84.16
     Mean:     Objective 1=-130.35  Objective 2=-719.40

Gen  390/1000 [███████████████████░░░░░░░░░░░░░░░░░░░░░░░░░░░░░░░]  39.0%
     Best:     Objective 1= -29.99  Objective 2= -78.00
     Mean:     Objective 1=-121.42  Objective 2=-775.03

Generation 390:	[-26.41403729 -83.38195387]
Mean fitness:	-452.31 +- 738.27
Mean fitness per obj: ['-127.47 +-136.09', '-777.15 +-927.65']
Gen  391/1000 [███████████████████░░░░░░░░░░░░░░░░░░░░░░░░░░░░░░░]  39.1%
     Best:     Objective 1= -32.63  Objective 2= -78.44
     Mean:     Objective 1=-127.47  Objective 2=-777.15

Gen  392/1000 [███████████████████░░░░░░░░░░░░░░░░░░░░░░░░░░░░░░░]  39.2%
     Best:     Objective 1= -26.08  Objective 2= -84.58
     Mean:     Objective 1=-126.68  Objective 2=-633.40

Gen  393/1000 [███████████████████░░░░░░░░░░░░░░░░░░░░░░░░░░░░░░░]  39.3%
     Best:     Objective 1= -22.59  Objective 2= -74.30
     Mean:     Objective 1=-120.77  Objective 2=-717.02

Gen  394/1000 [███████████████████░░░░░░░░░░░░░░░░░░░░░░░░░░░░░░░]  39.4%
     Best:     Objective 1= -20.81  Objective 2= -81.60
     Mean:     Objective 1=-123.51  Objective 2=-699.87

Gen  395/1000 [███████████████████░░░░░░░░░░░░░░░░░░░░░░░░░░░░░░░]  39.5%
     Best:     Objective 1= -25.46  Objective 2= -78.38
     Mean:     Objective 1=-110.85  Objective 2=-668.00

Generation 395:	[-26.41403729 -83.38195387]
Mean fitness:	-432.51 +- 726.99
Mean fitness per obj: ['-130.03 +-140.21', '-735.00 +-924.31']
Gen  396/1000 [███████████████████░░░░░░░░░░░░░░░░░░░░░░░░░░░░░░░]  39.6%
     Best:     Objective 1= -28.66  Objective 2= -81.38
     Mean:     Objective 1=-130.03  Objective 2=-735.00

Gen  397/1000 [███████████████████░░░░░░░░░░░░░░░░░░░░░░░░░░░░░░░]  39.7%
     Best:     Objective 1= -26.11  Objective 2= -83.69
     Mean:     Objective 1=-111.34  Objective 2=-678.34

Gen  398/1000 [███████████████████░░░░░░░░░░░░░░░░░░░░░░░░░░░░░░░]  39.8%
     Best:     Objective 1= -23.49  Objective 2= -77.46
     Mean:     Objective 1=-120.23  Objective 2=-638.33

Gen  399/1000 [███████████████████░░░░░░░░░░░░░░░░░░░░░░░░░░░░░░░]  39.9%
     Best:     Objective 1= -30.41  Objective 2= -65.90
     Mean:     Objective 1=-128.48  Objective 2=-831.07

Gen  400/1000 [████████████████████░░░░░░░░░░░░░░░░░░░░░░░░░░░░░░]  40.0%
     Best:     Objective 1= -26.78  Objective 2= -91.28
     Mean:     Objective 1=-127.82  Objective 2=-698.22

Generation 400:	[-26.41403729 -83.38195387]
Mean fitness:	-411.52 +- 679.27
Mean fitness per obj: ['-121.01 +-121.08', '-702.02 +-859.86']
Gen  401/1000 [████████████████████░░░░░░░░░░░░░░░░░░░░░░░░░░░░░░]  40.1%
     Best:     Objective 1= -29.03  Objective 2= -78.05
     Mean:     Objective 1=-121.01  Objective 2=-702.02

Gen  402/1000 [████████████████████░░░░░░░░░░░░░░░░░░░░░░░░░░░░░░]  40.2%
     Best:     Objective 1= -31.75  Objective 2= -78.34
     Mean:     Objective 1=-120.89  Objective 2=-656.11

Gen  403/1000 [████████████████████░░░░░░░░░░░░░░░░░░░░░░░░░░░░░░]  40.3%
     Best:     Objective 1= -30.12  Objective 2= -84.84
     Mean:     Objective 1=-122.82  Objective 2=-699.84

Gen  404/1000 [████████████████████░░░░░░░░░░░░░░░░░░░░░░░░░░░░░░]  40.4%
     Best:     Objective 1= -27.73  Objective 2= -69.88
     Mean:     Objective 1=-123.24  Objective 2=-673.59

Gen  405/1000 [████████████████████░░░░░░░░░░░░░░░░░░░░░░░░░░░░░░]  40.5%
     Best:     Objective 1= -31.02  Objective 2= -79.22
     Mean:     Objective 1=-138.13  Objective 2=-699.83

Generation 405:	[-26.41403729 -83.38195387]
Mean fitness:	-454.32 +- 783.12
Mean fitness per obj: ['-137.61 +-159.76', '-771.03 +-1000.20']
Gen  406/1000 [████████████████████░░░░░░░░░░░░░░░░░░░░░░░░░░░░░░]  40.6%
     Best:     Objective 1= -32.11  Objective 2= -69.14
     Mean:     Objective 1=-137.61  Objective 2=-771.03

Gen  407/1000 [████████████████████░░░░░░░░░░░░░░░░░░░░░░░░░░░░░░]  40.7%
     Best:     Objective 1= -28.44  Objective 2= -67.78
     Mean:     Objective 1=-119.64  Objective 2=-717.49

Gen  408/1000 [████████████████████░░░░░░░░░░░░░░░░░░░░░░░░░░░░░░]  40.8%
     Best:     Objective 1= -30.29  Objective 2= -85.22
     Mean:     Objective 1=-128.34  Objective 2=-659.86

Gen  409/1000 [████████████████████░░░░░░░░░░░░░░░░░░░░░░░░░░░░░░]  40.9%
     Best:     Objective 1= -27.92  Objective 2= -74.60
     Mean:     Objective 1=-123.40  Objective 2=-684.49

Gen  410/1000 [████████████████████░░░░░░░░░░░░░░░░░░░░░░░░░░░░░░]  41.0%
     Best:     Objective 1= -27.94  Objective 2= -70.60
     Mean:     Objective 1=-125.12  Objective 2=-646.07

Generation 410:	[-26.41403729 -83.38195387]
Mean fitness:	-385.35 +- 614.44
Mean fitness per obj: ['-125.84 +-127.00', '-644.86 +-777.34']
Gen  411/1000 [████████████████████░░░░░░░░░░░░░░░░░░░░░░░░░░░░░░]  41.1%
     Best:     Objective 1= -28.47  Objective 2= -83.11
     Mean:     Objective 1=-125.84  Objective 2=-644.86

Gen  412/1000 [████████████████████░░░░░░░░░░░░░░░░░░░░░░░░░░░░░░]  41.2%
     Best:     Objective 1= -23.69  Objective 2= -85.96
     Mean:     Objective 1=-126.80  Objective 2=-700.20

Gen  413/1000 [████████████████████░░░░░░░░░░░░░░░░░░░░░░░░░░░░░░]  41.3%
     Best:     Objective 1= -31.02  Objective 2= -83.65
     Mean:     Objective 1=-126.90  Objective 2=-721.19

Gen  414/1000 [████████████████████░░░░░░░░░░░░░░░░░░░░░░░░░░░░░░]  41.4%
     Best:     Objective 1= -27.57  Objective 2= -89.05
     Mean:     Objective 1=-134.68  Objective 2=-674.07

Gen  415/1000 [████████████████████░░░░░░░░░░░░░░░░░░░░░░░░░░░░░░]  41.5%
     Best:     Objective 1= -24.15  Objective 2= -77.71
     Mean:     Objective 1=-116.02  Objective 2=-719.85

Generation 415:	[-26.41403729 -83.38195387]
Mean fitness:	-432.24 +- 669.40
Mean fitness per obj: ['-141.82 +-180.80', '-722.65 +-833.55']
Gen  416/1000 [████████████████████░░░░░░░░░░░░░░░░░░░░░░░░░░░░░░]  41.6%
     Best:     Objective 1= -30.80  Objective 2= -69.01
     Mean:     Objective 1=-141.82  Objective 2=-722.65

Gen  417/1000 [████████████████████░░░░░░░░░░░░░░░░░░░░░░░░░░░░░░]  41.7%
     Best:     Objective 1= -27.52  Objective 2= -76.92
     Mean:     Objective 1=-123.79  Objective 2=-698.72

Gen  418/1000 [████████████████████░░░░░░░░░░░░░░░░░░░░░░░░░░░░░░]  41.8%
     Best:     Objective 1= -23.42  Objective 2= -74.96
     Mean:     Objective 1=-132.94  Objective 2=-673.90

Gen  419/1000 [████████████████████░░░░░░░░░░░░░░░░░░░░░░░░░░░░░░]  41.9%
     Best:     Objective 1= -27.46  Objective 2= -83.55
     Mean:     Objective 1=-128.56  Objective 2=-672.88

Gen  420/1000 [█████████████████████░░░░░░░░░░░░░░░░░░░░░░░░░░░░░]  42.0%
     Best:     Objective 1= -28.84  Objective 2= -91.08
     Mean:     Objective 1=-126.78  Objective 2=-789.92

Generation 420:	[-26.41403729 -83.38195387]
Mean fitness:	-450.20 +- 754.74
Mean fitness per obj: ['-127.54 +-125.61', '-772.87 +-956.69']
Gen  421/1000 [█████████████████████░░░░░░░░░░░░░░░░░░░░░░░░░░░░░]  42.1%
     Best:     Objective 1= -16.91  Objective 2= -89.43
     Mean:     Objective 1=-127.54  Objective 2=-772.87

Gen  422/1000 [█████████████████████░░░░░░░░░░░░░░░░░░░░░░░░░░░░░]  42.2%
     Best:     Objective 1= -32.34  Objective 2= -85.43
     Mean:     Objective 1=-124.18  Objective 2=-648.03

Gen  423/1000 [█████████████████████░░░░░░░░░░░░░░░░░░░░░░░░░░░░░]  42.3%
     Best:     Objective 1= -28.94  Objective 2= -89.85
     Mean:     Objective 1=-132.08  Objective 2=-673.14

Gen  424/1000 [█████████████████████░░░░░░░░░░░░░░░░░░░░░░░░░░░░░]  42.4%
     Best:     Objective 1= -30.44  Objective 2= -72.07
     Mean:     Objective 1=-116.63  Objective 2=-663.72

Gen  425/1000 [█████████████████████░░░░░░░░░░░░░░░░░░░░░░░░░░░░░]  42.5%
     Best:     Objective 1= -24.53  Objective 2= -70.59
     Mean:     Objective 1=-122.15  Objective 2=-643.67

Generation 425:	[-26.41403729 -83.38195387]
Mean fitness:	-401.23 +- 657.16
Mean fitness per obj: ['-127.16 +-149.95', '-675.30 +-831.26']
Gen  426/1000 [█████████████████████░░░░░░░░░░░░░░░░░░░░░░░░░░░░░]  42.6%
     Best:     Objective 1= -29.74  Objective 2= -83.48
     Mean:     Objective 1=-127.16  Objective 2=-675.30

Gen  427/1000 [█████████████████████░░░░░░░░░░░░░░░░░░░░░░░░░░░░░]  42.7%
     Best:     Objective 1= -27.09  Objective 2= -83.65
     Mean:     Objective 1=-127.86  Objective 2=-677.41

Gen  428/1000 [█████████████████████░░░░░░░░░░░░░░░░░░░░░░░░░░░░░]  42.8%
     Best:     Objective 1= -26.73  Objective 2= -77.91
     Mean:     Objective 1=-128.02  Objective 2=-703.59

Gen  429/1000 [█████████████████████░░░░░░░░░░░░░░░░░░░░░░░░░░░░░]  42.9%
     Best:     Objective 1= -28.97  Objective 2= -71.33
     Mean:     Objective 1=-122.60  Objective 2=-724.30

Gen  430/1000 [█████████████████████░░░░░░░░░░░░░░░░░░░░░░░░░░░░░]  43.0%
     Best:     Objective 1= -24.90  Objective 2= -92.32
     Mean:     Objective 1=-132.00  Objective 2=-712.67

Generation 430:	[-26.41403729 -83.38195387]
Mean fitness:	-396.34 +- 649.33
Mean fitness per obj: ['-130.41 +-163.11', '-662.27 +-821.71']
Gen  431/1000 [█████████████████████░░░░░░░░░░░░░░░░░░░░░░░░░░░░░]  43.1%
     Best:     Objective 1= -30.54  Objective 2= -82.85
     Mean:     Objective 1=-130.41  Objective 2=-662.27

Gen  432/1000 [█████████████████████░░░░░░░░░░░░░░░░░░░░░░░░░░░░░]  43.2%
     Best:     Objective 1= -30.17  Objective 2= -82.79
     Mean:     Objective 1=-120.99  Objective 2=-687.89

Gen  433/1000 [█████████████████████░░░░░░░░░░░░░░░░░░░░░░░░░░░░░]  43.3%
     Best:     Objective 1= -25.35  Objective 2= -78.79
     Mean:     Objective 1=-115.76  Objective 2=-705.49

Gen  434/1000 [█████████████████████░░░░░░░░░░░░░░░░░░░░░░░░░░░░░]  43.4%
     Best:     Objective 1= -28.37  Objective 2= -80.72
     Mean:     Objective 1=-130.54  Objective 2=-690.00

Gen  435/1000 [█████████████████████░░░░░░░░░░░░░░░░░░░░░░░░░░░░░]  43.5%
     Best:     Objective 1= -22.62  Objective 2= -73.37
     Mean:     Objective 1=-128.14  Objective 2=-600.01

Generation 435:	[-26.41403729 -83.38195387]
Mean fitness:	-423.41 +- 668.94
Mean fitness per obj: ['-146.93 +-187.62', '-699.90 +-840.75']
Gen  436/1000 [█████████████████████░░░░░░░░░░░░░░░░░░░░░░░░░░░░░]  43.6%
     Best:     Objective 1= -22.95  Objective 2= -86.69
     Mean:     Objective 1=-146.93  Objective 2=-699.90

Gen  437/1000 [█████████████████████░░░░░░░░░░░░░░░░░░░░░░░░░░░░░]  43.7%
     Best:     Objective 1= -25.04  Objective 2= -83.43
     Mean:     Objective 1=-133.09  Objective 2=-810.45

Gen  438/1000 [█████████████████████░░░░░░░░░░░░░░░░░░░░░░░░░░░░░]  43.8%
     Best:     Objective 1= -28.10  Objective 2= -88.47
     Mean:     Objective 1=-126.58  Objective 2=-705.66

Gen  439/1000 [█████████████████████░░░░░░░░░░░░░░░░░░░░░░░░░░░░░]  43.9%
     Best:     Objective 1= -30.44  Objective 2= -66.82
     Mean:     Objective 1=-128.97  Objective 2=-670.47

Gen  440/1000 [██████████████████████░░░░░░░░░░░░░░░░░░░░░░░░░░░░]  44.0%
     Best:     Objective 1= -18.15  Objective 2= -86.61
     Mean:     Objective 1=-118.45  Objective 2=-652.27

Generation 440:	[-26.41403729 -83.38195387]
Mean fitness:	-429.16 +- 708.68
Mean fitness per obj: ['-123.85 +-112.57', '-734.46 +-897.42']
Gen  441/1000 [██████████████████████░░░░░░░░░░░░░░░░░░░░░░░░░░░░]  44.1%
     Best:     Objective 1= -29.68  Objective 2= -78.66
     Mean:     Objective 1=-123.85  Objective 2=-734.46

Gen  442/1000 [██████████████████████░░░░░░░░░░░░░░░░░░░░░░░░░░░░]  44.2%
     Best:     Objective 1= -26.10  Objective 2= -77.57
     Mean:     Objective 1=-119.67  Objective 2=-689.65

Gen  443/1000 [██████████████████████░░░░░░░░░░░░░░░░░░░░░░░░░░░░]  44.3%
     Best:     Objective 1= -24.27  Objective 2= -71.04
     Mean:     Objective 1=-120.28  Objective 2=-662.98

Gen  444/1000 [██████████████████████░░░░░░░░░░░░░░░░░░░░░░░░░░░░]  44.4%
     Best:     Objective 1= -23.36  Objective 2= -85.41
     Mean:     Objective 1=-120.81  Objective 2=-599.30

Gen  445/1000 [██████████████████████░░░░░░░░░░░░░░░░░░░░░░░░░░░░]  44.5%
     Best:     Objective 1= -26.16  Objective 2= -83.88
     Mean:     Objective 1=-123.54  Objective 2=-688.71

Generation 445:	[-26.41403729 -83.38195387]
Mean fitness:	-400.98 +- 642.96
Mean fitness per obj: ['-140.24 +-168.99', '-661.73 +-813.79']
Gen  446/1000 [██████████████████████░░░░░░░░░░░░░░░░░░░░░░░░░░░░]  44.6%
     Best:     Objective 1= -29.59  Objective 2= -79.33
     Mean:     Objective 1=-140.24  Objective 2=-661.73

Gen  447/1000 [██████████████████████░░░░░░░░░░░░░░░░░░░░░░░░░░░░]  44.7%
     Best:     Objective 1= -22.32  Objective 2= -75.75
     Mean:     Objective 1=-121.90  Objective 2=-670.17

Gen  448/1000 [██████████████████████░░░░░░░░░░░░░░░░░░░░░░░░░░░░]  44.8%
     Best:     Objective 1= -24.24  Objective 2= -78.79
     Mean:     Objective 1=-127.35  Objective 2=-647.22

Gen  449/1000 [██████████████████████░░░░░░░░░░░░░░░░░░░░░░░░░░░░]  44.9%
     Best:     Objective 1= -27.69  Objective 2= -78.60
     Mean:     Objective 1=-128.42  Objective 2=-665.15

Gen  450/1000 [██████████████████████░░░░░░░░░░░░░░░░░░░░░░░░░░░░]  45.0%
     Best:     Objective 1= -22.68  Objective 2= -81.09
     Mean:     Objective 1=-137.97  Objective 2=-717.29

Generation 450:	[-26.41403729 -83.38195387]
Mean fitness:	-391.02 +- 640.23
Mean fitness per obj: ['-128.94 +-131.12', '-653.09 +-815.61']
Gen  451/1000 [██████████████████████░░░░░░░░░░░░░░░░░░░░░░░░░░░░]  45.1%
     Best:     Objective 1= -31.66  Objective 2= -79.95
     Mean:     Objective 1=-128.94  Objective 2=-653.09

Gen  452/1000 [██████████████████████░░░░░░░░░░░░░░░░░░░░░░░░░░░░]  45.2%
     Best:     Objective 1= -32.75  Objective 2= -80.87
     Mean:     Objective 1=-128.01  Objective 2=-759.40

Gen  453/1000 [██████████████████████░░░░░░░░░░░░░░░░░░░░░░░░░░░░]  45.3%
     Best:     Objective 1= -25.74  Objective 2= -78.40
     Mean:     Objective 1=-119.15  Objective 2=-675.38

Gen  454/1000 [██████████████████████░░░░░░░░░░░░░░░░░░░░░░░░░░░░]  45.4%
     Best:     Objective 1= -24.42  Objective 2= -82.87
     Mean:     Objective 1=-130.64  Objective 2=-654.28

Gen  455/1000 [██████████████████████░░░░░░░░░░░░░░░░░░░░░░░░░░░░]  45.5%
     Best:     Objective 1= -27.51  Objective 2= -82.60
     Mean:     Objective 1=-128.69  Objective 2=-677.16

Generation 455:	[-26.41403729 -83.38195387]
Mean fitness:	-446.30 +- 730.23
Mean fitness per obj: ['-133.74 +-140.94', '-758.85 +-922.63']
Gen  456/1000 [██████████████████████░░░░░░░░░░░░░░░░░░░░░░░░░░░░]  45.6%
     Best:     Objective 1= -27.04  Objective 2= -84.28
     Mean:     Objective 1=-133.74  Objective 2=-758.85

Gen  457/1000 [██████████████████████░░░░░░░░░░░░░░░░░░░░░░░░░░░░]  45.7%
     Best:     Objective 1= -28.85  Objective 2= -72.27
     Mean:     Objective 1=-120.12  Objective 2=-685.35

Gen  458/1000 [██████████████████████░░░░░░░░░░░░░░░░░░░░░░░░░░░░]  45.8%
     Best:     Objective 1= -29.34  Objective 2= -72.33
     Mean:     Objective 1=-119.34  Objective 2=-689.93

Gen  459/1000 [██████████████████████░░░░░░░░░░░░░░░░░░░░░░░░░░░░]  45.9%
     Best:     Objective 1= -28.78  Objective 2= -74.05
     Mean:     Objective 1=-121.51  Objective 2=-742.57

Gen  460/1000 [███████████████████████░░░░░░░░░░░░░░░░░░░░░░░░░░░]  46.0%
     Best:     Objective 1= -29.42  Objective 2= -82.60
     Mean:     Objective 1=-113.90  Objective 2=-662.04

Generation 460:	[-26.41403729 -83.38195387]
Mean fitness:	-407.81 +- 663.31
Mean fitness per obj: ['-124.69 +-130.18', '-690.93 +-838.27']
Gen  461/1000 [███████████████████████░░░░░░░░░░░░░░░░░░░░░░░░░░░]  46.1%
     Best:     Objective 1= -29.73  Objective 2= -86.63
     Mean:     Objective 1=-124.69  Objective 2=-690.93

Gen  462/1000 [███████████████████████░░░░░░░░░░░░░░░░░░░░░░░░░░░]  46.2%
     Best:     Objective 1= -31.63  Objective 2= -79.09
     Mean:     Objective 1=-122.69  Objective 2=-686.73

Gen  463/1000 [███████████████████████░░░░░░░░░░░░░░░░░░░░░░░░░░░]  46.3%
     Best:     Objective 1= -25.79  Objective 2= -85.37
     Mean:     Objective 1=-120.76  Objective 2=-683.18

Gen  464/1000 [███████████████████████░░░░░░░░░░░░░░░░░░░░░░░░░░░]  46.4%
     Best:     Objective 1= -32.05  Objective 2= -83.97
     Mean:     Objective 1=-130.38  Objective 2=-692.94

Gen  465/1000 [███████████████████████░░░░░░░░░░░░░░░░░░░░░░░░░░░]  46.5%
     Best:     Objective 1= -30.13  Objective 2= -74.42
     Mean:     Objective 1=-129.48  Objective 2=-684.51

Generation 465:	[-26.41403729 -83.38195387]
Mean fitness:	-440.26 +- 709.42
Mean fitness per obj: ['-122.68 +-153.53', '-757.83 +-883.90']
Gen  466/1000 [███████████████████████░░░░░░░░░░░░░░░░░░░░░░░░░░░]  46.6%
     Best:     Objective 1= -22.12  Objective 2= -69.09
     Mean:     Objective 1=-122.68  Objective 2=-757.83

Gen  467/1000 [███████████████████████░░░░░░░░░░░░░░░░░░░░░░░░░░░]  46.7%
     Best:     Objective 1= -18.91  Objective 2= -78.85
     Mean:     Objective 1=-131.50  Objective 2=-709.52

Gen  468/1000 [███████████████████████░░░░░░░░░░░░░░░░░░░░░░░░░░░]  46.8%
     Best:     Objective 1= -21.36  Objective 2= -83.83
     Mean:     Objective 1=-125.92  Objective 2=-666.70

Gen  469/1000 [███████████████████████░░░░░░░░░░░░░░░░░░░░░░░░░░░]  46.9%
     Best:     Objective 1= -28.70  Objective 2= -73.84
     Mean:     Objective 1=-121.18  Objective 2=-619.96

Gen  470/1000 [███████████████████████░░░░░░░░░░░░░░░░░░░░░░░░░░░]  47.0%
     Best:     Objective 1= -27.50  Objective 2= -76.98
     Mean:     Objective 1=-120.30  Objective 2=-694.93

Generation 470:	[-26.41403729 -83.38195387]
Mean fitness:	-406.65 +- 683.42
Mean fitness per obj: ['-134.63 +-157.28', '-678.67 +-872.59']
Gen  471/1000 [███████████████████████░░░░░░░░░░░░░░░░░░░░░░░░░░░]  47.1%
     Best:     Objective 1= -27.80  Objective 2= -83.05
     Mean:     Objective 1=-134.63  Objective 2=-678.67

Gen  472/1000 [███████████████████████░░░░░░░░░░░░░░░░░░░░░░░░░░░]  47.2%
     Best:     Objective 1= -26.18  Objective 2= -72.06
     Mean:     Objective 1=-122.19  Objective 2=-601.85

Gen  473/1000 [███████████████████████░░░░░░░░░░░░░░░░░░░░░░░░░░░]  47.3%
     Best:     Objective 1= -27.14  Objective 2= -83.61
     Mean:     Objective 1=-123.44  Objective 2=-674.75

Gen  474/1000 [███████████████████████░░░░░░░░░░░░░░░░░░░░░░░░░░░]  47.4%
     Best:     Objective 1= -28.62  Objective 2= -96.07
     Mean:     Objective 1=-129.45  Objective 2=-733.08

Gen  475/1000 [███████████████████████░░░░░░░░░░░░░░░░░░░░░░░░░░░]  47.5%
     Best:     Objective 1= -20.51  Objective 2= -71.19
     Mean:     Objective 1=-126.62  Objective 2=-666.22

Generation 475:	[-26.41403729 -83.38195387]
Mean fitness:	-376.08 +- 576.61
Mean fitness per obj: ['-125.55 +-122.37', '-626.61 +-724.18']
Gen  476/1000 [███████████████████████░░░░░░░░░░░░░░░░░░░░░░░░░░░]  47.6%
     Best:     Objective 1= -27.97  Objective 2= -70.89
     Mean:     Objective 1=-125.55  Objective 2=-626.61

Gen  477/1000 [███████████████████████░░░░░░░░░░░░░░░░░░░░░░░░░░░]  47.7%
     Best:     Objective 1= -31.82  Objective 2= -80.91
     Mean:     Objective 1=-123.31  Objective 2=-710.86

Gen  478/1000 [███████████████████████░░░░░░░░░░░░░░░░░░░░░░░░░░░]  47.8%
     Best:     Objective 1= -28.22  Objective 2= -75.80
     Mean:     Objective 1=-125.12  Objective 2=-700.10

Gen  479/1000 [███████████████████████░░░░░░░░░░░░░░░░░░░░░░░░░░░]  47.9%
     Best:     Objective 1= -30.55  Objective 2= -79.04
     Mean:     Objective 1=-121.18  Objective 2=-591.59

Gen  480/1000 [████████████████████████░░░░░░░░░░░░░░░░░░░░░░░░░░]  48.0%
     Best:     Objective 1= -30.63  Objective 2= -82.19
     Mean:     Objective 1=-125.77  Objective 2=-687.73

Generation 480:	[-26.41403729 -83.38195387]
Mean fitness:	-417.13 +- 647.03
Mean fitness per obj: ['-124.18 +-87.46', '-710.08 +-811.18']
Gen  481/1000 [████████████████████████░░░░░░░░░░░░░░░░░░░░░░░░░░]  48.1%
     Best:     Objective 1= -27.28  Objective 2= -83.83
     Mean:     Objective 1=-124.18  Objective 2=-710.08

Gen  482/1000 [████████████████████████░░░░░░░░░░░░░░░░░░░░░░░░░░]  48.2%
     Best:     Objective 1= -23.23  Objective 2= -90.74
     Mean:     Objective 1=-123.77  Objective 2=-729.59

Gen  483/1000 [████████████████████████░░░░░░░░░░░░░░░░░░░░░░░░░░]  48.3%
     Best:     Objective 1= -29.69  Objective 2= -84.67
     Mean:     Objective 1=-132.31  Objective 2=-647.11

Gen  484/1000 [████████████████████████░░░░░░░░░░░░░░░░░░░░░░░░░░]  48.4%
     Best:     Objective 1= -26.88  Objective 2= -89.05
     Mean:     Objective 1=-145.64  Objective 2=-695.75

Gen  485/1000 [████████████████████████░░░░░░░░░░░░░░░░░░░░░░░░░░]  48.5%
     Best:     Objective 1= -25.98  Objective 2= -83.39
     Mean:     Objective 1=-123.78  Objective 2=-655.96

Generation 485:	[-26.41403729 -83.38195387]
Mean fitness:	-436.61 +- 763.88
Mean fitness per obj: ['-120.72 +-90.80', '-752.51 +-979.38']
Gen  486/1000 [████████████████████████░░░░░░░░░░░░░░░░░░░░░░░░░░]  48.6%
     Best:     Objective 1= -32.03  Objective 2= -84.65
     Mean:     Objective 1=-120.72  Objective 2=-752.51

Gen  487/1000 [████████████████████████░░░░░░░░░░░░░░░░░░░░░░░░░░]  48.7%
     Best:     Objective 1= -22.87  Objective 2= -74.90
     Mean:     Objective 1=-108.72  Objective 2=-741.14

Gen  488/1000 [████████████████████████░░░░░░░░░░░░░░░░░░░░░░░░░░]  48.8%
     Best:     Objective 1= -26.50  Objective 2= -78.12
     Mean:     Objective 1=-118.90  Objective 2=-618.16

Gen  489/1000 [████████████████████████░░░░░░░░░░░░░░░░░░░░░░░░░░]  48.9%
     Best:     Objective 1= -27.47  Objective 2= -76.24
     Mean:     Objective 1=-123.79  Objective 2=-733.64

Gen  490/1000 [████████████████████████░░░░░░░░░░░░░░░░░░░░░░░░░░]  49.0%
     Best:     Objective 1= -24.68  Objective 2= -78.88
     Mean:     Objective 1=-108.61  Objective 2=-713.44

Generation 490:	[-26.41403729 -83.38195387]
Mean fitness:	-405.65 +- 650.75
Mean fitness per obj: ['-122.83 +-121.30', '-688.47 +-819.92']
Gen  491/1000 [████████████████████████░░░░░░░░░░░░░░░░░░░░░░░░░░]  49.1%
     Best:     Objective 1= -24.08  Objective 2= -69.50
     Mean:     Objective 1=-122.83  Objective 2=-688.47

Gen  492/1000 [████████████████████████░░░░░░░░░░░░░░░░░░░░░░░░░░]  49.2%
     Best:     Objective 1= -27.17  Objective 2= -75.95
     Mean:     Objective 1=-116.11  Objective 2=-690.66

Gen  493/1000 [████████████████████████░░░░░░░░░░░░░░░░░░░░░░░░░░]  49.3%
     Best:     Objective 1= -29.20  Objective 2= -76.95
     Mean:     Objective 1=-128.04  Objective 2=-763.04

Gen  494/1000 [████████████████████████░░░░░░░░░░░░░░░░░░░░░░░░░░]  49.4%
     Best:     Objective 1= -21.82  Objective 2= -73.12
     Mean:     Objective 1=-138.71  Objective 2=-742.18

Gen  495/1000 [████████████████████████░░░░░░░░░░░░░░░░░░░░░░░░░░]  49.5%
     Best:     Objective 1= -28.65  Objective 2= -78.95
     Mean:     Objective 1=-138.34  Objective 2=-668.02

Generation 495:	[-26.41403729 -83.38195387]
Mean fitness:	-405.68 +- 648.45
Mean fitness per obj: ['-130.59 +-147.77', '-680.77 +-817.18']
Gen  496/1000 [████████████████████████░░░░░░░░░░░░░░░░░░░░░░░░░░]  49.6%
     Best:     Objective 1= -21.79  Objective 2= -68.30
     Mean:     Objective 1=-130.59  Objective 2=-680.77

Gen  497/1000 [████████████████████████░░░░░░░░░░░░░░░░░░░░░░░░░░]  49.7%
     Best:     Objective 1= -30.06  Objective 2= -88.09
     Mean:     Objective 1=-133.11  Objective 2=-670.26

Gen  498/1000 [████████████████████████░░░░░░░░░░░░░░░░░░░░░░░░░░]  49.8%
     Best:     Objective 1= -21.92  Objective 2= -83.57
     Mean:     Objective 1=-125.26  Objective 2=-727.92

Gen  499/1000 [████████████████████████░░░░░░░░░░░░░░░░░░░░░░░░░░]  49.9%
     Best:     Objective 1= -33.03  Objective 2= -90.60
     Mean:     Objective 1=-129.28  Objective 2=-662.50

Gen  500/1000 [█████████████████████████░░░░░░░░░░░░░░░░░░░░░░░░░]  50.0%
     Best:     Objective 1= -28.61  Objective 2= -82.82
     Mean:     Objective 1=-130.01  Objective 2=-719.49

Generation 500:	[-26.41403729 -83.38195387]
Mean fitness:	-409.29 +- 646.75
Mean fitness per obj: ['-128.77 +-142.88', '-689.81 +-811.64']
Gen  501/1000 [█████████████████████████░░░░░░░░░░░░░░░░░░░░░░░░░]  50.1%
     Best:     Objective 1= -31.77  Objective 2= -77.55
     Mean:     Objective 1=-128.77  Objective 2=-689.81

Gen  502/1000 [█████████████████████████░░░░░░░░░░░░░░░░░░░░░░░░░]  50.2%
     Best:     Objective 1= -24.34  Objective 2= -86.55
     Mean:     Objective 1=-126.18  Objective 2=-696.54

Gen  503/1000 [█████████████████████████░░░░░░░░░░░░░░░░░░░░░░░░░]  50.3%
     Best:     Objective 1= -27.48  Objective 2= -79.82
     Mean:     Objective 1=-120.21  Objective 2=-627.05

Gen  504/1000 [█████████████████████████░░░░░░░░░░░░░░░░░░░░░░░░░]  50.4%
     Best:     Objective 1= -31.57  Objective 2= -69.74
     Mean:     Objective 1=-121.09  Objective 2=-759.51

Gen  505/1000 [█████████████████████████░░░░░░░░░░░░░░░░░░░░░░░░░]  50.5%
     Best:     Objective 1= -23.90  Objective 2= -90.12
     Mean:     Objective 1=-124.58  Objective 2=-749.03

Generation 505:	[-26.41403729 -83.38195387]
Mean fitness:	-387.65 +- 598.74
Mean fitness per obj: ['-122.82 +-136.22', '-652.47 +-747.11']
Gen  506/1000 [█████████████████████████░░░░░░░░░░░░░░░░░░░░░░░░░]  50.6%
     Best:     Objective 1= -21.26  Objective 2= -77.48
     Mean:     Objective 1=-122.82  Objective 2=-652.47

Gen  507/1000 [█████████████████████████░░░░░░░░░░░░░░░░░░░░░░░░░]  50.7%
     Best:     Objective 1= -28.25  Objective 2= -86.27
     Mean:     Objective 1=-129.88  Objective 2=-714.76

Gen  508/1000 [█████████████████████████░░░░░░░░░░░░░░░░░░░░░░░░░]  50.8%
     Best:     Objective 1= -24.77  Objective 2= -73.58
     Mean:     Objective 1=-122.74  Objective 2=-637.11

Gen  509/1000 [█████████████████████████░░░░░░░░░░░░░░░░░░░░░░░░░]  50.9%
     Best:     Objective 1= -30.15  Objective 2= -63.24
     Mean:     Objective 1=-131.67  Objective 2=-748.00

Gen  510/1000 [█████████████████████████░░░░░░░░░░░░░░░░░░░░░░░░░]  51.0%
     Best:     Objective 1= -24.45  Objective 2= -80.57
     Mean:     Objective 1=-125.02  Objective 2=-764.52

Generation 510:	[-26.41403729 -83.38195387]
Mean fitness:	-408.21 +- 664.74
Mean fitness per obj: ['-133.19 +-167.38', '-683.23 +-839.33']
Gen  511/1000 [█████████████████████████░░░░░░░░░░░░░░░░░░░░░░░░░]  51.1%
     Best:     Objective 1= -28.17  Objective 2= -78.15
     Mean:     Objective 1=-133.19  Objective 2=-683.23

Gen  512/1000 [█████████████████████████░░░░░░░░░░░░░░░░░░░░░░░░░]  51.2%
     Best:     Objective 1= -24.35  Objective 2= -80.82
     Mean:     Objective 1=-129.79  Objective 2=-693.42

Gen  513/1000 [█████████████████████████░░░░░░░░░░░░░░░░░░░░░░░░░]  51.3%
     Best:     Objective 1= -25.97  Objective 2= -67.85
     Mean:     Objective 1=-119.36  Objective 2=-641.54

Gen  514/1000 [█████████████████████████░░░░░░░░░░░░░░░░░░░░░░░░░]  51.4%
     Best:     Objective 1= -29.60  Objective 2= -83.24
     Mean:     Objective 1=-124.68  Objective 2=-724.09

Gen  515/1000 [█████████████████████████░░░░░░░░░░░░░░░░░░░░░░░░░]  51.5%
     Best:     Objective 1= -29.36  Objective 2= -82.44
     Mean:     Objective 1=-121.81  Objective 2=-713.39

Generation 515:	[-26.41403729 -83.38195387]
Mean fitness:	-450.38 +- 759.17
Mean fitness per obj: ['-120.06 +-102.11', '-780.69 +-961.27']
Gen  516/1000 [█████████████████████████░░░░░░░░░░░░░░░░░░░░░░░░░]  51.6%
     Best:     Objective 1= -29.76  Objective 2= -80.48
     Mean:     Objective 1=-120.06  Objective 2=-780.69

Gen  517/1000 [█████████████████████████░░░░░░░░░░░░░░░░░░░░░░░░░]  51.7%
     Best:     Objective 1= -26.99  Objective 2= -80.41
     Mean:     Objective 1=-124.94  Objective 2=-650.75

Gen  518/1000 [█████████████████████████░░░░░░░░░░░░░░░░░░░░░░░░░]  51.8%
     Best:     Objective 1= -28.77  Objective 2= -74.35
     Mean:     Objective 1=-120.30  Objective 2=-695.74

Gen  519/1000 [█████████████████████████░░░░░░░░░░░░░░░░░░░░░░░░░]  51.9%
     Best:     Objective 1= -22.55  Objective 2= -82.91
     Mean:     Objective 1=-131.93  Objective 2=-669.86

Gen  520/1000 [██████████████████████████░░░░░░░░░░░░░░░░░░░░░░░░]  52.0%
     Best:     Objective 1= -30.67  Objective 2= -79.54
     Mean:     Objective 1=-116.96  Objective 2=-752.65

Generation 520:	[-26.41403729 -83.38195387]
Mean fitness:	-405.77 +- 661.70
Mean fitness per obj: ['-122.28 +-128.95', '-689.25 +-835.66']
Gen  521/1000 [██████████████████████████░░░░░░░░░░░░░░░░░░░░░░░░]  52.1%
     Best:     Objective 1= -27.61  Objective 2= -76.16
     Mean:     Objective 1=-122.28  Objective 2=-689.25

Gen  522/1000 [██████████████████████████░░░░░░░░░░░░░░░░░░░░░░░░]  52.2%
     Best:     Objective 1= -20.12  Objective 2= -77.08
     Mean:     Objective 1=-118.68  Objective 2=-694.78

Gen  523/1000 [██████████████████████████░░░░░░░░░░░░░░░░░░░░░░░░]  52.3%
     Best:     Objective 1= -23.97  Objective 2= -74.94
     Mean:     Objective 1=-129.93  Objective 2=-730.31

Gen  524/1000 [██████████████████████████░░░░░░░░░░░░░░░░░░░░░░░░]  52.4%
     Best:     Objective 1= -25.80  Objective 2= -71.69
     Mean:     Objective 1=-141.36  Objective 2=-725.10

Gen  525/1000 [██████████████████████████░░░░░░░░░░░░░░░░░░░░░░░░]  52.5%
     Best:     Objective 1= -26.95  Objective 2= -71.70
     Mean:     Objective 1=-133.34  Objective 2=-702.70

Generation 525:	[-26.41403729 -83.38195387]
Mean fitness:	-416.76 +- 682.51
Mean fitness per obj: ['-126.83 +-127.24', '-706.68 +-864.49']
Gen  526/1000 [██████████████████████████░░░░░░░░░░░░░░░░░░░░░░░░]  52.6%
     Best:     Objective 1= -28.54  Objective 2= -85.75
     Mean:     Objective 1=-126.83  Objective 2=-706.68

Gen  527/1000 [██████████████████████████░░░░░░░░░░░░░░░░░░░░░░░░]  52.7%
     Best:     Objective 1= -32.57  Objective 2= -80.72
     Mean:     Objective 1=-124.47  Objective 2=-710.65

Gen  528/1000 [██████████████████████████░░░░░░░░░░░░░░░░░░░░░░░░]  52.8%
     Best:     Objective 1= -28.20  Objective 2= -75.26
     Mean:     Objective 1=-130.54  Objective 2=-669.41

Gen  529/1000 [██████████████████████████░░░░░░░░░░░░░░░░░░░░░░░░]  52.9%
     Best:     Objective 1= -31.26  Objective 2= -86.19
     Mean:     Objective 1=-134.36  Objective 2=-749.59

Gen  530/1000 [██████████████████████████░░░░░░░░░░░░░░░░░░░░░░░░]  53.0%
     Best:     Objective 1= -28.47  Objective 2= -85.82
     Mean:     Objective 1=-122.97  Objective 2=-693.45

Generation 530:	[-26.41403729 -83.38195387]
Mean fitness:	-431.33 +- 703.69
Mean fitness per obj: ['-134.18 +-146.76', '-728.47 +-890.08']
Gen  531/1000 [██████████████████████████░░░░░░░░░░░░░░░░░░░░░░░░]  53.1%
     Best:     Objective 1= -30.60  Objective 2= -79.55
     Mean:     Objective 1=-134.18  Objective 2=-728.47

Gen  532/1000 [██████████████████████████░░░░░░░░░░░░░░░░░░░░░░░░]  53.2%
     Best:     Objective 1= -29.84  Objective 2= -68.38
     Mean:     Objective 1=-129.02  Objective 2=-668.63

Gen  533/1000 [██████████████████████████░░░░░░░░░░░░░░░░░░░░░░░░]  53.3%
     Best:     Objective 1= -24.78  Objective 2= -78.71
     Mean:     Objective 1=-125.59  Objective 2=-671.67

Gen  534/1000 [██████████████████████████░░░░░░░░░░░░░░░░░░░░░░░░]  53.4%
     Best:     Objective 1= -29.76  Objective 2= -79.26
     Mean:     Objective 1=-125.93  Objective 2=-708.28

Gen  535/1000 [██████████████████████████░░░░░░░░░░░░░░░░░░░░░░░░]  53.5%
     Best:     Objective 1= -25.52  Objective 2= -80.42
     Mean:     Objective 1=-127.47  Objective 2=-696.04

Generation 535:	[-26.41403729 -83.38195387]
Mean fitness:	-391.47 +- 645.68
Mean fitness per obj: ['-129.64 +-157.65', '-653.31 +-819.66']
Gen  536/1000 [██████████████████████████░░░░░░░░░░░░░░░░░░░░░░░░]  53.6%
     Best:     Objective 1= -29.57  Objective 2= -68.62
     Mean:     Objective 1=-129.64  Objective 2=-653.31

Gen  537/1000 [██████████████████████████░░░░░░░░░░░░░░░░░░░░░░░░]  53.7%
     Best:     Objective 1= -26.22  Objective 2= -81.76
     Mean:     Objective 1=-122.16  Objective 2=-676.53

Gen  538/1000 [██████████████████████████░░░░░░░░░░░░░░░░░░░░░░░░]  53.8%
     Best:     Objective 1= -17.81  Objective 2= -86.62
     Mean:     Objective 1=-133.78  Objective 2=-715.77

Gen  539/1000 [██████████████████████████░░░░░░░░░░░░░░░░░░░░░░░░]  53.9%
     Best:     Objective 1= -28.36  Objective 2= -68.99
     Mean:     Objective 1=-126.95  Objective 2=-633.66

Gen  540/1000 [███████████████████████████░░░░░░░░░░░░░░░░░░░░░░░]  54.0%
     Best:     Objective 1= -27.51  Objective 2= -71.69
     Mean:     Objective 1=-127.04  Objective 2=-731.71

Generation 540:	[-26.41403729 -83.38195387]
Mean fitness:	-431.79 +- 728.47
Mean fitness per obj: ['-120.09 +-104.82', '-743.49 +-925.23']
Gen  541/1000 [███████████████████████████░░░░░░░░░░░░░░░░░░░░░░░]  54.1%
     Best:     Objective 1= -32.28  Objective 2= -78.06
     Mean:     Objective 1=-120.09  Objective 2=-743.49

Gen  542/1000 [███████████████████████████░░░░░░░░░░░░░░░░░░░░░░░]  54.2%
     Best:     Objective 1= -26.96  Objective 2= -73.37
     Mean:     Objective 1=-122.90  Objective 2=-662.06

Gen  543/1000 [███████████████████████████░░░░░░░░░░░░░░░░░░░░░░░]  54.3%
     Best:     Objective 1= -31.78  Objective 2= -87.44
     Mean:     Objective 1=-127.86  Objective 2=-653.20

Gen  544/1000 [███████████████████████████░░░░░░░░░░░░░░░░░░░░░░░]  54.4%
     Best:     Objective 1= -32.01  Objective 2= -77.25
     Mean:     Objective 1=-124.03  Objective 2=-719.17

Gen  545/1000 [███████████████████████████░░░░░░░░░░░░░░░░░░░░░░░]  54.5%
     Best:     Objective 1= -27.65  Objective 2= -83.83
     Mean:     Objective 1=-130.13  Objective 2=-687.52

Generation 545:	[-26.41403729 -83.38195387]
Mean fitness:	-404.31 +- 650.01
Mean fitness per obj: ['-130.66 +-130.47', '-677.95 +-823.55']
Gen  546/1000 [███████████████████████████░░░░░░░░░░░░░░░░░░░░░░░]  54.6%
     Best:     Objective 1= -23.51  Objective 2= -77.28
     Mean:     Objective 1=-130.66  Objective 2=-677.95

Gen  547/1000 [███████████████████████████░░░░░░░░░░░░░░░░░░░░░░░]  54.7%
     Best:     Objective 1= -23.47  Objective 2= -83.88
     Mean:     Objective 1=-127.19  Objective 2=-671.12

Gen  548/1000 [███████████████████████████░░░░░░░░░░░░░░░░░░░░░░░]  54.8%
     Best:     Objective 1= -25.02  Objective 2= -80.56
     Mean:     Objective 1=-127.81  Objective 2=-699.70

Gen  549/1000 [███████████████████████████░░░░░░░░░░░░░░░░░░░░░░░]  54.9%
     Best:     Objective 1= -23.19  Objective 2= -80.10
     Mean:     Objective 1=-124.18  Objective 2=-712.97

Gen  550/1000 [███████████████████████████░░░░░░░░░░░░░░░░░░░░░░░]  55.0%
     Best:     Objective 1= -25.17  Objective 2= -80.43
     Mean:     Objective 1=-126.57  Objective 2=-742.85

Generation 550:	[-26.41403729 -83.38195387]
Mean fitness:	-404.18 +- 663.93
Mean fitness per obj: ['-114.61 +-85.53', '-693.74 +-840.60']
Gen  551/1000 [███████████████████████████░░░░░░░░░░░░░░░░░░░░░░░]  55.1%
     Best:     Objective 1= -28.71  Objective 2= -80.36
     Mean:     Objective 1=-114.61  Objective 2=-693.74

Gen  552/1000 [███████████████████████████░░░░░░░░░░░░░░░░░░░░░░░]  55.2%
     Best:     Objective 1= -26.47  Objective 2= -72.13
     Mean:     Objective 1=-121.55  Objective 2=-698.24

Gen  553/1000 [███████████████████████████░░░░░░░░░░░░░░░░░░░░░░░]  55.3%
     Best:     Objective 1= -22.05  Objective 2= -77.60
     Mean:     Objective 1=-122.44  Objective 2=-620.16

Gen  554/1000 [███████████████████████████░░░░░░░░░░░░░░░░░░░░░░░]  55.4%
     Best:     Objective 1= -23.91  Objective 2= -84.62
     Mean:     Objective 1=-136.99  Objective 2=-623.61

Gen  555/1000 [███████████████████████████░░░░░░░░░░░░░░░░░░░░░░░]  55.5%
     Best:     Objective 1= -27.00  Objective 2= -74.37
     Mean:     Objective 1=-125.62  Objective 2=-728.87

Generation 555:	[-26.41403729 -83.38195387]
Mean fitness:	-362.11 +- 521.81
Mean fitness per obj: ['-124.41 +-135.83', '-599.80 +-642.74']
Gen  556/1000 [███████████████████████████░░░░░░░░░░░░░░░░░░░░░░░]  55.6%
     Best:     Objective 1= -27.45  Objective 2= -73.61
     Mean:     Objective 1=-124.41  Objective 2=-599.80

Gen  557/1000 [███████████████████████████░░░░░░░░░░░░░░░░░░░░░░░]  55.7%
     Best:     Objective 1= -30.63  Objective 2= -70.49
     Mean:     Objective 1=-126.91  Objective 2=-668.13

Gen  558/1000 [███████████████████████████░░░░░░░░░░░░░░░░░░░░░░░]  55.8%
     Best:     Objective 1= -33.86  Objective 2= -71.14
     Mean:     Objective 1=-130.89  Objective 2=-621.51

Gen  559/1000 [███████████████████████████░░░░░░░░░░░░░░░░░░░░░░░]  55.9%
     Best:     Objective 1= -29.06  Objective 2= -85.99
     Mean:     Objective 1=-122.55  Objective 2=-671.46

Gen  560/1000 [████████████████████████████░░░░░░░░░░░░░░░░░░░░░░]  56.0%
     Best:     Objective 1= -28.83  Objective 2= -81.66
     Mean:     Objective 1=-119.34  Objective 2=-680.72

Generation 560:	[-26.41403729 -83.38195387]
Mean fitness:	-384.67 +- 644.11
Mean fitness per obj: ['-117.87 +-135.00', '-651.46 +-818.04']
Gen  561/1000 [████████████████████████████░░░░░░░░░░░░░░░░░░░░░░]  56.1%
     Best:     Objective 1= -23.58  Objective 2= -84.28
     Mean:     Objective 1=-117.87  Objective 2=-651.46

Gen  562/1000 [████████████████████████████░░░░░░░░░░░░░░░░░░░░░░]  56.2%
     Best:     Objective 1= -27.60  Objective 2= -71.94
     Mean:     Objective 1=-121.38  Objective 2=-730.90

Gen  563/1000 [████████████████████████████░░░░░░░░░░░░░░░░░░░░░░]  56.3%
     Best:     Objective 1= -21.89  Objective 2= -78.37
     Mean:     Objective 1=-124.41  Objective 2=-725.66

Gen  564/1000 [████████████████████████████░░░░░░░░░░░░░░░░░░░░░░]  56.4%
     Best:     Objective 1= -26.30  Objective 2= -72.85
     Mean:     Objective 1=-122.51  Objective 2=-704.90

Gen  565/1000 [████████████████████████████░░░░░░░░░░░░░░░░░░░░░░]  56.5%
     Best:     Objective 1= -22.04  Objective 2= -84.10
     Mean:     Objective 1=-125.86  Objective 2=-676.51

Generation 565:	[-26.41403729 -83.38195387]
Mean fitness:	-365.87 +- 589.05
Mean fitness per obj: ['-117.66 +-111.33', '-614.07 +-747.24']
Gen  566/1000 [████████████████████████████░░░░░░░░░░░░░░░░░░░░░░]  56.6%
     Best:     Objective 1= -30.04  Objective 2= -89.05
     Mean:     Objective 1=-117.66  Objective 2=-614.07

Gen  567/1000 [████████████████████████████░░░░░░░░░░░░░░░░░░░░░░]  56.7%
     Best:     Objective 1= -27.54  Objective 2= -79.99
     Mean:     Objective 1=-129.99  Objective 2=-702.53

Gen  568/1000 [████████████████████████████░░░░░░░░░░░░░░░░░░░░░░]  56.8%
     Best:     Objective 1= -29.40  Objective 2= -88.97
     Mean:     Objective 1=-126.63  Objective 2=-747.85

Gen  569/1000 [████████████████████████████░░░░░░░░░░░░░░░░░░░░░░]  56.9%
     Best:     Objective 1= -25.50  Objective 2= -78.47
     Mean:     Objective 1=-121.84  Objective 2=-786.47

Gen  570/1000 [████████████████████████████░░░░░░░░░░░░░░░░░░░░░░]  57.0%
     Best:     Objective 1= -22.89  Objective 2= -87.78
     Mean:     Objective 1=-124.15  Objective 2=-632.23

Generation 570:	[-26.41403729 -83.38195387]
Mean fitness:	-393.20 +- 632.79
Mean fitness per obj: ['-124.49 +-101.88', '-661.91 +-803.78']
Gen  571/1000 [████████████████████████████░░░░░░░░░░░░░░░░░░░░░░]  57.1%
     Best:     Objective 1= -29.86  Objective 2= -86.20
     Mean:     Objective 1=-124.49  Objective 2=-661.91

Gen  572/1000 [████████████████████████████░░░░░░░░░░░░░░░░░░░░░░]  57.2%
     Best:     Objective 1= -21.41  Objective 2= -84.12
     Mean:     Objective 1=-132.17  Objective 2=-710.83

Gen  573/1000 [████████████████████████████░░░░░░░░░░░░░░░░░░░░░░]  57.3%
     Best:     Objective 1= -28.18  Objective 2= -75.71
     Mean:     Objective 1=-127.36  Objective 2=-695.18

Gen  574/1000 [████████████████████████████░░░░░░░░░░░░░░░░░░░░░░]  57.4%
     Best:     Objective 1= -30.95  Objective 2= -80.29
     Mean:     Objective 1=-127.26  Objective 2=-670.40

Gen  575/1000 [████████████████████████████░░░░░░░░░░░░░░░░░░░░░░]  57.5%
     Best:     Objective 1= -29.27  Objective 2= -78.83
     Mean:     Objective 1=-131.88  Objective 2=-660.45

Generation 575:	[-26.41403729 -83.38195387]
Mean fitness:	-386.32 +- 625.59
Mean fitness per obj: ['-124.16 +-140.82', '-648.49 +-790.85']
Gen  576/1000 [████████████████████████████░░░░░░░░░░░░░░░░░░░░░░]  57.6%
     Best:     Objective 1= -21.56  Objective 2= -84.29
     Mean:     Objective 1=-124.16  Objective 2=-648.49

Gen  577/1000 [████████████████████████████░░░░░░░░░░░░░░░░░░░░░░]  57.7%
     Best:     Objective 1= -27.38  Objective 2= -76.80
     Mean:     Objective 1=-126.33  Objective 2=-730.48

Gen  578/1000 [████████████████████████████░░░░░░░░░░░░░░░░░░░░░░]  57.8%
     Best:     Objective 1= -28.18  Objective 2= -82.58
     Mean:     Objective 1=-126.26  Objective 2=-681.07

Gen  579/1000 [████████████████████████████░░░░░░░░░░░░░░░░░░░░░░]  57.9%
     Best:     Objective 1= -22.67  Objective 2= -84.08
     Mean:     Objective 1=-130.25  Objective 2=-798.44

Gen  580/1000 [████████████████████████████░░░░░░░░░░░░░░░░░░░░░░]  58.0%
     Best:     Objective 1= -25.67  Objective 2= -83.82
     Mean:     Objective 1=-132.94  Objective 2=-820.48

Generation 580:	[-26.41403729 -83.38195387]
Mean fitness:	-425.13 +- 680.38
Mean fitness per obj: ['-133.05 +-154.17', '-717.20 +-855.25']
Gen  581/1000 [█████████████████████████████░░░░░░░░░░░░░░░░░░░░░]  58.1%
     Best:     Objective 1= -19.89  Objective 2= -68.08
     Mean:     Objective 1=-133.05  Objective 2=-717.20

Gen  582/1000 [█████████████████████████████░░░░░░░░░░░░░░░░░░░░░]  58.2%
     Best:     Objective 1= -21.83  Objective 2= -83.69
     Mean:     Objective 1=-120.89  Objective 2=-643.11

Gen  583/1000 [█████████████████████████████░░░░░░░░░░░░░░░░░░░░░]  58.3%
     Best:     Objective 1= -27.86  Objective 2= -80.51
     Mean:     Objective 1=-125.39  Objective 2=-681.48

Gen  584/1000 [█████████████████████████████░░░░░░░░░░░░░░░░░░░░░]  58.4%
     Best:     Objective 1= -27.90  Objective 2= -72.35
     Mean:     Objective 1=-132.62  Objective 2=-702.42

Gen  585/1000 [█████████████████████████████░░░░░░░░░░░░░░░░░░░░░]  58.5%
     Best:     Objective 1= -28.61  Objective 2= -76.25
     Mean:     Objective 1=-122.91  Objective 2=-716.78

Generation 585:	[-26.41403729 -83.38195387]
Mean fitness:	-395.20 +- 633.04
Mean fitness per obj: ['-128.94 +-151.00', '-661.47 +-798.05']
Gen  586/1000 [█████████████████████████████░░░░░░░░░░░░░░░░░░░░░]  58.6%
     Best:     Objective 1= -30.85  Objective 2= -80.62
     Mean:     Objective 1=-128.94  Objective 2=-661.47

Gen  587/1000 [█████████████████████████████░░░░░░░░░░░░░░░░░░░░░]  58.7%
     Best:     Objective 1= -26.18  Objective 2= -75.27
     Mean:     Objective 1=-121.52  Objective 2=-711.51

Gen  588/1000 [█████████████████████████████░░░░░░░░░░░░░░░░░░░░░]  58.8%
     Best:     Objective 1= -25.88  Objective 2= -79.46
     Mean:     Objective 1=-134.05  Objective 2=-736.74

Gen  589/1000 [█████████████████████████████░░░░░░░░░░░░░░░░░░░░░]  58.9%
     Best:     Objective 1= -21.86  Objective 2= -67.59
     Mean:     Objective 1=-136.48  Objective 2=-694.59

Gen  590/1000 [█████████████████████████████░░░░░░░░░░░░░░░░░░░░░]  59.0%
     Best:     Objective 1= -30.65  Objective 2= -73.07
     Mean:     Objective 1=-126.80  Objective 2=-646.40

Generation 590:	[-26.41403729 -83.38195387]
Mean fitness:	-396.80 +- 665.79
Mean fitness per obj: ['-127.35 +-104.37', '-666.24 +-854.67']
Gen  591/1000 [█████████████████████████████░░░░░░░░░░░░░░░░░░░░░]  59.1%
     Best:     Objective 1= -32.65  Objective 2= -86.46
     Mean:     Objective 1=-127.35  Objective 2=-666.24

Gen  592/1000 [█████████████████████████████░░░░░░░░░░░░░░░░░░░░░]  59.2%
     Best:     Objective 1= -28.91  Objective 2= -89.36
     Mean:     Objective 1=-125.43  Objective 2=-736.55

Gen  593/1000 [█████████████████████████████░░░░░░░░░░░░░░░░░░░░░]  59.3%
     Best:     Objective 1= -25.61  Objective 2= -75.10
     Mean:     Objective 1=-119.70  Objective 2=-678.18

Gen  594/1000 [█████████████████████████████░░░░░░░░░░░░░░░░░░░░░]  59.4%
     Best:     Objective 1= -25.01  Objective 2= -62.52
     Mean:     Objective 1=-126.88  Objective 2=-741.19

Gen  595/1000 [█████████████████████████████░░░░░░░░░░░░░░░░░░░░░]  59.5%
     Best:     Objective 1= -24.79  Objective 2= -80.11
     Mean:     Objective 1=-125.90  Objective 2=-749.39

Generation 595:	[-26.41403729 -83.38195387]
Mean fitness:	-450.19 +- 766.84
Mean fitness per obj: ['-126.75 +-109.84', '-773.62 +-977.14']
Gen  596/1000 [█████████████████████████████░░░░░░░░░░░░░░░░░░░░░]  59.6%
     Best:     Objective 1= -27.51  Objective 2= -81.16
     Mean:     Objective 1=-126.75  Objective 2=-773.62

Gen  597/1000 [█████████████████████████████░░░░░░░░░░░░░░░░░░░░░]  59.7%
     Best:     Objective 1= -28.03  Objective 2= -89.78
     Mean:     Objective 1=-121.93  Objective 2=-665.43

Gen  598/1000 [█████████████████████████████░░░░░░░░░░░░░░░░░░░░░]  59.8%
     Best:     Objective 1= -30.57  Objective 2= -72.22
     Mean:     Objective 1=-120.27  Objective 2=-624.55

Gen  599/1000 [█████████████████████████████░░░░░░░░░░░░░░░░░░░░░]  59.9%
     Best:     Objective 1= -25.53  Objective 2= -79.99
     Mean:     Objective 1=-128.63  Objective 2=-685.68

Gen  600/1000 [██████████████████████████████░░░░░░░░░░░░░░░░░░░░]  60.0%
     Best:     Objective 1= -27.33  Objective 2= -71.71
     Mean:     Objective 1=-123.74  Objective 2=-679.20

Generation 600:	[-26.41403729 -83.38195387]
Mean fitness:	-421.97 +- 689.40
Mean fitness per obj: ['-126.08 +-120.99', '-717.87 +-872.24']
Gen  601/1000 [██████████████████████████████░░░░░░░░░░░░░░░░░░░░]  60.1%
     Best:     Objective 1= -20.63  Objective 2= -74.84
     Mean:     Objective 1=-126.08  Objective 2=-717.87

Gen  602/1000 [██████████████████████████████░░░░░░░░░░░░░░░░░░░░]  60.2%
     Best:     Objective 1= -22.56  Objective 2= -83.67
     Mean:     Objective 1=-131.36  Objective 2=-705.06

Gen  603/1000 [██████████████████████████████░░░░░░░░░░░░░░░░░░░░]  60.3%
     Best:     Objective 1= -19.63  Objective 2= -86.50
     Mean:     Objective 1=-126.75  Objective 2=-616.50

Gen  604/1000 [██████████████████████████████░░░░░░░░░░░░░░░░░░░░]  60.4%
     Best:     Objective 1= -25.70  Objective 2= -73.12
     Mean:     Objective 1=-122.65  Objective 2=-613.11

Gen  605/1000 [██████████████████████████████░░░░░░░░░░░░░░░░░░░░]  60.5%
     Best:     Objective 1= -24.72  Objective 2= -75.14
     Mean:     Objective 1=-126.54  Objective 2=-729.42

Generation 605:	[-26.41403729 -83.38195387]
Mean fitness:	-405.73 +- 665.11
Mean fitness per obj: ['-112.96 +-95.11', '-698.50 +-839.21']
Gen  606/1000 [██████████████████████████████░░░░░░░░░░░░░░░░░░░░]  60.6%
     Best:     Objective 1= -30.95  Objective 2= -74.82
     Mean:     Objective 1=-112.96  Objective 2=-698.50

Gen  607/1000 [██████████████████████████████░░░░░░░░░░░░░░░░░░░░]  60.7%
     Best:     Objective 1= -28.80  Objective 2= -82.12
     Mean:     Objective 1=-122.19  Objective 2=-654.42

Gen  608/1000 [██████████████████████████████░░░░░░░░░░░░░░░░░░░░]  60.8%
     Best:     Objective 1= -23.20  Objective 2= -83.36
     Mean:     Objective 1=-133.10  Objective 2=-757.46

Gen  609/1000 [██████████████████████████████░░░░░░░░░░░░░░░░░░░░]  60.9%
     Best:     Objective 1= -26.99  Objective 2= -70.17
     Mean:     Objective 1=-127.50  Objective 2=-617.35

Gen  610/1000 [██████████████████████████████░░░░░░░░░░░░░░░░░░░░]  61.0%
     Best:     Objective 1= -31.90  Objective 2= -75.74
     Mean:     Objective 1=-133.91  Objective 2=-718.85

Generation 610:	[-26.41403729 -83.38195387]
Mean fitness:	-435.48 +- 696.68
Mean fitness per obj: ['-148.92 +-220.35', '-722.04 +-870.60']
Gen  611/1000 [██████████████████████████████░░░░░░░░░░░░░░░░░░░░]  61.1%
     Best:     Objective 1= -27.09  Objective 2= -74.07
     Mean:     Objective 1=-148.92  Objective 2=-722.04

Gen  612/1000 [██████████████████████████████░░░░░░░░░░░░░░░░░░░░]  61.2%
     Best:     Objective 1= -32.60  Objective 2= -74.63
     Mean:     Objective 1=-122.98  Objective 2=-666.50

Gen  613/1000 [██████████████████████████████░░░░░░░░░░░░░░░░░░░░]  61.3%
     Best:     Objective 1= -27.88  Objective 2= -76.33
     Mean:     Objective 1=-136.44  Objective 2=-668.31

Gen  614/1000 [██████████████████████████████░░░░░░░░░░░░░░░░░░░░]  61.4%
     Best:     Objective 1= -33.33  Objective 2= -70.13
     Mean:     Objective 1=-122.08  Objective 2=-665.17

Gen  615/1000 [██████████████████████████████░░░░░░░░░░░░░░░░░░░░]  61.5%
     Best:     Objective 1= -21.77  Objective 2= -72.46
     Mean:     Objective 1=-125.17  Objective 2=-661.46

Generation 615:	[-26.41403729 -83.38195387]
Mean fitness:	-354.00 +- 520.72
Mean fitness per obj: ['-128.89 +-148.63', '-579.11 +-647.20']
Gen  616/1000 [██████████████████████████████░░░░░░░░░░░░░░░░░░░░]  61.6%
     Best:     Objective 1= -25.56  Objective 2= -73.51
     Mean:     Objective 1=-128.89  Objective 2=-579.11

Gen  617/1000 [██████████████████████████████░░░░░░░░░░░░░░░░░░░░]  61.7%
     Best:     Objective 1= -24.26  Objective 2= -85.98
     Mean:     Objective 1=-121.77  Objective 2=-682.51

Gen  618/1000 [██████████████████████████████░░░░░░░░░░░░░░░░░░░░]  61.8%
     Best:     Objective 1= -24.38  Objective 2= -78.47
     Mean:     Objective 1=-125.22  Objective 2=-691.33

Gen  619/1000 [██████████████████████████████░░░░░░░░░░░░░░░░░░░░]  61.9%
     Best:     Objective 1= -24.61  Objective 2= -88.03
     Mean:     Objective 1=-123.48  Objective 2=-788.82

Gen  620/1000 [███████████████████████████████░░░░░░░░░░░░░░░░░░░]  62.0%
     Best:     Objective 1= -28.72  Objective 2= -81.25
     Mean:     Objective 1=-123.34  Objective 2=-679.76

Generation 620:	[-26.41403729 -83.38195387]
Mean fitness:	-376.46 +- 603.63
Mean fitness per obj: ['-125.55 +-138.37', '-627.38 +-763.99']
Gen  621/1000 [███████████████████████████████░░░░░░░░░░░░░░░░░░░]  62.1%
     Best:     Objective 1= -25.57  Objective 2= -80.76
     Mean:     Objective 1=-125.55  Objective 2=-627.38

Gen  622/1000 [███████████████████████████████░░░░░░░░░░░░░░░░░░░]  62.2%
     Best:     Objective 1= -29.43  Objective 2= -86.22
     Mean:     Objective 1=-123.75  Objective 2=-624.85

Gen  623/1000 [███████████████████████████████░░░░░░░░░░░░░░░░░░░]  62.3%
     Best:     Objective 1= -24.70  Objective 2= -77.43
     Mean:     Objective 1=-117.09  Objective 2=-692.87

Gen  624/1000 [███████████████████████████████░░░░░░░░░░░░░░░░░░░]  62.4%
     Best:     Objective 1= -31.00  Objective 2= -86.11
     Mean:     Objective 1=-130.96  Objective 2=-638.27

Gen  625/1000 [███████████████████████████████░░░░░░░░░░░░░░░░░░░]  62.5%
     Best:     Objective 1= -31.36  Objective 2= -88.27
     Mean:     Objective 1=-121.38  Objective 2=-729.77

Generation 625:	[-26.41403729 -83.38195387]
Mean fitness:	-422.06 +- 705.05
Mean fitness per obj: ['-125.91 +-149.43', '-718.21 +-892.44']
Gen  626/1000 [███████████████████████████████░░░░░░░░░░░░░░░░░░░]  62.6%
     Best:     Objective 1= -21.59  Objective 2= -71.51
     Mean:     Objective 1=-125.91  Objective 2=-718.21

Gen  627/1000 [███████████████████████████████░░░░░░░░░░░░░░░░░░░]  62.7%
     Best:     Objective 1= -25.23  Objective 2= -66.56
     Mean:     Objective 1=-138.91  Objective 2=-713.46

Gen  628/1000 [███████████████████████████████░░░░░░░░░░░░░░░░░░░]  62.8%
     Best:     Objective 1= -25.99  Objective 2= -75.76
     Mean:     Objective 1=-132.31  Objective 2=-690.27

Gen  629/1000 [███████████████████████████████░░░░░░░░░░░░░░░░░░░]  62.9%
     Best:     Objective 1= -29.68  Objective 2= -76.87
     Mean:     Objective 1=-129.86  Objective 2=-601.77

Gen  630/1000 [███████████████████████████████░░░░░░░░░░░░░░░░░░░]  63.0%
     Best:     Objective 1= -31.20  Objective 2= -86.06
     Mean:     Objective 1=-136.48  Objective 2=-674.83

Generation 630:	[-26.41403729 -83.38195387]
Mean fitness:	-395.85 +- 643.81
Mean fitness per obj: ['-126.49 +-141.96', '-665.22 +-814.68']
Gen  631/1000 [███████████████████████████████░░░░░░░░░░░░░░░░░░░]  63.1%
     Best:     Objective 1= -28.21  Objective 2= -81.29
     Mean:     Objective 1=-126.49  Objective 2=-665.22

Gen  632/1000 [███████████████████████████████░░░░░░░░░░░░░░░░░░░]  63.2%
     Best:     Objective 1= -30.94  Objective 2= -70.63
     Mean:     Objective 1=-119.76  Objective 2=-606.82

Gen  633/1000 [███████████████████████████████░░░░░░░░░░░░░░░░░░░]  63.3%
     Best:     Objective 1= -28.39  Objective 2= -76.98
     Mean:     Objective 1=-134.50  Objective 2=-617.19

Gen  634/1000 [███████████████████████████████░░░░░░░░░░░░░░░░░░░]  63.4%
     Best:     Objective 1= -32.16  Objective 2= -86.96
     Mean:     Objective 1=-136.42  Objective 2=-712.74

Gen  635/1000 [███████████████████████████████░░░░░░░░░░░░░░░░░░░]  63.5%
     Best:     Objective 1= -24.87  Objective 2= -81.75
     Mean:     Objective 1=-122.82  Objective 2=-716.07

Generation 635:	[-26.41403729 -83.38195387]
Mean fitness:	-398.33 +- 665.03
Mean fitness per obj: ['-120.34 +-98.92', '-676.31 +-848.64']
Gen  636/1000 [███████████████████████████████░░░░░░░░░░░░░░░░░░░]  63.6%
     Best:     Objective 1= -28.75  Objective 2= -84.92
     Mean:     Objective 1=-120.34  Objective 2=-676.31

Gen  637/1000 [███████████████████████████████░░░░░░░░░░░░░░░░░░░]  63.7%
     Best:     Objective 1= -21.84  Objective 2= -84.00
     Mean:     Objective 1=-140.35  Objective 2=-686.62

Gen  638/1000 [███████████████████████████████░░░░░░░░░░░░░░░░░░░]  63.8%
     Best:     Objective 1= -34.43  Objective 2= -81.50
     Mean:     Objective 1=-130.48  Objective 2=-660.70

Gen  639/1000 [███████████████████████████████░░░░░░░░░░░░░░░░░░░]  63.9%
     Best:     Objective 1= -30.50  Objective 2= -87.25
     Mean:     Objective 1=-143.51  Objective 2=-714.63

Gen  640/1000 [████████████████████████████████░░░░░░░░░░░░░░░░░░]  64.0%
     Best:     Objective 1= -24.99  Objective 2= -83.59
     Mean:     Objective 1=-128.42  Objective 2=-751.61

Generation 640:	[-26.41403729 -83.38195387]
Mean fitness:	-402.81 +- 689.07
Mean fitness per obj: ['-114.36 +-83.13', '-691.25 +-881.09']
Gen  641/1000 [████████████████████████████████░░░░░░░░░░░░░░░░░░]  64.1%
     Best:     Objective 1= -22.10  Objective 2= -71.01
     Mean:     Objective 1=-114.36  Objective 2=-691.25

Gen  642/1000 [████████████████████████████████░░░░░░░░░░░░░░░░░░]  64.2%
     Best:     Objective 1= -30.81  Objective 2= -81.25
     Mean:     Objective 1=-127.89  Objective 2=-730.37

Gen  643/1000 [████████████████████████████████░░░░░░░░░░░░░░░░░░]  64.3%
     Best:     Objective 1= -27.86  Objective 2= -84.60
     Mean:     Objective 1=-127.36  Objective 2=-708.38

Gen  644/1000 [████████████████████████████████░░░░░░░░░░░░░░░░░░]  64.4%
     Best:     Objective 1= -26.24  Objective 2= -73.44
     Mean:     Objective 1=-122.54  Objective 2=-736.96

Gen  645/1000 [████████████████████████████████░░░░░░░░░░░░░░░░░░]  64.5%
     Best:     Objective 1= -25.24  Objective 2= -74.39
     Mean:     Objective 1=-117.80  Objective 2=-697.78

Generation 645:	[-26.41403729 -83.38195387]
Mean fitness:	-389.91 +- 619.77
Mean fitness per obj: ['-120.26 +-117.74', '-659.56 +-780.34']
Gen  646/1000 [████████████████████████████████░░░░░░░░░░░░░░░░░░]  64.6%
     Best:     Objective 1= -26.07  Objective 2= -85.42
     Mean:     Objective 1=-120.26  Objective 2=-659.56

Gen  647/1000 [████████████████████████████████░░░░░░░░░░░░░░░░░░]  64.7%
     Best:     Objective 1= -26.90  Objective 2= -73.66
     Mean:     Objective 1=-122.32  Objective 2=-716.04

Gen  648/1000 [████████████████████████████████░░░░░░░░░░░░░░░░░░]  64.8%
     Best:     Objective 1= -29.52  Objective 2= -88.12
     Mean:     Objective 1=-120.34  Objective 2=-690.46

Gen  649/1000 [████████████████████████████████░░░░░░░░░░░░░░░░░░]  64.9%
     Best:     Objective 1= -29.03  Objective 2= -72.98
     Mean:     Objective 1=-145.73  Objective 2=-705.01

Gen  650/1000 [████████████████████████████████░░░░░░░░░░░░░░░░░░]  65.0%
     Best:     Objective 1= -31.21  Objective 2= -79.06
     Mean:     Objective 1=-122.03  Objective 2=-628.17

Generation 650:	[-26.41403729 -83.38195387]
Mean fitness:	-408.63 +- 658.86
Mean fitness per obj: ['-124.59 +-97.60', '-692.68 +-835.04']
Gen  651/1000 [████████████████████████████████░░░░░░░░░░░░░░░░░░]  65.1%
     Best:     Objective 1= -25.01  Objective 2= -78.73
     Mean:     Objective 1=-124.59  Objective 2=-692.68

Gen  652/1000 [████████████████████████████████░░░░░░░░░░░░░░░░░░]  65.2%
     Best:     Objective 1= -31.97  Objective 2= -80.76
     Mean:     Objective 1=-124.45  Objective 2=-667.82

Gen  653/1000 [████████████████████████████████░░░░░░░░░░░░░░░░░░]  65.3%
     Best:     Objective 1= -24.67  Objective 2= -82.66
     Mean:     Objective 1=-131.42  Objective 2=-716.37

Gen  654/1000 [████████████████████████████████░░░░░░░░░░░░░░░░░░]  65.4%
     Best:     Objective 1= -25.63  Objective 2= -82.83
     Mean:     Objective 1=-133.76  Objective 2=-734.40

Gen  655/1000 [████████████████████████████████░░░░░░░░░░░░░░░░░░]  65.5%
     Best:     Objective 1= -27.81  Objective 2= -87.24
     Mean:     Objective 1=-135.55  Objective 2=-767.38

Generation 655:	[-26.41403729 -83.38195387]
Mean fitness:	-444.87 +- 715.30
Mean fitness per obj: ['-122.24 +-147.02', '-767.50 +-890.79']
Gen  656/1000 [████████████████████████████████░░░░░░░░░░░░░░░░░░]  65.6%
     Best:     Objective 1= -28.25  Objective 2= -74.75
     Mean:     Objective 1=-122.24  Objective 2=-767.50

Gen  657/1000 [████████████████████████████████░░░░░░░░░░░░░░░░░░]  65.7%
     Best:     Objective 1= -26.64  Objective 2= -83.25
     Mean:     Objective 1=-127.30  Objective 2=-683.50

Gen  658/1000 [████████████████████████████████░░░░░░░░░░░░░░░░░░]  65.8%
     Best:     Objective 1= -29.36  Objective 2= -69.26
     Mean:     Objective 1=-121.39  Objective 2=-667.16

Gen  659/1000 [████████████████████████████████░░░░░░░░░░░░░░░░░░]  65.9%
     Best:     Objective 1= -27.05  Objective 2= -80.40
     Mean:     Objective 1=-127.96  Objective 2=-672.32

Gen  660/1000 [█████████████████████████████████░░░░░░░░░░░░░░░░░]  66.0%
     Best:     Objective 1= -34.39  Objective 2= -67.77
     Mean:     Objective 1=-130.45  Objective 2=-678.80

Generation 660:	[-26.41403729 -83.38195387]
Mean fitness:	-400.69 +- 666.63
Mean fitness per obj: ['-124.85 +-123.38', '-676.53 +-849.36']
Gen  661/1000 [█████████████████████████████████░░░░░░░░░░░░░░░░░]  66.1%
     Best:     Objective 1= -24.12  Objective 2= -84.83
     Mean:     Objective 1=-124.85  Objective 2=-676.53

Gen  662/1000 [█████████████████████████████████░░░░░░░░░░░░░░░░░]  66.2%
     Best:     Objective 1= -23.29  Objective 2= -85.43
     Mean:     Objective 1=-118.52  Objective 2=-661.75

Gen  663/1000 [█████████████████████████████████░░░░░░░░░░░░░░░░░]  66.3%
     Best:     Objective 1= -32.37  Objective 2= -73.30
     Mean:     Objective 1=-136.89  Objective 2=-679.89

Gen  664/1000 [█████████████████████████████████░░░░░░░░░░░░░░░░░]  66.4%
     Best:     Objective 1= -29.41  Objective 2= -81.35
     Mean:     Objective 1=-123.66  Objective 2=-646.24

Gen  665/1000 [█████████████████████████████████░░░░░░░░░░░░░░░░░]  66.5%
     Best:     Objective 1= -28.40  Objective 2= -87.09
     Mean:     Objective 1=-122.60  Objective 2=-720.68

Generation 665:	[-26.41403729 -83.38195387]
Mean fitness:	-430.16 +- 689.64
Mean fitness per obj: ['-122.41 +-106.12', '-737.92 +-866.32']
Gen  666/1000 [█████████████████████████████████░░░░░░░░░░░░░░░░░]  66.6%
     Best:     Objective 1= -30.92  Objective 2= -71.38
     Mean:     Objective 1=-122.41  Objective 2=-737.92

Gen  667/1000 [█████████████████████████████████░░░░░░░░░░░░░░░░░]  66.7%
     Best:     Objective 1= -27.62  Objective 2= -79.03
     Mean:     Objective 1=-112.07  Objective 2=-676.68

Gen  668/1000 [█████████████████████████████████░░░░░░░░░░░░░░░░░]  66.8%
     Best:     Objective 1= -28.12  Objective 2= -81.56
     Mean:     Objective 1=-132.34  Objective 2=-657.51

Gen  669/1000 [█████████████████████████████████░░░░░░░░░░░░░░░░░]  66.9%
     Best:     Objective 1= -28.96  Objective 2= -87.93
     Mean:     Objective 1=-129.90  Objective 2=-622.91

Gen  670/1000 [█████████████████████████████████░░░░░░░░░░░░░░░░░]  67.0%
     Best:     Objective 1= -33.06  Objective 2= -92.19
     Mean:     Objective 1=-119.96  Objective 2=-635.86

Generation 670:	[-26.41403729 -83.38195387]
Mean fitness:	-362.52 +- 522.98
Mean fitness per obj: ['-120.59 +-119.57', '-604.46 +-644.71']
Gen  671/1000 [█████████████████████████████████░░░░░░░░░░░░░░░░░]  67.1%
     Best:     Objective 1= -27.64  Objective 2= -87.44
     Mean:     Objective 1=-120.59  Objective 2=-604.46

Gen  672/1000 [█████████████████████████████████░░░░░░░░░░░░░░░░░]  67.2%
     Best:     Objective 1= -25.41  Objective 2= -76.65
     Mean:     Objective 1=-137.28  Objective 2=-665.97

Gen  673/1000 [█████████████████████████████████░░░░░░░░░░░░░░░░░]  67.3%
     Best:     Objective 1= -29.26  Objective 2= -78.57
     Mean:     Objective 1=-111.20  Objective 2=-678.18

Gen  674/1000 [█████████████████████████████████░░░░░░░░░░░░░░░░░]  67.4%
     Best:     Objective 1= -20.68  Objective 2= -83.42
     Mean:     Objective 1=-129.65  Objective 2=-684.48

Gen  675/1000 [█████████████████████████████████░░░░░░░░░░░░░░░░░]  67.5%
     Best:     Objective 1= -34.15  Objective 2= -83.13
     Mean:     Objective 1=-134.47  Objective 2=-727.62

Generation 675:	[-26.41403729 -83.38195387]
Mean fitness:	-417.41 +- 665.15
Mean fitness per obj: ['-134.23 +-145.78', '-700.59 +-838.57']
Gen  676/1000 [█████████████████████████████████░░░░░░░░░░░░░░░░░]  67.6%
     Best:     Objective 1= -24.00  Objective 2= -78.13
     Mean:     Objective 1=-134.23  Objective 2=-700.59

Gen  677/1000 [█████████████████████████████████░░░░░░░░░░░░░░░░░]  67.7%
     Best:     Objective 1= -28.07  Objective 2= -73.64
     Mean:     Objective 1=-136.67  Objective 2=-735.63

Gen  678/1000 [█████████████████████████████████░░░░░░░░░░░░░░░░░]  67.8%
     Best:     Objective 1= -32.90  Objective 2= -85.54
     Mean:     Objective 1=-129.98  Objective 2=-663.43

Gen  679/1000 [█████████████████████████████████░░░░░░░░░░░░░░░░░]  67.9%
     Best:     Objective 1= -26.69  Objective 2= -79.00
     Mean:     Objective 1=-121.34  Objective 2=-680.38

Gen  680/1000 [██████████████████████████████████░░░░░░░░░░░░░░░░]  68.0%
     Best:     Objective 1= -25.00  Objective 2= -87.27
     Mean:     Objective 1=-130.53  Objective 2=-637.43

Generation 680:	[-26.41403729 -83.38195387]
Mean fitness:	-433.60 +- 737.36
Mean fitness per obj: ['-120.02 +-123.34', '-747.18 +-935.68']
Gen  681/1000 [██████████████████████████████████░░░░░░░░░░░░░░░░]  68.1%
     Best:     Objective 1= -29.74  Objective 2= -90.09
     Mean:     Objective 1=-120.02  Objective 2=-747.18

Gen  682/1000 [██████████████████████████████████░░░░░░░░░░░░░░░░]  68.2%
     Best:     Objective 1= -24.06  Objective 2= -76.38
     Mean:     Objective 1=-122.02  Objective 2=-693.91

Gen  683/1000 [██████████████████████████████████░░░░░░░░░░░░░░░░]  68.3%
     Best:     Objective 1= -26.11  Objective 2= -76.70
     Mean:     Objective 1=-119.29  Objective 2=-759.64

Gen  684/1000 [██████████████████████████████████░░░░░░░░░░░░░░░░]  68.4%
     Best:     Objective 1= -30.05  Objective 2= -78.13
     Mean:     Objective 1=-131.31  Objective 2=-714.87

Gen  685/1000 [██████████████████████████████████░░░░░░░░░░░░░░░░]  68.5%
     Best:     Objective 1= -26.60  Objective 2= -84.72
     Mean:     Objective 1=-131.96  Objective 2=-729.93

Generation 685:	[-26.41403729 -83.38195387]
Mean fitness:	-382.92 +- 598.75
Mean fitness per obj: ['-124.03 +-125.36', '-641.81 +-753.16']
Gen  686/1000 [██████████████████████████████████░░░░░░░░░░░░░░░░]  68.6%
     Best:     Objective 1= -23.75  Objective 2= -79.61
     Mean:     Objective 1=-124.03  Objective 2=-641.81

Gen  687/1000 [██████████████████████████████████░░░░░░░░░░░░░░░░]  68.7%
     Best:     Objective 1= -32.90  Objective 2= -72.00
     Mean:     Objective 1=-133.02  Objective 2=-659.31

Gen  688/1000 [██████████████████████████████████░░░░░░░░░░░░░░░░]  68.8%
     Best:     Objective 1= -27.56  Objective 2= -87.32
     Mean:     Objective 1=-127.61  Objective 2=-654.88

Gen  689/1000 [██████████████████████████████████░░░░░░░░░░░░░░░░]  68.9%
     Best:     Objective 1= -19.73  Objective 2= -86.29
     Mean:     Objective 1=-128.82  Objective 2=-712.81

Gen  690/1000 [██████████████████████████████████░░░░░░░░░░░░░░░░]  69.0%
     Best:     Objective 1= -23.58  Objective 2= -78.60
     Mean:     Objective 1=-129.36  Objective 2=-731.09

Generation 690:	[-23.58088903 -78.59957411]
Mean fitness:	-425.59 +- 669.49
Mean fitness per obj: ['-138.40 +-161.56', '-712.78 +-839.86']
Gen  691/1000 [██████████████████████████████████░░░░░░░░░░░░░░░░]  69.1%
     Best:     Objective 1= -33.36  Objective 2= -79.15
     Mean:     Objective 1=-138.40  Objective 2=-712.78

Gen  692/1000 [██████████████████████████████████░░░░░░░░░░░░░░░░]  69.2%
     Best:     Objective 1= -18.30  Objective 2= -85.35
     Mean:     Objective 1=-119.36  Objective 2=-698.19

Gen  693/1000 [██████████████████████████████████░░░░░░░░░░░░░░░░]  69.3%
     Best:     Objective 1= -28.83  Objective 2= -81.82
     Mean:     Objective 1=-125.49  Objective 2=-657.99

Gen  694/1000 [██████████████████████████████████░░░░░░░░░░░░░░░░]  69.4%
     Best:     Objective 1= -26.54  Objective 2= -81.93
     Mean:     Objective 1=-127.47  Objective 2=-653.75

Gen  695/1000 [██████████████████████████████████░░░░░░░░░░░░░░░░]  69.5%
     Best:     Objective 1= -26.83  Objective 2= -64.05
     Mean:     Objective 1=-135.51  Objective 2=-747.96

Generation 695:	[-23.58088903 -78.59957411]
Mean fitness:	-396.12 +- 632.53
Mean fitness per obj: ['-115.96 +-111.60', '-676.27 +-794.21']
Gen  696/1000 [██████████████████████████████████░░░░░░░░░░░░░░░░]  69.6%
     Best:     Objective 1= -30.26  Objective 2= -74.24
     Mean:     Objective 1=-115.96  Objective 2=-676.27

Gen  697/1000 [██████████████████████████████████░░░░░░░░░░░░░░░░]  69.7%
     Best:     Objective 1= -21.83  Objective 2= -73.92
     Mean:     Objective 1=-132.09  Objective 2=-696.25

Gen  698/1000 [██████████████████████████████████░░░░░░░░░░░░░░░░]  69.8%
     Best:     Objective 1= -30.18  Objective 2= -80.53
     Mean:     Objective 1=-126.35  Objective 2=-685.21

Gen  699/1000 [██████████████████████████████████░░░░░░░░░░░░░░░░]  69.9%
     Best:     Objective 1= -23.41  Objective 2= -87.03
     Mean:     Objective 1=-124.34  Objective 2=-657.07

Gen  700/1000 [███████████████████████████████████░░░░░░░░░░░░░░░]  70.0%
     Best:     Objective 1= -26.25  Objective 2= -81.02
     Mean:     Objective 1=-112.29  Objective 2=-640.89

Generation 700:	[-23.58088903 -78.59957411]
Mean fitness:	-399.68 +- 631.75
Mean fitness per obj: ['-126.59 +-132.62', '-672.77 +-794.65']
Gen  701/1000 [███████████████████████████████████░░░░░░░░░░░░░░░]  70.1%
     Best:     Objective 1= -27.82  Objective 2= -76.26
     Mean:     Objective 1=-126.59  Objective 2=-672.77

Gen  702/1000 [███████████████████████████████████░░░░░░░░░░░░░░░]  70.2%
     Best:     Objective 1= -30.09  Objective 2= -88.02
     Mean:     Objective 1=-125.25  Objective 2=-719.47

Gen  703/1000 [███████████████████████████████████░░░░░░░░░░░░░░░]  70.3%
     Best:     Objective 1= -24.51  Objective 2= -82.77
     Mean:     Objective 1=-116.61  Objective 2=-673.07

Gen  704/1000 [███████████████████████████████████░░░░░░░░░░░░░░░]  70.4%
     Best:     Objective 1= -27.90  Objective 2= -69.33
     Mean:     Objective 1=-118.37  Objective 2=-659.93

Gen  705/1000 [███████████████████████████████████░░░░░░░░░░░░░░░]  70.5%
     Best:     Objective 1= -26.20  Objective 2= -71.99
     Mean:     Objective 1=-117.59  Objective 2=-666.50

Generation 705:	[-23.58088903 -78.59957411]
Mean fitness:	-460.74 +- 763.40
Mean fitness per obj: ['-123.71 +-120.89', '-797.76 +-961.12']
Gen  706/1000 [███████████████████████████████████░░░░░░░░░░░░░░░]  70.6%
     Best:     Objective 1= -30.11  Objective 2= -87.72
     Mean:     Objective 1=-123.71  Objective 2=-797.76

Gen  707/1000 [███████████████████████████████████░░░░░░░░░░░░░░░]  70.7%
     Best:     Objective 1= -27.74  Objective 2= -87.57
     Mean:     Objective 1=-122.71  Objective 2=-722.22

Gen  708/1000 [███████████████████████████████████░░░░░░░░░░░░░░░]  70.8%
     Best:     Objective 1= -27.20  Objective 2= -77.18
     Mean:     Objective 1=-125.59  Objective 2=-666.44

Gen  709/1000 [███████████████████████████████████░░░░░░░░░░░░░░░]  70.9%
     Best:     Objective 1= -25.53  Objective 2= -78.85
     Mean:     Objective 1=-121.68  Objective 2=-718.69

Gen  710/1000 [███████████████████████████████████░░░░░░░░░░░░░░░]  71.0%
     Best:     Objective 1= -32.81  Objective 2= -83.23
     Mean:     Objective 1=-128.88  Objective 2=-679.43

Generation 710:	[-23.58088903 -78.59957411]
Mean fitness:	-442.49 +- 786.18
Mean fitness per obj: ['-120.13 +-130.14', '-764.85 +-1005.67']
Gen  711/1000 [███████████████████████████████████░░░░░░░░░░░░░░░]  71.1%
     Best:     Objective 1= -27.98  Objective 2= -78.63
     Mean:     Objective 1=-120.13  Objective 2=-764.85

Gen  712/1000 [███████████████████████████████████░░░░░░░░░░░░░░░]  71.2%
     Best:     Objective 1= -19.26  Objective 2= -64.97
     Mean:     Objective 1=-124.99  Objective 2=-741.03

Gen  713/1000 [███████████████████████████████████░░░░░░░░░░░░░░░]  71.3%
     Best:     Objective 1= -24.76  Objective 2= -73.08
     Mean:     Objective 1=-119.23  Objective 2=-689.44

Gen  714/1000 [███████████████████████████████████░░░░░░░░░░░░░░░]  71.4%
     Best:     Objective 1= -28.86  Objective 2= -75.87
     Mean:     Objective 1=-134.73  Objective 2=-665.13

Gen  715/1000 [███████████████████████████████████░░░░░░░░░░░░░░░]  71.5%
     Best:     Objective 1= -21.73  Objective 2= -74.73
     Mean:     Objective 1=-123.57  Objective 2=-670.05

Generation 715:	[-23.58088903 -78.59957411]
Mean fitness:	-413.96 +- 624.43
Mean fitness per obj: ['-125.54 +-120.57', '-702.37 +-773.90']
Gen  716/1000 [███████████████████████████████████░░░░░░░░░░░░░░░]  71.6%
     Best:     Objective 1= -25.99  Objective 2= -83.78
     Mean:     Objective 1=-125.54  Objective 2=-702.37

Gen  717/1000 [███████████████████████████████████░░░░░░░░░░░░░░░]  71.7%
     Best:     Objective 1= -20.83  Objective 2= -77.35
     Mean:     Objective 1=-122.22  Objective 2=-633.39

Gen  718/1000 [███████████████████████████████████░░░░░░░░░░░░░░░]  71.8%
     Best:     Objective 1= -22.54  Objective 2= -75.98
     Mean:     Objective 1=-137.43  Objective 2=-632.46

Gen  719/1000 [███████████████████████████████████░░░░░░░░░░░░░░░]  71.9%
     Best:     Objective 1= -24.54  Objective 2= -79.35
     Mean:     Objective 1=-127.14  Objective 2=-680.06

Gen  720/1000 [████████████████████████████████████░░░░░░░░░░░░░░]  72.0%
     Best:     Objective 1= -26.02  Objective 2= -79.42
     Mean:     Objective 1=-139.20  Objective 2=-654.11

Generation 720:	[-23.58088903 -78.59957411]
Mean fitness:	-414.80 +- 651.06
Mean fitness per obj: ['-118.92 +-107.73', '-710.69 +-813.06']
Gen  721/1000 [████████████████████████████████████░░░░░░░░░░░░░░]  72.1%
     Best:     Objective 1= -28.42  Objective 2= -73.26
     Mean:     Objective 1=-118.92  Objective 2=-710.69

Gen  722/1000 [████████████████████████████████████░░░░░░░░░░░░░░]  72.2%
     Best:     Objective 1= -30.42  Objective 2= -88.06
     Mean:     Objective 1=-136.49  Objective 2=-708.24

Gen  723/1000 [████████████████████████████████████░░░░░░░░░░░░░░]  72.3%
     Best:     Objective 1= -29.13  Objective 2= -73.47
     Mean:     Objective 1=-126.88  Objective 2=-665.92

Gen  724/1000 [████████████████████████████████████░░░░░░░░░░░░░░]  72.4%
     Best:     Objective 1= -29.66  Objective 2= -68.96
     Mean:     Objective 1=-122.02  Objective 2=-731.63

Gen  725/1000 [████████████████████████████████████░░░░░░░░░░░░░░]  72.5%
     Best:     Objective 1= -22.01  Objective 2= -79.27
     Mean:     Objective 1=-127.96  Objective 2=-645.22

Generation 725:	[-23.58088903 -78.59957411]
Mean fitness:	-463.98 +- 733.04
Mean fitness per obj: ['-128.25 +-135.94', '-799.72 +-911.47']
Gen  726/1000 [████████████████████████████████████░░░░░░░░░░░░░░]  72.6%
     Best:     Objective 1= -26.26  Objective 2= -78.23
     Mean:     Objective 1=-128.25  Objective 2=-799.72

Gen  727/1000 [████████████████████████████████████░░░░░░░░░░░░░░]  72.7%
     Best:     Objective 1= -26.95  Objective 2= -77.93
     Mean:     Objective 1=-128.83  Objective 2=-826.90

Gen  728/1000 [████████████████████████████████████░░░░░░░░░░░░░░]  72.8%
     Best:     Objective 1= -23.43  Objective 2= -74.35
     Mean:     Objective 1=-118.56  Objective 2=-665.73

Gen  729/1000 [████████████████████████████████████░░░░░░░░░░░░░░]  72.9%
     Best:     Objective 1= -30.71  Objective 2= -89.44
     Mean:     Objective 1=-128.86  Objective 2=-744.78

Gen  730/1000 [████████████████████████████████████░░░░░░░░░░░░░░]  73.0%
     Best:     Objective 1= -29.85  Objective 2= -86.69
     Mean:     Objective 1=-127.88  Objective 2=-698.76

Generation 730:	[-23.58088903 -78.59957411]
Mean fitness:	-418.64 +- 680.69
Mean fitness per obj: ['-124.53 +-110.77', '-712.75 +-861.05']
Gen  731/1000 [████████████████████████████████████░░░░░░░░░░░░░░]  73.1%
     Best:     Objective 1= -30.89  Objective 2= -77.43
     Mean:     Objective 1=-124.53  Objective 2=-712.75

Gen  732/1000 [████████████████████████████████████░░░░░░░░░░░░░░]  73.2%
     Best:     Objective 1= -23.95  Objective 2= -88.43
     Mean:     Objective 1=-114.28  Objective 2=-672.02

Gen  733/1000 [████████████████████████████████████░░░░░░░░░░░░░░]  73.3%
     Best:     Objective 1= -29.36  Objective 2= -84.02
     Mean:     Objective 1=-125.70  Objective 2=-784.92

Gen  734/1000 [████████████████████████████████████░░░░░░░░░░░░░░]  73.4%
     Best:     Objective 1= -28.09  Objective 2= -70.70
     Mean:     Objective 1=-134.93  Objective 2=-681.61

Gen  735/1000 [████████████████████████████████████░░░░░░░░░░░░░░]  73.5%
     Best:     Objective 1= -30.60  Objective 2= -70.03
     Mean:     Objective 1=-115.74  Objective 2=-659.75

Generation 735:	[-23.58088903 -78.59957411]
Mean fitness:	-384.97 +- 610.76
Mean fitness per obj: ['-126.45 +-117.22', '-643.50 +-773.73']
Gen  736/1000 [████████████████████████████████████░░░░░░░░░░░░░░]  73.6%
     Best:     Objective 1= -23.36  Objective 2= -91.12
     Mean:     Objective 1=-126.45  Objective 2=-643.50

Gen  737/1000 [████████████████████████████████████░░░░░░░░░░░░░░]  73.7%
     Best:     Objective 1= -24.30  Objective 2= -74.72
     Mean:     Objective 1=-125.47  Objective 2=-597.25

Gen  738/1000 [████████████████████████████████████░░░░░░░░░░░░░░]  73.8%
     Best:     Objective 1= -28.88  Objective 2= -72.35
     Mean:     Objective 1=-124.81  Objective 2=-725.02

Gen  739/1000 [████████████████████████████████████░░░░░░░░░░░░░░]  73.9%
     Best:     Objective 1= -23.93  Objective 2= -76.05
     Mean:     Objective 1=-126.49  Objective 2=-673.12

Gen  740/1000 [█████████████████████████████████████░░░░░░░░░░░░░]  74.0%
     Best:     Objective 1= -26.34  Objective 2= -82.65
     Mean:     Objective 1=-116.66  Objective 2=-712.54

Generation 740:	[-23.58088903 -78.59957411]
Mean fitness:	-413.35 +- 661.31
Mean fitness per obj: ['-128.11 +-131.04', '-698.59 +-833.53']
Gen  741/1000 [█████████████████████████████████████░░░░░░░░░░░░░]  74.1%
     Best:     Objective 1= -32.65  Objective 2= -79.17
     Mean:     Objective 1=-128.11  Objective 2=-698.59

Gen  742/1000 [█████████████████████████████████████░░░░░░░░░░░░░]  74.2%
     Best:     Objective 1= -29.52  Objective 2= -80.27
     Mean:     Objective 1=-122.92  Objective 2=-700.54

Gen  743/1000 [█████████████████████████████████████░░░░░░░░░░░░░]  74.3%
     Best:     Objective 1= -27.27  Objective 2= -85.29
     Mean:     Objective 1=-128.34  Objective 2=-624.13

Gen  744/1000 [█████████████████████████████████████░░░░░░░░░░░░░]  74.4%
     Best:     Objective 1= -24.39  Objective 2= -85.33
     Mean:     Objective 1=-121.02  Objective 2=-643.44

Gen  745/1000 [█████████████████████████████████████░░░░░░░░░░░░░]  74.5%
     Best:     Objective 1= -26.06  Objective 2= -83.78
     Mean:     Objective 1=-123.28  Objective 2=-666.47

Generation 745:	[-23.58088903 -78.59957411]
Mean fitness:	-377.71 +- 616.75
Mean fitness per obj: ['-134.99 +-136.79', '-620.43 +-790.08']
Gen  746/1000 [█████████████████████████████████████░░░░░░░░░░░░░]  74.6%
     Best:     Objective 1= -26.44  Objective 2= -84.54
     Mean:     Objective 1=-134.99  Objective 2=-620.43

Gen  747/1000 [█████████████████████████████████████░░░░░░░░░░░░░]  74.7%
     Best:     Objective 1= -34.06  Objective 2= -81.38
     Mean:     Objective 1=-116.78  Objective 2=-703.09

Gen  748/1000 [█████████████████████████████████████░░░░░░░░░░░░░]  74.8%
     Best:     Objective 1= -25.92  Objective 2= -85.57
     Mean:     Objective 1=-131.48  Objective 2=-746.25

Gen  749/1000 [█████████████████████████████████████░░░░░░░░░░░░░]  74.9%
     Best:     Objective 1= -28.20  Objective 2= -59.73
     Mean:     Objective 1=-124.71  Objective 2=-676.78

Gen  750/1000 [█████████████████████████████████████░░░░░░░░░░░░░]  75.0%
     Best:     Objective 1= -30.33  Objective 2= -88.18
     Mean:     Objective 1=-122.45  Objective 2=-667.20

Generation 750:	[-23.58088903 -78.59957411]
Mean fitness:	-438.00 +- 735.84
Mean fitness per obj: ['-127.86 +-116.28', '-748.14 +-936.51']
Gen  751/1000 [█████████████████████████████████████░░░░░░░░░░░░░]  75.1%
     Best:     Objective 1= -26.67  Objective 2= -73.22
     Mean:     Objective 1=-127.86  Objective 2=-748.14

Gen  752/1000 [█████████████████████████████████████░░░░░░░░░░░░░]  75.2%
     Best:     Objective 1= -33.79  Objective 2= -73.31
     Mean:     Objective 1=-130.68  Objective 2=-754.49

Gen  753/1000 [█████████████████████████████████████░░░░░░░░░░░░░]  75.3%
     Best:     Objective 1= -24.00  Objective 2= -76.12
     Mean:     Objective 1=-123.46  Objective 2=-698.74

Gen  754/1000 [█████████████████████████████████████░░░░░░░░░░░░░]  75.4%
     Best:     Objective 1= -29.46  Objective 2= -86.98
     Mean:     Objective 1=-124.50  Objective 2=-696.06

Gen  755/1000 [█████████████████████████████████████░░░░░░░░░░░░░]  75.5%
     Best:     Objective 1= -28.47  Objective 2= -78.10
     Mean:     Objective 1=-122.59  Objective 2=-657.16

Generation 755:	[-23.58088903 -78.59957411]
Mean fitness:	-417.20 +- 678.19
Mean fitness per obj: ['-126.22 +-147.45', '-708.19 +-853.69']
Gen  756/1000 [█████████████████████████████████████░░░░░░░░░░░░░]  75.6%
     Best:     Objective 1= -27.88  Objective 2= -76.87
     Mean:     Objective 1=-126.22  Objective 2=-708.19

Gen  757/1000 [█████████████████████████████████████░░░░░░░░░░░░░]  75.7%
     Best:     Objective 1= -30.44  Objective 2= -67.57
     Mean:     Objective 1=-134.17  Objective 2=-721.39

Gen  758/1000 [█████████████████████████████████████░░░░░░░░░░░░░]  75.8%
     Best:     Objective 1= -30.40  Objective 2= -86.12
     Mean:     Objective 1=-121.69  Objective 2=-688.96

Gen  759/1000 [█████████████████████████████████████░░░░░░░░░░░░░]  75.9%
     Best:     Objective 1= -30.98  Objective 2= -84.75
     Mean:     Objective 1=-124.62  Objective 2=-777.22

Gen  760/1000 [██████████████████████████████████████░░░░░░░░░░░░]  76.0%
     Best:     Objective 1= -22.37  Objective 2= -90.73
     Mean:     Objective 1=-134.42  Objective 2=-647.32

Generation 760:	[-23.58088903 -78.59957411]
Mean fitness:	-417.25 +- 666.07
Mean fitness per obj: ['-124.77 +-130.80', '-709.74 +-836.12']
Gen  761/1000 [██████████████████████████████████████░░░░░░░░░░░░]  76.1%
     Best:     Objective 1= -26.26  Objective 2= -83.87
     Mean:     Objective 1=-124.77  Objective 2=-709.74

Gen  762/1000 [██████████████████████████████████████░░░░░░░░░░░░]  76.2%
     Best:     Objective 1= -30.01  Objective 2= -85.84
     Mean:     Objective 1=-133.92  Objective 2=-669.72

Gen  763/1000 [██████████████████████████████████████░░░░░░░░░░░░]  76.3%
     Best:     Objective 1= -22.41  Objective 2= -74.06
     Mean:     Objective 1=-129.91  Objective 2=-730.78

Gen  764/1000 [██████████████████████████████████████░░░░░░░░░░░░]  76.4%
     Best:     Objective 1= -26.45  Objective 2= -86.82
     Mean:     Objective 1=-119.91  Objective 2=-713.02

Gen  765/1000 [██████████████████████████████████████░░░░░░░░░░░░]  76.5%
     Best:     Objective 1= -29.94  Objective 2= -74.37
     Mean:     Objective 1=-135.75  Objective 2=-723.58

Generation 765:	[-23.58088903 -78.59957411]
Mean fitness:	-414.38 +- 682.17
Mean fitness per obj: ['-120.46 +-93.22', '-708.30 +-865.59']
Gen  766/1000 [██████████████████████████████████████░░░░░░░░░░░░]  76.6%
     Best:     Objective 1= -31.81  Objective 2= -77.72
     Mean:     Objective 1=-120.46  Objective 2=-708.30

Gen  767/1000 [██████████████████████████████████████░░░░░░░░░░░░]  76.7%
     Best:     Objective 1= -23.38  Objective 2= -71.57
     Mean:     Objective 1=-132.21  Objective 2=-707.27

Gen  768/1000 [██████████████████████████████████████░░░░░░░░░░░░]  76.8%
     Best:     Objective 1= -32.34  Objective 2= -81.96
     Mean:     Objective 1=-116.27  Objective 2=-657.46

Gen  769/1000 [██████████████████████████████████████░░░░░░░░░░░░]  76.9%
     Best:     Objective 1= -30.37  Objective 2= -84.14
     Mean:     Objective 1=-131.99  Objective 2=-691.70

Gen  770/1000 [██████████████████████████████████████░░░░░░░░░░░░]  77.0%
     Best:     Objective 1= -27.50  Objective 2= -89.74
     Mean:     Objective 1=-124.97  Objective 2=-711.03

Generation 770:	[-23.58088903 -78.59957411]
Mean fitness:	-396.74 +- 621.83
Mean fitness per obj: ['-121.76 +-94.16', '-671.71 +-783.11']
Gen  771/1000 [██████████████████████████████████████░░░░░░░░░░░░]  77.1%
     Best:     Objective 1= -27.94  Objective 2= -85.62
     Mean:     Objective 1=-121.76  Objective 2=-671.71

Gen  772/1000 [██████████████████████████████████████░░░░░░░░░░░░]  77.2%
     Best:     Objective 1= -25.92  Objective 2= -80.53
     Mean:     Objective 1=-124.16  Objective 2=-648.06

Gen  773/1000 [██████████████████████████████████████░░░░░░░░░░░░]  77.3%
     Best:     Objective 1= -25.05  Objective 2= -83.79
     Mean:     Objective 1=-121.15  Objective 2=-688.09

Gen  774/1000 [██████████████████████████████████████░░░░░░░░░░░░]  77.4%
     Best:     Objective 1= -26.01  Objective 2= -82.25
     Mean:     Objective 1=-128.79  Objective 2=-711.10

Gen  775/1000 [██████████████████████████████████████░░░░░░░░░░░░]  77.5%
     Best:     Objective 1= -24.99  Objective 2= -75.04
     Mean:     Objective 1=-126.06  Objective 2=-691.72

Generation 775:	[-23.58088903 -78.59957411]
Mean fitness:	-441.00 +- 724.06
Mean fitness per obj: ['-124.05 +-96.77', '-757.96 +-915.56']
Gen  776/1000 [██████████████████████████████████████░░░░░░░░░░░░]  77.6%
     Best:     Objective 1= -32.42  Objective 2= -76.07
     Mean:     Objective 1=-124.05  Objective 2=-757.96

Gen  777/1000 [██████████████████████████████████████░░░░░░░░░░░░]  77.7%
     Best:     Objective 1= -27.83  Objective 2= -92.83
     Mean:     Objective 1=-131.08  Objective 2=-658.05

Gen  778/1000 [██████████████████████████████████████░░░░░░░░░░░░]  77.8%
     Best:     Objective 1= -24.57  Objective 2= -74.16
     Mean:     Objective 1=-122.51  Objective 2=-676.75

Gen  779/1000 [██████████████████████████████████████░░░░░░░░░░░░]  77.9%
     Best:     Objective 1= -32.26  Objective 2= -84.92
     Mean:     Objective 1=-128.70  Objective 2=-773.04

Gen  780/1000 [███████████████████████████████████████░░░░░░░░░░░]  78.0%
     Best:     Objective 1= -29.74  Objective 2= -60.27
     Mean:     Objective 1=-123.95  Objective 2=-729.65

Generation 780:	[-23.58088903 -78.59957411]
Mean fitness:	-453.23 +- 742.19
Mean fitness per obj: ['-138.48 +-179.91', '-767.99 +-933.37']
Gen  781/1000 [███████████████████████████████████████░░░░░░░░░░░]  78.1%
     Best:     Objective 1= -31.85  Objective 2= -79.08
     Mean:     Objective 1=-138.48  Objective 2=-767.99

Gen  782/1000 [███████████████████████████████████████░░░░░░░░░░░]  78.2%
     Best:     Objective 1= -27.03  Objective 2= -80.96
     Mean:     Objective 1=-126.38  Objective 2=-675.80

Gen  783/1000 [███████████████████████████████████████░░░░░░░░░░░]  78.3%
     Best:     Objective 1= -27.70  Objective 2= -86.06
     Mean:     Objective 1=-131.08  Objective 2=-657.10

Gen  784/1000 [███████████████████████████████████████░░░░░░░░░░░]  78.4%
     Best:     Objective 1= -26.93  Objective 2= -81.61
     Mean:     Objective 1=-125.23  Objective 2=-691.66

Gen  785/1000 [███████████████████████████████████████░░░░░░░░░░░]  78.5%
     Best:     Objective 1= -27.66  Objective 2= -83.03
     Mean:     Objective 1=-120.30  Objective 2=-784.62

Generation 785:	[-23.58088903 -78.59957411]
Mean fitness:	-403.79 +- 682.95
Mean fitness per obj: ['-118.07 +-108.21', '-689.50 +-870.55']
Gen  786/1000 [███████████████████████████████████████░░░░░░░░░░░]  78.6%
     Best:     Objective 1= -28.59  Objective 2= -83.39
     Mean:     Objective 1=-118.07  Objective 2=-689.50

Gen  787/1000 [███████████████████████████████████████░░░░░░░░░░░]  78.7%
     Best:     Objective 1= -27.82  Objective 2= -82.90
     Mean:     Objective 1=-124.59  Objective 2=-753.04

Gen  788/1000 [███████████████████████████████████████░░░░░░░░░░░]  78.8%
     Best:     Objective 1= -26.97  Objective 2= -68.62
     Mean:     Objective 1=-134.92  Objective 2=-677.26

Gen  789/1000 [███████████████████████████████████████░░░░░░░░░░░]  78.9%
     Best:     Objective 1= -27.98  Objective 2= -86.78
     Mean:     Objective 1=-130.40  Objective 2=-709.34

Gen  790/1000 [███████████████████████████████████████░░░░░░░░░░░]  79.0%
     Best:     Objective 1= -28.17  Objective 2= -67.03
     Mean:     Objective 1=-120.28  Objective 2=-713.08

Generation 790:	[-23.58088903 -78.59957411]
Mean fitness:	-372.75 +- 593.57
Mean fitness per obj: ['-133.81 +-146.04', '-611.70 +-754.41']
Gen  791/1000 [███████████████████████████████████████░░░░░░░░░░░]  79.1%
     Best:     Objective 1= -28.30  Objective 2= -80.37
     Mean:     Objective 1=-133.81  Objective 2=-611.70

Gen  792/1000 [███████████████████████████████████████░░░░░░░░░░░]  79.2%
     Best:     Objective 1= -29.59  Objective 2= -69.72
     Mean:     Objective 1=-137.31  Objective 2=-617.64

Gen  793/1000 [███████████████████████████████████████░░░░░░░░░░░]  79.3%
     Best:     Objective 1= -26.61  Objective 2= -77.22
     Mean:     Objective 1=-119.94  Objective 2=-754.50

Gen  794/1000 [███████████████████████████████████████░░░░░░░░░░░]  79.4%
     Best:     Objective 1= -22.39  Objective 2= -72.28
     Mean:     Objective 1=-133.22  Objective 2=-754.19

Gen  795/1000 [███████████████████████████████████████░░░░░░░░░░░]  79.5%
     Best:     Objective 1= -29.00  Objective 2= -83.78
     Mean:     Objective 1=-124.79  Objective 2=-614.42

Generation 795:	[-23.58088903 -78.59957411]
Mean fitness:	-408.16 +- 664.94
Mean fitness per obj: ['-122.23 +-122.80', '-694.08 +-840.06']
Gen  796/1000 [███████████████████████████████████████░░░░░░░░░░░]  79.6%
     Best:     Objective 1= -25.62  Objective 2= -88.86
     Mean:     Objective 1=-122.23  Objective 2=-694.08

Gen  797/1000 [███████████████████████████████████████░░░░░░░░░░░]  79.7%
     Best:     Objective 1= -22.53  Objective 2= -85.18
     Mean:     Objective 1=-121.48  Objective 2=-741.26

Gen  798/1000 [███████████████████████████████████████░░░░░░░░░░░]  79.8%
     Best:     Objective 1= -25.85  Objective 2= -89.98
     Mean:     Objective 1=-122.56  Objective 2=-602.84

Gen  799/1000 [███████████████████████████████████████░░░░░░░░░░░]  79.9%
     Best:     Objective 1= -31.55  Objective 2= -79.32
     Mean:     Objective 1=-128.81  Objective 2=-667.89

Gen  800/1000 [████████████████████████████████████████░░░░░░░░░░]  80.0%
     Best:     Objective 1= -23.40  Objective 2= -77.93
     Mean:     Objective 1=-123.48  Objective 2=-665.42

Generation 800:	[-23.58088903 -78.59957411]
Mean fitness:	-418.48 +- 662.07
Mean fitness per obj: ['-135.62 +-171.21', '-701.34 +-829.06']
Gen  801/1000 [████████████████████████████████████████░░░░░░░░░░]  80.1%
     Best:     Objective 1= -26.22  Objective 2= -84.83
     Mean:     Objective 1=-135.62  Objective 2=-701.34

Gen  802/1000 [████████████████████████████████████████░░░░░░░░░░]  80.2%
     Best:     Objective 1= -25.02  Objective 2= -77.89
     Mean:     Objective 1=-124.30  Objective 2=-747.98

Gen  803/1000 [████████████████████████████████████████░░░░░░░░░░]  80.3%
     Best:     Objective 1= -31.66  Objective 2= -78.94
     Mean:     Objective 1=-127.35  Objective 2=-661.01

Gen  804/1000 [████████████████████████████████████████░░░░░░░░░░]  80.4%
     Best:     Objective 1= -23.82  Objective 2= -83.33
     Mean:     Objective 1=-124.12  Objective 2=-694.68

Gen  805/1000 [████████████████████████████████████████░░░░░░░░░░]  80.5%
     Best:     Objective 1= -27.56  Objective 2= -68.79
     Mean:     Objective 1=-123.40  Objective 2=-675.46

Generation 805:	[-23.58088903 -78.59957411]
Mean fitness:	-404.61 +- 639.32
Mean fitness per obj: ['-136.12 +-147.38', '-673.10 +-807.20']
Gen  806/1000 [████████████████████████████████████████░░░░░░░░░░]  80.6%
     Best:     Objective 1= -29.61  Objective 2= -76.04
     Mean:     Objective 1=-136.12  Objective 2=-673.10

Gen  807/1000 [████████████████████████████████████████░░░░░░░░░░]  80.7%
     Best:     Objective 1= -26.97  Objective 2= -91.31
     Mean:     Objective 1=-133.75  Objective 2=-721.76

Gen  808/1000 [████████████████████████████████████████░░░░░░░░░░]  80.8%
     Best:     Objective 1= -29.37  Objective 2= -79.45
     Mean:     Objective 1=-134.14  Objective 2=-697.40

Gen  809/1000 [████████████████████████████████████████░░░░░░░░░░]  80.9%
     Best:     Objective 1= -31.09  Objective 2= -86.61
     Mean:     Objective 1=-127.06  Objective 2=-703.42

Gen  810/1000 [████████████████████████████████████████░░░░░░░░░░]  81.0%
     Best:     Objective 1= -28.16  Objective 2= -81.74
     Mean:     Objective 1=-122.46  Objective 2=-681.08

Generation 810:	[-23.58088903 -78.59957411]
Mean fitness:	-425.96 +- 729.63
Mean fitness per obj: ['-128.52 +-140.53', '-723.39 +-931.69']
Gen  811/1000 [████████████████████████████████████████░░░░░░░░░░]  81.1%
     Best:     Objective 1= -28.68  Objective 2= -77.76
     Mean:     Objective 1=-128.52  Objective 2=-723.39

Gen  812/1000 [████████████████████████████████████████░░░░░░░░░░]  81.2%
     Best:     Objective 1= -31.87  Objective 2= -89.81
     Mean:     Objective 1=-123.22  Objective 2=-738.32

Gen  813/1000 [████████████████████████████████████████░░░░░░░░░░]  81.3%
     Best:     Objective 1= -31.10  Objective 2= -78.69
     Mean:     Objective 1=-119.70  Objective 2=-722.07

Gen  814/1000 [████████████████████████████████████████░░░░░░░░░░]  81.4%
     Best:     Objective 1= -25.68  Objective 2= -73.87
     Mean:     Objective 1=-123.73  Objective 2=-721.73

Gen  815/1000 [████████████████████████████████████████░░░░░░░░░░]  81.5%
     Best:     Objective 1= -25.68  Objective 2= -78.20
     Mean:     Objective 1=-113.84  Objective 2=-677.73

Generation 815:	[-23.58088903 -78.59957411]
Mean fitness:	-435.76 +- 709.84
Mean fitness per obj: ['-124.08 +-126.71', '-747.43 +-892.98']
Gen  816/1000 [████████████████████████████████████████░░░░░░░░░░]  81.6%
     Best:     Objective 1= -25.54  Objective 2= -81.21
     Mean:     Objective 1=-124.08  Objective 2=-747.43

Gen  817/1000 [████████████████████████████████████████░░░░░░░░░░]  81.7%
     Best:     Objective 1= -32.44  Objective 2= -74.31
     Mean:     Objective 1=-118.82  Objective 2=-665.44

Gen  818/1000 [████████████████████████████████████████░░░░░░░░░░]  81.8%
     Best:     Objective 1= -26.08  Objective 2= -73.67
     Mean:     Objective 1=-126.81  Objective 2=-741.64

Gen  819/1000 [████████████████████████████████████████░░░░░░░░░░]  81.9%
     Best:     Objective 1= -25.38  Objective 2= -70.53
     Mean:     Objective 1=-121.10  Objective 2=-668.93

Gen  820/1000 [█████████████████████████████████████████░░░░░░░░░]  82.0%
     Best:     Objective 1= -25.40  Objective 2= -83.79
     Mean:     Objective 1=-107.64  Objective 2=-638.12

Generation 820:	[-23.58088903 -78.59957411]
Mean fitness:	-440.43 +- 688.97
Mean fitness per obj: ['-132.68 +-134.77', '-748.19 +-861.26']
Gen  821/1000 [█████████████████████████████████████████░░░░░░░░░]  82.1%
     Best:     Objective 1= -24.16  Objective 2= -85.59
     Mean:     Objective 1=-132.68  Objective 2=-748.19

Gen  822/1000 [█████████████████████████████████████████░░░░░░░░░]  82.2%
     Best:     Objective 1= -28.39  Objective 2= -81.89
     Mean:     Objective 1=-122.40  Objective 2=-671.19

Gen  823/1000 [█████████████████████████████████████████░░░░░░░░░]  82.3%
     Best:     Objective 1= -26.50  Objective 2= -66.66
     Mean:     Objective 1=-128.35  Objective 2=-667.51

Gen  824/1000 [█████████████████████████████████████████░░░░░░░░░]  82.4%
     Best:     Objective 1= -26.16  Objective 2= -78.58
     Mean:     Objective 1=-119.30  Objective 2=-734.07

Gen  825/1000 [█████████████████████████████████████████░░░░░░░░░]  82.5%
     Best:     Objective 1= -22.69  Objective 2= -83.17
     Mean:     Objective 1=-132.60  Objective 2=-703.36

Generation 825:	[-23.58088903 -78.59957411]
Mean fitness:	-396.15 +- 637.35
Mean fitness per obj: ['-129.53 +-140.46', '-662.76 +-806.55']
Gen  826/1000 [█████████████████████████████████████████░░░░░░░░░]  82.6%
     Best:     Objective 1= -21.46  Objective 2= -80.06
     Mean:     Objective 1=-129.53  Objective 2=-662.76

Gen  827/1000 [█████████████████████████████████████████░░░░░░░░░]  82.7%
     Best:     Objective 1= -23.32  Objective 2= -78.78
     Mean:     Objective 1=-135.75  Objective 2=-679.86

Gen  828/1000 [█████████████████████████████████████████░░░░░░░░░]  82.8%
     Best:     Objective 1= -27.28  Objective 2= -87.17
     Mean:     Objective 1=-123.37  Objective 2=-696.82

Gen  829/1000 [█████████████████████████████████████████░░░░░░░░░]  82.9%
     Best:     Objective 1= -28.76  Objective 2= -79.60
     Mean:     Objective 1=-115.52  Objective 2=-696.86

Gen  830/1000 [█████████████████████████████████████████░░░░░░░░░]  83.0%
     Best:     Objective 1= -31.92  Objective 2= -79.28
     Mean:     Objective 1=-131.02  Objective 2=-708.43

Generation 830:	[-23.58088903 -78.59957411]
Mean fitness:	-388.82 +- 612.09
Mean fitness per obj: ['-134.46 +-103.99', '-643.17 +-780.46']
Gen  831/1000 [█████████████████████████████████████████░░░░░░░░░]  83.1%
     Best:     Objective 1= -33.13  Objective 2= -78.97
     Mean:     Objective 1=-134.46  Objective 2=-643.17

Gen  832/1000 [█████████████████████████████████████████░░░░░░░░░]  83.2%
     Best:     Objective 1= -23.80  Objective 2= -88.08
     Mean:     Objective 1=-134.96  Objective 2=-770.00

Gen  833/1000 [█████████████████████████████████████████░░░░░░░░░]  83.3%
     Best:     Objective 1= -31.56  Objective 2= -76.04
     Mean:     Objective 1=-130.39  Objective 2=-684.83

Gen  834/1000 [█████████████████████████████████████████░░░░░░░░░]  83.4%
     Best:     Objective 1= -23.57  Objective 2= -75.99
     Mean:     Objective 1=-127.56  Objective 2=-730.14

Gen  835/1000 [█████████████████████████████████████████░░░░░░░░░]  83.5%
     Best:     Objective 1= -22.11  Objective 2= -84.99
     Mean:     Objective 1=-121.64  Objective 2=-747.91

Generation 835:	[-23.58088903 -78.59957411]
Mean fitness:	-375.89 +- 611.05
Mean fitness per obj: ['-110.94 +-94.39', '-640.84 +-772.96']
Gen  836/1000 [█████████████████████████████████████████░░░░░░░░░]  83.6%
     Best:     Objective 1= -28.68  Objective 2= -84.20
     Mean:     Objective 1=-110.94  Objective 2=-640.84

Gen  837/1000 [█████████████████████████████████████████░░░░░░░░░]  83.7%
     Best:     Objective 1= -23.00  Objective 2= -75.62
     Mean:     Objective 1=-113.90  Objective 2=-641.48

Gen  838/1000 [█████████████████████████████████████████░░░░░░░░░]  83.8%
     Best:     Objective 1= -30.64  Objective 2= -66.96
     Mean:     Objective 1=-126.16  Objective 2=-727.13

Gen  839/1000 [█████████████████████████████████████████░░░░░░░░░]  83.9%
     Best:     Objective 1= -30.54  Objective 2= -82.90
     Mean:     Objective 1=-130.70  Objective 2=-800.88

Gen  840/1000 [██████████████████████████████████████████░░░░░░░░]  84.0%
     Best:     Objective 1= -29.06  Objective 2= -86.10
     Mean:     Objective 1=-122.58  Objective 2=-661.68

Generation 840:	[-23.58088903 -78.59957411]
Mean fitness:	-385.78 +- 608.52
Mean fitness per obj: ['-124.05 +-145.26', '-647.52 +-763.20']
Gen  841/1000 [██████████████████████████████████████████░░░░░░░░]  84.1%
     Best:     Objective 1= -28.48  Objective 2= -73.11
     Mean:     Objective 1=-124.05  Objective 2=-647.52

Gen  842/1000 [██████████████████████████████████████████░░░░░░░░]  84.2%
     Best:     Objective 1= -31.08  Objective 2= -75.40
     Mean:     Objective 1=-123.72  Objective 2=-662.08

Gen  843/1000 [██████████████████████████████████████████░░░░░░░░]  84.3%
     Best:     Objective 1= -28.34  Objective 2= -85.90
     Mean:     Objective 1=-123.11  Objective 2=-761.06

Gen  844/1000 [██████████████████████████████████████████░░░░░░░░]  84.4%
     Best:     Objective 1= -29.36  Objective 2= -67.38
     Mean:     Objective 1=-117.89  Objective 2=-700.82

Gen  845/1000 [██████████████████████████████████████████░░░░░░░░]  84.5%
     Best:     Objective 1= -26.94  Objective 2= -77.28
     Mean:     Objective 1=-126.39  Objective 2=-713.66

Generation 845:	[-23.58088903 -78.59957411]
Mean fitness:	-413.62 +- 660.29
Mean fitness per obj: ['-127.16 +-127.16', '-700.08 +-831.68']
Gen  846/1000 [██████████████████████████████████████████░░░░░░░░]  84.6%
     Best:     Objective 1= -28.56  Objective 2= -85.01
     Mean:     Objective 1=-127.16  Objective 2=-700.08

Gen  847/1000 [██████████████████████████████████████████░░░░░░░░]  84.7%
     Best:     Objective 1= -30.18  Objective 2= -87.40
     Mean:     Objective 1=-129.26  Objective 2=-735.51

Gen  848/1000 [██████████████████████████████████████████░░░░░░░░]  84.8%
     Best:     Objective 1= -21.90  Objective 2= -85.83
     Mean:     Objective 1=-114.97  Objective 2=-656.71

Gen  849/1000 [██████████████████████████████████████████░░░░░░░░]  84.9%
     Best:     Objective 1= -29.65  Objective 2= -94.75
     Mean:     Objective 1=-123.34  Objective 2=-719.78

Gen  850/1000 [██████████████████████████████████████████░░░░░░░░]  85.0%
     Best:     Objective 1= -31.06  Objective 2= -71.32
     Mean:     Objective 1=-119.42  Objective 2=-662.24

Generation 850:	[-23.58088903 -78.59957411]
Mean fitness:	-434.71 +- 698.83
Mean fitness per obj: ['-117.23 +-105.19', '-752.19 +-874.11']
Gen  851/1000 [██████████████████████████████████████████░░░░░░░░]  85.1%
     Best:     Objective 1= -21.65  Objective 2= -81.19
     Mean:     Objective 1=-117.23  Objective 2=-752.19

Gen  852/1000 [██████████████████████████████████████████░░░░░░░░]  85.2%
     Best:     Objective 1= -30.04  Objective 2= -85.36
     Mean:     Objective 1=-128.69  Objective 2=-676.81

Gen  853/1000 [██████████████████████████████████████████░░░░░░░░]  85.3%
     Best:     Objective 1= -22.07  Objective 2= -79.15
     Mean:     Objective 1=-135.21  Objective 2=-700.85

Gen  854/1000 [██████████████████████████████████████████░░░░░░░░]  85.4%
     Best:     Objective 1= -24.77  Objective 2= -83.49
     Mean:     Objective 1=-122.23  Objective 2=-632.08

Gen  855/1000 [██████████████████████████████████████████░░░░░░░░]  85.5%
     Best:     Objective 1= -28.21  Objective 2= -80.59
     Mean:     Objective 1=-130.92  Objective 2=-664.13

Generation 855:	[-23.58088903 -78.59957411]
Mean fitness:	-409.09 +- 663.70
Mean fitness per obj: ['-134.76 +-148.39', '-683.42 +-841.71']
Gen  856/1000 [██████████████████████████████████████████░░░░░░░░]  85.6%
     Best:     Objective 1= -27.76  Objective 2= -82.44
     Mean:     Objective 1=-134.76  Objective 2=-683.42

Gen  857/1000 [██████████████████████████████████████████░░░░░░░░]  85.7%
     Best:     Objective 1= -32.98  Objective 2= -82.08
     Mean:     Objective 1=-121.35  Objective 2=-732.39

Gen  858/1000 [██████████████████████████████████████████░░░░░░░░]  85.8%
     Best:     Objective 1= -26.82  Objective 2= -80.65
     Mean:     Objective 1=-122.57  Objective 2=-761.45

Gen  859/1000 [██████████████████████████████████████████░░░░░░░░]  85.9%
     Best:     Objective 1= -30.83  Objective 2= -82.37
     Mean:     Objective 1=-133.31  Objective 2=-715.01

Gen  860/1000 [███████████████████████████████████████████░░░░░░░]  86.0%
     Best:     Objective 1= -25.66  Objective 2= -70.71
     Mean:     Objective 1=-144.43  Objective 2=-754.18

Generation 860:	[-23.58088903 -78.59957411]
Mean fitness:	-402.92 +- 652.98
Mean fitness per obj: ['-113.28 +-113.03', '-692.56 +-819.89']
Gen  861/1000 [███████████████████████████████████████████░░░░░░░]  86.1%
     Best:     Objective 1= -29.52  Objective 2= -82.79
     Mean:     Objective 1=-113.28  Objective 2=-692.56

Gen  862/1000 [███████████████████████████████████████████░░░░░░░]  86.2%
     Best:     Objective 1= -28.18  Objective 2= -82.54
     Mean:     Objective 1=-150.38  Objective 2=-693.23

Gen  863/1000 [███████████████████████████████████████████░░░░░░░]  86.3%
     Best:     Objective 1= -22.66  Objective 2= -87.04
     Mean:     Objective 1=-127.24  Objective 2=-783.87

Gen  864/1000 [███████████████████████████████████████████░░░░░░░]  86.4%
     Best:     Objective 1= -28.44  Objective 2= -74.59
     Mean:     Objective 1=-122.72  Objective 2=-668.69

Gen  865/1000 [███████████████████████████████████████████░░░░░░░]  86.5%
     Best:     Objective 1= -19.39  Objective 2= -68.77
     Mean:     Objective 1=-135.36  Objective 2=-730.61

Generation 865:	[-23.58088903 -78.59957411]
Mean fitness:	-427.14 +- 672.69
Mean fitness per obj: ['-130.15 +-143.61', '-724.14 +-841.43']
Gen  866/1000 [███████████████████████████████████████████░░░░░░░]  86.6%
     Best:     Objective 1= -28.43  Objective 2= -87.15
     Mean:     Objective 1=-130.15  Objective 2=-724.14

Gen  867/1000 [███████████████████████████████████████████░░░░░░░]  86.7%
     Best:     Objective 1= -26.98  Objective 2= -84.93
     Mean:     Objective 1=-127.74  Objective 2=-702.08

Gen  868/1000 [███████████████████████████████████████████░░░░░░░]  86.8%
     Best:     Objective 1= -27.26  Objective 2= -85.91
     Mean:     Objective 1=-139.75  Objective 2=-692.03

Gen  869/1000 [███████████████████████████████████████████░░░░░░░]  86.9%
     Best:     Objective 1= -29.43  Objective 2= -80.05
     Mean:     Objective 1=-122.98  Objective 2=-634.89

Gen  870/1000 [███████████████████████████████████████████░░░░░░░]  87.0%
     Best:     Objective 1= -20.32  Objective 2= -76.62
     Mean:     Objective 1=-131.61  Objective 2=-794.66

Generation 870:	[-23.58088903 -78.59957411]
Mean fitness:	-391.35 +- 599.29
Mean fitness per obj: ['-125.17 +-116.63', '-657.52 +-750.33']
Gen  871/1000 [███████████████████████████████████████████░░░░░░░]  87.1%
     Best:     Objective 1= -26.33  Objective 2= -80.39
     Mean:     Objective 1=-125.17  Objective 2=-657.52

Gen  872/1000 [███████████████████████████████████████████░░░░░░░]  87.2%
     Best:     Objective 1= -26.06  Objective 2= -92.84
     Mean:     Objective 1=-119.49  Objective 2=-721.55

Gen  873/1000 [███████████████████████████████████████████░░░░░░░]  87.3%
     Best:     Objective 1= -29.10  Objective 2= -73.59
     Mean:     Objective 1=-135.14  Objective 2=-724.52

Gen  874/1000 [███████████████████████████████████████████░░░░░░░]  87.4%
     Best:     Objective 1= -28.27  Objective 2= -75.25
     Mean:     Objective 1=-127.22  Objective 2=-687.89

Gen  875/1000 [███████████████████████████████████████████░░░░░░░]  87.5%
     Best:     Objective 1= -22.91  Objective 2= -84.94
     Mean:     Objective 1=-123.67  Objective 2=-715.74

Generation 875:	[-23.58088903 -78.59957411]
Mean fitness:	-419.11 +- 686.10
Mean fitness per obj: ['-120.58 +-112.59', '-717.64 +-866.35']
Gen  876/1000 [███████████████████████████████████████████░░░░░░░]  87.6%
     Best:     Objective 1= -32.61  Objective 2= -82.46
     Mean:     Objective 1=-120.58  Objective 2=-717.64

Gen  877/1000 [███████████████████████████████████████████░░░░░░░]  87.7%
     Best:     Objective 1= -27.18  Objective 2= -77.48
     Mean:     Objective 1=-126.11  Objective 2=-769.31

Gen  878/1000 [███████████████████████████████████████████░░░░░░░]  87.8%
     Best:     Objective 1= -28.70  Objective 2= -78.20
     Mean:     Objective 1=-111.32  Objective 2=-658.74

Gen  879/1000 [███████████████████████████████████████████░░░░░░░]  87.9%
     Best:     Objective 1= -25.92  Objective 2= -80.09
     Mean:     Objective 1=-120.66  Objective 2=-636.89

Gen  880/1000 [████████████████████████████████████████████░░░░░░]  88.0%
     Best:     Objective 1= -23.67  Objective 2= -80.35
     Mean:     Objective 1=-125.47  Objective 2=-740.28

Generation 880:	[-23.58088903 -78.59957411]
Mean fitness:	-411.22 +- 662.13
Mean fitness per obj: ['-126.20 +-113.40', '-696.24 +-837.55']
Gen  881/1000 [████████████████████████████████████████████░░░░░░]  88.1%
     Best:     Objective 1= -28.32  Objective 2= -78.32
     Mean:     Objective 1=-126.20  Objective 2=-696.24

Gen  882/1000 [████████████████████████████████████████████░░░░░░]  88.2%
     Best:     Objective 1= -21.48  Objective 2= -92.65
     Mean:     Objective 1=-130.54  Objective 2=-735.05

Gen  883/1000 [████████████████████████████████████████████░░░░░░]  88.3%
     Best:     Objective 1= -23.05  Objective 2= -81.53
     Mean:     Objective 1=-123.17  Objective 2=-690.55

Gen  884/1000 [████████████████████████████████████████████░░░░░░]  88.4%
     Best:     Objective 1= -23.55  Objective 2= -88.33
     Mean:     Objective 1=-123.22  Objective 2=-659.60

Gen  885/1000 [████████████████████████████████████████████░░░░░░]  88.5%
     Best:     Objective 1= -28.08  Objective 2= -75.18
     Mean:     Objective 1=-133.53  Objective 2=-738.27

Generation 885:	[-23.58088903 -78.59957411]
Mean fitness:	-440.62 +- 715.36
Mean fitness per obj: ['-126.03 +-150.19', '-755.22 +-896.10']
Gen  886/1000 [████████████████████████████████████████████░░░░░░]  88.6%
     Best:     Objective 1= -26.20  Objective 2= -78.59
     Mean:     Objective 1=-126.03  Objective 2=-755.22

Gen  887/1000 [████████████████████████████████████████████░░░░░░]  88.7%
     Best:     Objective 1= -25.45  Objective 2= -74.20
     Mean:     Objective 1=-130.19  Objective 2=-683.69

Gen  888/1000 [████████████████████████████████████████████░░░░░░]  88.8%
     Best:     Objective 1= -23.34  Objective 2= -80.30
     Mean:     Objective 1=-125.03  Objective 2=-719.86

Gen  889/1000 [████████████████████████████████████████████░░░░░░]  88.9%
     Best:     Objective 1= -22.62  Objective 2= -72.46
     Mean:     Objective 1=-129.83  Objective 2=-756.19

Gen  890/1000 [████████████████████████████████████████████░░░░░░]  89.0%
     Best:     Objective 1= -25.01  Objective 2= -78.20
     Mean:     Objective 1=-134.07  Objective 2=-708.09

Generation 890:	[-23.58088903 -78.59957411]
Mean fitness:	-392.76 +- 627.87
Mean fitness per obj: ['-126.24 +-144.23', '-659.29 +-790.92']
Gen  891/1000 [████████████████████████████████████████████░░░░░░]  89.1%
     Best:     Objective 1= -28.72  Objective 2= -71.74
     Mean:     Objective 1=-126.24  Objective 2=-659.29

Gen  892/1000 [████████████████████████████████████████████░░░░░░]  89.2%
     Best:     Objective 1= -26.62  Objective 2= -74.13
     Mean:     Objective 1=-121.13  Objective 2=-644.59

Gen  893/1000 [████████████████████████████████████████████░░░░░░]  89.3%
     Best:     Objective 1= -30.68  Objective 2= -83.80
     Mean:     Objective 1=-121.48  Objective 2=-689.43

Gen  894/1000 [████████████████████████████████████████████░░░░░░]  89.4%
     Best:     Objective 1= -33.93  Objective 2= -74.31
     Mean:     Objective 1=-126.65  Objective 2=-704.33

Gen  895/1000 [████████████████████████████████████████████░░░░░░]  89.5%
     Best:     Objective 1= -29.52  Objective 2= -70.49
     Mean:     Objective 1=-133.32  Objective 2=-714.79

Generation 895:	[-23.58088903 -78.59957411]
Mean fitness:	-375.27 +- 577.45
Mean fitness per obj: ['-123.90 +-127.29', '-626.64 +-724.10']
Gen  896/1000 [████████████████████████████████████████████░░░░░░]  89.6%
     Best:     Objective 1= -22.21  Objective 2= -82.93
     Mean:     Objective 1=-123.90  Objective 2=-626.64

Gen  897/1000 [████████████████████████████████████████████░░░░░░]  89.7%
     Best:     Objective 1= -28.55  Objective 2= -75.16
     Mean:     Objective 1=-122.38  Objective 2=-613.95

Gen  898/1000 [████████████████████████████████████████████░░░░░░]  89.8%
     Best:     Objective 1= -27.19  Objective 2= -85.69
     Mean:     Objective 1=-122.70  Objective 2=-779.34

Gen  899/1000 [████████████████████████████████████████████░░░░░░]  89.9%
     Best:     Objective 1= -29.14  Objective 2= -76.39
     Mean:     Objective 1=-123.08  Objective 2=-688.57

Gen  900/1000 [█████████████████████████████████████████████░░░░░]  90.0%
     Best:     Objective 1= -25.97  Objective 2= -71.69
     Mean:     Objective 1=-123.82  Objective 2=-684.93

Generation 900:	[-23.58088903 -78.59957411]
Mean fitness:	-414.72 +- 700.84
Mean fitness per obj: ['-124.97 +-145.78', '-704.47 +-890.61']
Gen  901/1000 [█████████████████████████████████████████████░░░░░]  90.1%
     Best:     Objective 1= -25.28  Objective 2= -70.20
     Mean:     Objective 1=-124.97  Objective 2=-704.47

Gen  902/1000 [█████████████████████████████████████████████░░░░░]  90.2%
     Best:     Objective 1= -25.52  Objective 2= -85.30
     Mean:     Objective 1=-115.37  Objective 2=-681.83

Gen  903/1000 [█████████████████████████████████████████████░░░░░]  90.3%
     Best:     Objective 1= -29.86  Objective 2= -78.96
     Mean:     Objective 1=-126.30  Objective 2=-654.93

Gen  904/1000 [█████████████████████████████████████████████░░░░░]  90.4%
     Best:     Objective 1= -23.32  Objective 2= -87.00
     Mean:     Objective 1=-119.32  Objective 2=-651.21

Gen  905/1000 [█████████████████████████████████████████████░░░░░]  90.5%
     Best:     Objective 1= -27.93  Objective 2= -77.02
     Mean:     Objective 1=-117.35  Objective 2=-679.41

Generation 905:	[-23.58088903 -78.59957411]
Mean fitness:	-438.24 +- 699.84
Mean fitness per obj: ['-133.35 +-146.70', '-743.13 +-878.70']
Gen  906/1000 [█████████████████████████████████████████████░░░░░]  90.6%
     Best:     Objective 1= -28.62  Objective 2= -77.39
     Mean:     Objective 1=-133.35  Objective 2=-743.13

Gen  907/1000 [█████████████████████████████████████████████░░░░░]  90.7%
     Best:     Objective 1= -32.16  Objective 2= -73.19
     Mean:     Objective 1=-120.21  Objective 2=-665.47

Gen  908/1000 [█████████████████████████████████████████████░░░░░]  90.8%
     Best:     Objective 1= -27.76  Objective 2= -79.63
     Mean:     Objective 1=-120.11  Objective 2=-636.17

Gen  909/1000 [█████████████████████████████████████████████░░░░░]  90.9%
     Best:     Objective 1= -20.38  Objective 2= -75.63
     Mean:     Objective 1=-131.29  Objective 2=-736.81

Gen  910/1000 [█████████████████████████████████████████████░░░░░]  91.0%
     Best:     Objective 1= -27.20  Objective 2= -78.74
     Mean:     Objective 1=-134.31  Objective 2=-683.42

Generation 910:	[-23.58088903 -78.59957411]
Mean fitness:	-422.94 +- 675.74
Mean fitness per obj: ['-126.85 +-127.39', '-719.03 +-849.51']
Gen  911/1000 [█████████████████████████████████████████████░░░░░]  91.1%
     Best:     Objective 1= -30.68  Objective 2= -76.78
     Mean:     Objective 1=-126.85  Objective 2=-719.03

Gen  912/1000 [█████████████████████████████████████████████░░░░░]  91.2%
     Best:     Objective 1= -22.56  Objective 2= -72.25
     Mean:     Objective 1=-115.52  Objective 2=-674.02

Gen  913/1000 [█████████████████████████████████████████████░░░░░]  91.3%
     Best:     Objective 1= -34.92  Objective 2= -85.05
     Mean:     Objective 1=-124.66  Objective 2=-713.65

Gen  914/1000 [█████████████████████████████████████████████░░░░░]  91.4%
     Best:     Objective 1= -31.52  Objective 2= -80.35
     Mean:     Objective 1=-131.75  Objective 2=-682.39

Gen  915/1000 [█████████████████████████████████████████████░░░░░]  91.5%
     Best:     Objective 1= -22.72  Objective 2= -72.05
     Mean:     Objective 1=-112.82  Objective 2=-682.15

Generation 915:	[-23.58088903 -78.59957411]
Mean fitness:	-409.03 +- 689.94
Mean fitness per obj: ['-123.16 +-131.26', '-694.91 +-878.27']
Gen  916/1000 [█████████████████████████████████████████████░░░░░]  91.6%
     Best:     Objective 1= -29.37  Objective 2= -74.52
     Mean:     Objective 1=-123.16  Objective 2=-694.91

Gen  917/1000 [█████████████████████████████████████████████░░░░░]  91.7%
     Best:     Objective 1= -22.08  Objective 2= -85.02
     Mean:     Objective 1=-121.75  Objective 2=-687.02

Gen  918/1000 [█████████████████████████████████████████████░░░░░]  91.8%
     Best:     Objective 1= -30.93  Objective 2= -78.75
     Mean:     Objective 1=-127.74  Objective 2=-624.71

Gen  919/1000 [█████████████████████████████████████████████░░░░░]  91.9%
     Best:     Objective 1= -23.76  Objective 2= -64.55
     Mean:     Objective 1=-125.80  Objective 2=-627.49

Gen  920/1000 [██████████████████████████████████████████████░░░░]  92.0%
     Best:     Objective 1= -25.48  Objective 2= -67.52
     Mean:     Objective 1=-133.27  Objective 2=-668.08

Generation 920:	[-23.58088903 -78.59957411]
Mean fitness:	-391.72 +- 628.74
Mean fitness per obj: ['-119.34 +-101.88', '-664.10 +-794.91']
Gen  921/1000 [██████████████████████████████████████████████░░░░]  92.1%
     Best:     Objective 1= -26.34  Objective 2= -74.64
     Mean:     Objective 1=-119.34  Objective 2=-664.10

Gen  922/1000 [██████████████████████████████████████████████░░░░]  92.2%
     Best:     Objective 1= -31.85  Objective 2= -76.88
     Mean:     Objective 1=-120.05  Objective 2=-643.33

Gen  923/1000 [██████████████████████████████████████████████░░░░]  92.3%
     Best:     Objective 1= -28.13  Objective 2= -76.79
     Mean:     Objective 1=-126.82  Objective 2=-690.83

Gen  924/1000 [██████████████████████████████████████████████░░░░]  92.4%
     Best:     Objective 1= -23.92  Objective 2= -84.23
     Mean:     Objective 1=-124.11  Objective 2=-717.04

Gen  925/1000 [██████████████████████████████████████████████░░░░]  92.5%
     Best:     Objective 1= -23.55  Objective 2= -90.80
     Mean:     Objective 1=-133.76  Objective 2=-717.36

Generation 925:	[-23.58088903 -78.59957411]
Mean fitness:	-417.33 +- 666.00
Mean fitness per obj: ['-125.85 +-156.34', '-708.80 +-832.32']
Gen  926/1000 [██████████████████████████████████████████████░░░░]  92.6%
     Best:     Objective 1= -24.28  Objective 2= -81.55
     Mean:     Objective 1=-125.85  Objective 2=-708.80

Gen  927/1000 [██████████████████████████████████████████████░░░░]  92.7%
     Best:     Objective 1= -31.91  Objective 2= -83.97
     Mean:     Objective 1=-118.99  Objective 2=-734.87

Gen  928/1000 [██████████████████████████████████████████████░░░░]  92.8%
     Best:     Objective 1= -30.83  Objective 2= -85.74
     Mean:     Objective 1=-132.37  Objective 2=-740.84

Gen  929/1000 [██████████████████████████████████████████████░░░░]  92.9%
     Best:     Objective 1= -28.76  Objective 2= -71.95
     Mean:     Objective 1=-122.97  Objective 2=-698.38

Gen  930/1000 [██████████████████████████████████████████████░░░░]  93.0%
     Best:     Objective 1= -27.84  Objective 2= -84.81
     Mean:     Objective 1=-139.59  Objective 2=-677.45

Generation 930:	[-23.58088903 -78.59957411]
Mean fitness:	-411.80 +- 642.63
Mean fitness per obj: ['-126.81 +-130.15', '-696.79 +-804.10']
Gen  931/1000 [██████████████████████████████████████████████░░░░]  93.1%
     Best:     Objective 1= -31.29  Objective 2= -83.66
     Mean:     Objective 1=-126.81  Objective 2=-696.79

Gen  932/1000 [██████████████████████████████████████████████░░░░]  93.2%
     Best:     Objective 1= -33.96  Objective 2= -87.22
     Mean:     Objective 1=-129.19  Objective 2=-756.82

Gen  933/1000 [██████████████████████████████████████████████░░░░]  93.3%
     Best:     Objective 1= -29.02  Objective 2= -73.51
     Mean:     Objective 1=-124.88  Objective 2=-722.61

Gen  934/1000 [██████████████████████████████████████████████░░░░]  93.4%
     Best:     Objective 1= -24.16  Objective 2= -81.01
     Mean:     Objective 1=-128.61  Objective 2=-656.78

Gen  935/1000 [██████████████████████████████████████████████░░░░]  93.5%
     Best:     Objective 1= -31.34  Objective 2= -82.01
     Mean:     Objective 1=-122.12  Objective 2=-635.82

Generation 935:	[-23.58088903 -78.59957411]
Mean fitness:	-457.49 +- 737.37
Mean fitness per obj: ['-140.69 +-184.88', '-774.28 +-923.32']
Gen  936/1000 [██████████████████████████████████████████████░░░░]  93.6%
     Best:     Objective 1= -32.82  Objective 2= -80.49
     Mean:     Objective 1=-140.69  Objective 2=-774.28

Gen  937/1000 [██████████████████████████████████████████████░░░░]  93.7%
     Best:     Objective 1= -26.10  Objective 2= -76.00
     Mean:     Objective 1=-121.08  Objective 2=-686.11

Gen  938/1000 [██████████████████████████████████████████████░░░░]  93.8%
     Best:     Objective 1= -25.90  Objective 2= -79.58
     Mean:     Objective 1=-121.09  Objective 2=-772.51

Gen  939/1000 [██████████████████████████████████████████████░░░░]  93.9%
     Best:     Objective 1= -23.55  Objective 2= -82.02
     Mean:     Objective 1=-125.75  Objective 2=-670.54

Gen  940/1000 [███████████████████████████████████████████████░░░]  94.0%
     Best:     Objective 1= -31.09  Objective 2= -75.41
     Mean:     Objective 1=-131.06  Objective 2=-768.32

Generation 940:	[-23.58088903 -78.59957411]
Mean fitness:	-396.38 +- 642.64
Mean fitness per obj: ['-124.20 +-135.12', '-668.55 +-812.13']
Gen  941/1000 [███████████████████████████████████████████████░░░]  94.1%
     Best:     Objective 1= -28.49  Objective 2= -82.79
     Mean:     Objective 1=-124.20  Objective 2=-668.55

Gen  942/1000 [███████████████████████████████████████████████░░░]  94.2%
     Best:     Objective 1= -31.05  Objective 2= -76.00
     Mean:     Objective 1=-125.60  Objective 2=-698.33

Gen  943/1000 [███████████████████████████████████████████████░░░]  94.3%
     Best:     Objective 1= -29.46  Objective 2= -82.56
     Mean:     Objective 1=-134.24  Objective 2=-650.11

Gen  944/1000 [███████████████████████████████████████████████░░░]  94.4%
     Best:     Objective 1= -29.85  Objective 2= -86.74
     Mean:     Objective 1=-128.59  Objective 2=-677.67

Gen  945/1000 [███████████████████████████████████████████████░░░]  94.5%
     Best:     Objective 1= -29.47  Objective 2= -86.73
     Mean:     Objective 1=-137.97  Objective 2=-732.75

Generation 945:	[-23.58088903 -78.59957411]
Mean fitness:	-395.90 +- 637.34
Mean fitness per obj: ['-125.92 +-127.43', '-665.88 +-806.47']
Gen  946/1000 [███████████████████████████████████████████████░░░]  94.6%
     Best:     Objective 1= -29.58  Objective 2= -94.28
     Mean:     Objective 1=-125.92  Objective 2=-665.88

Gen  947/1000 [███████████████████████████████████████████████░░░]  94.7%
     Best:     Objective 1= -27.68  Objective 2= -79.20
     Mean:     Objective 1=-131.61  Objective 2=-652.50

Gen  948/1000 [███████████████████████████████████████████████░░░]  94.8%
     Best:     Objective 1= -26.58  Objective 2= -76.36
     Mean:     Objective 1=-120.13  Objective 2=-575.53

Gen  949/1000 [███████████████████████████████████████████████░░░]  94.9%
     Best:     Objective 1= -30.37  Objective 2= -81.75
     Mean:     Objective 1=-125.74  Objective 2=-708.76

Gen  950/1000 [███████████████████████████████████████████████░░░]  95.0%
     Best:     Objective 1= -24.80  Objective 2= -68.80
     Mean:     Objective 1=-125.25  Objective 2=-656.93

Generation 950:	[-23.58088903 -78.59957411]
Mean fitness:	-403.67 +- 680.58
Mean fitness per obj: ['-117.55 +-89.56', '-689.79 +-868.69']
Gen  951/1000 [███████████████████████████████████████████████░░░]  95.1%
     Best:     Objective 1= -27.66  Objective 2= -76.49
     Mean:     Objective 1=-117.55  Objective 2=-689.79

Gen  952/1000 [███████████████████████████████████████████████░░░]  95.2%
     Best:     Objective 1= -25.30  Objective 2= -84.28
     Mean:     Objective 1=-126.54  Objective 2=-714.60

Gen  953/1000 [███████████████████████████████████████████████░░░]  95.3%
     Best:     Objective 1= -30.26  Objective 2= -69.05
     Mean:     Objective 1=-130.01  Objective 2=-649.91

Gen  954/1000 [███████████████████████████████████████████████░░░]  95.4%
     Best:     Objective 1= -31.04  Objective 2= -62.51
     Mean:     Objective 1=-118.79  Objective 2=-646.68

Gen  955/1000 [███████████████████████████████████████████████░░░]  95.5%
     Best:     Objective 1= -27.96  Objective 2= -77.84
     Mean:     Objective 1=-133.81  Objective 2=-658.24

Generation 955:	[-23.58088903 -78.59957411]
Mean fitness:	-454.12 +- 729.55
Mean fitness per obj: ['-131.06 +-138.43', '-777.18 +-914.65']
Gen  956/1000 [███████████████████████████████████████████████░░░]  95.6%
     Best:     Objective 1= -24.37  Objective 2= -75.53
     Mean:     Objective 1=-131.06  Objective 2=-777.18

Gen  957/1000 [███████████████████████████████████████████████░░░]  95.7%
     Best:     Objective 1= -26.12  Objective 2= -78.03
     Mean:     Objective 1=-130.12  Objective 2=-707.74

Gen  958/1000 [███████████████████████████████████████████████░░░]  95.8%
     Best:     Objective 1= -26.65  Objective 2= -80.35
     Mean:     Objective 1=-125.72  Objective 2=-650.71

Gen  959/1000 [███████████████████████████████████████████████░░░]  95.9%
     Best:     Objective 1= -27.71  Objective 2= -85.49
     Mean:     Objective 1=-119.28  Objective 2=-602.20

Gen  960/1000 [████████████████████████████████████████████████░░]  96.0%
     Best:     Objective 1= -25.94  Objective 2= -72.25
     Mean:     Objective 1=-135.71  Objective 2=-697.71

Generation 960:	[-23.58088903 -78.59957411]
Mean fitness:	-401.49 +- 640.79
Mean fitness per obj: ['-125.89 +-157.69', '-677.08 +-802.77']
Gen  961/1000 [████████████████████████████████████████████████░░]  96.1%
     Best:     Objective 1= -29.02  Objective 2= -78.25
     Mean:     Objective 1=-125.89  Objective 2=-677.08

Gen  962/1000 [████████████████████████████████████████████████░░]  96.2%
     Best:     Objective 1= -30.18  Objective 2= -80.54
     Mean:     Objective 1=-127.50  Objective 2=-638.73

Gen  963/1000 [████████████████████████████████████████████████░░]  96.3%
     Best:     Objective 1= -25.51  Objective 2= -77.46
     Mean:     Objective 1=-122.63  Objective 2=-714.38

Gen  964/1000 [████████████████████████████████████████████████░░]  96.4%
     Best:     Objective 1= -31.06  Objective 2= -77.94
     Mean:     Objective 1=-112.94  Objective 2=-639.28

Gen  965/1000 [████████████████████████████████████████████████░░]  96.5%
     Best:     Objective 1= -26.13  Objective 2= -78.76
     Mean:     Objective 1=-119.90  Objective 2=-714.74

Generation 965:	[-23.58088903 -78.59957411]
Mean fitness:	-434.17 +- 685.61
Mean fitness per obj: ['-121.55 +-128.81', '-746.79 +-853.27']
Gen  966/1000 [████████████████████████████████████████████████░░]  96.6%
     Best:     Objective 1= -27.09  Objective 2= -80.56
     Mean:     Objective 1=-121.55  Objective 2=-746.79

Gen  967/1000 [████████████████████████████████████████████████░░]  96.7%
     Best:     Objective 1= -32.91  Objective 2= -83.29
     Mean:     Objective 1=-132.19  Objective 2=-656.88

Gen  968/1000 [████████████████████████████████████████████████░░]  96.8%
     Best:     Objective 1= -27.48  Objective 2= -75.23
     Mean:     Objective 1=-124.75  Objective 2=-742.56

Gen  969/1000 [████████████████████████████████████████████████░░]  96.9%
     Best:     Objective 1= -29.64  Objective 2= -78.71
     Mean:     Objective 1=-133.89  Objective 2=-616.53

Gen  970/1000 [████████████████████████████████████████████████░░]  97.0%
     Best:     Objective 1= -28.83  Objective 2= -77.35
     Mean:     Objective 1=-132.49  Objective 2=-747.63

Generation 970:	[-23.58088903 -78.59957411]
Mean fitness:	-380.54 +- 597.01
Mean fitness per obj: ['-128.12 +-119.51', '-632.97 +-755.73']
Gen  971/1000 [████████████████████████████████████████████████░░]  97.1%
     Best:     Objective 1= -27.46  Objective 2= -81.49
     Mean:     Objective 1=-128.12  Objective 2=-632.97

Gen  972/1000 [████████████████████████████████████████████████░░]  97.2%
     Best:     Objective 1= -21.78  Objective 2= -76.07
     Mean:     Objective 1=-126.17  Objective 2=-685.84

Gen  973/1000 [████████████████████████████████████████████████░░]  97.3%
     Best:     Objective 1= -26.17  Objective 2= -84.08
     Mean:     Objective 1=-126.34  Objective 2=-722.53

Gen  974/1000 [████████████████████████████████████████████████░░]  97.4%
     Best:     Objective 1= -25.55  Objective 2= -81.30
     Mean:     Objective 1=-124.35  Objective 2=-782.63

Gen  975/1000 [████████████████████████████████████████████████░░]  97.5%
     Best:     Objective 1= -34.29  Objective 2= -78.09
     Mean:     Objective 1=-135.53  Objective 2=-710.81

Generation 975:	[-23.58088903 -78.59957411]
Mean fitness:	-410.08 +- 673.32
Mean fitness per obj: ['-125.28 +-128.79', '-694.87 +-853.19']
Gen  976/1000 [████████████████████████████████████████████████░░]  97.6%
     Best:     Objective 1= -24.04  Objective 2= -71.04
     Mean:     Objective 1=-125.28  Objective 2=-694.87

Gen  977/1000 [████████████████████████████████████████████████░░]  97.7%
     Best:     Objective 1= -23.11  Objective 2= -80.84
     Mean:     Objective 1=-113.19  Objective 2=-680.86

Gen  978/1000 [████████████████████████████████████████████████░░]  97.8%
     Best:     Objective 1= -27.41  Objective 2= -77.80
     Mean:     Objective 1=-131.75  Objective 2=-680.69

Gen  979/1000 [████████████████████████████████████████████████░░]  97.9%
     Best:     Objective 1= -29.99  Objective 2= -78.96
     Mean:     Objective 1=-131.53  Objective 2=-645.98

Gen  980/1000 [█████████████████████████████████████████████████░]  98.0%
     Best:     Objective 1= -26.72  Objective 2= -71.13
     Mean:     Objective 1=-118.72  Objective 2=-739.33

Generation 980:	[-23.58088903 -78.59957411]
Mean fitness:	-404.66 +- 656.61
Mean fitness per obj: ['-126.77 +-140.37', '-682.55 +-829.53']
Gen  981/1000 [█████████████████████████████████████████████████░]  98.1%
     Best:     Objective 1= -22.99  Objective 2= -78.81
     Mean:     Objective 1=-126.77  Objective 2=-682.55

Gen  982/1000 [█████████████████████████████████████████████████░]  98.2%
     Best:     Objective 1= -26.46  Objective 2= -74.84
     Mean:     Objective 1=-126.60  Objective 2=-677.98

Gen  983/1000 [█████████████████████████████████████████████████░]  98.3%
     Best:     Objective 1= -26.90  Objective 2= -83.43
     Mean:     Objective 1=-133.58  Objective 2=-702.48

Gen  984/1000 [█████████████████████████████████████████████████░]  98.4%
     Best:     Objective 1= -23.24  Objective 2= -75.66
     Mean:     Objective 1=-118.48  Objective 2=-678.53

Gen  985/1000 [█████████████████████████████████████████████████░]  98.5%
     Best:     Objective 1= -31.39  Objective 2= -77.54
     Mean:     Objective 1=-130.51  Objective 2=-632.05

Generation 985:	[-23.58088903 -78.59957411]
Mean fitness:	-403.02 +- 640.80
Mean fitness per obj: ['-121.57 +-135.69', '-684.46 +-802.76']
Gen  986/1000 [█████████████████████████████████████████████████░]  98.6%
     Best:     Objective 1= -33.19  Objective 2= -74.85
     Mean:     Objective 1=-121.57  Objective 2=-684.46

Gen  987/1000 [█████████████████████████████████████████████████░]  98.7%
     Best:     Objective 1= -23.82  Objective 2= -75.17
     Mean:     Objective 1=-118.71  Objective 2=-671.70

Gen  988/1000 [█████████████████████████████████████████████████░]  98.8%
     Best:     Objective 1= -28.81  Objective 2= -75.51
     Mean:     Objective 1=-120.89  Objective 2=-712.78

Gen  989/1000 [█████████████████████████████████████████████████░]  98.9%
     Best:     Objective 1= -29.26  Objective 2= -83.38
     Mean:     Objective 1=-116.76  Objective 2=-694.75

Gen  990/1000 [█████████████████████████████████████████████████░]  99.0%
     Best:     Objective 1= -23.58  Objective 2= -91.79
     Mean:     Objective 1=-119.55  Objective 2=-745.74

Generation 990:	[-23.58088903 -78.59957411]
Mean fitness:	-413.94 +- 650.48
Mean fitness per obj: ['-128.13 +-118.62', '-699.75 +-817.81']
Gen  991/1000 [█████████████████████████████████████████████████░]  99.1%
     Best:     Objective 1= -26.07  Objective 2= -68.39
     Mean:     Objective 1=-128.13  Objective 2=-699.75

Gen  992/1000 [█████████████████████████████████████████████████░]  99.2%
     Best:     Objective 1= -29.77  Objective 2= -83.68
     Mean:     Objective 1=-135.97  Objective 2=-648.74

Gen  993/1000 [█████████████████████████████████████████████████░]  99.3%
     Best:     Objective 1= -23.84  Objective 2= -81.37
     Mean:     Objective 1=-124.92  Objective 2=-668.99

Gen  994/1000 [█████████████████████████████████████████████████░]  99.4%
     Best:     Objective 1= -33.87  Objective 2= -83.27
     Mean:     Objective 1=-138.50  Objective 2=-779.89

Gen  995/1000 [█████████████████████████████████████████████████░]  99.5%
     Best:     Objective 1= -21.89  Objective 2= -85.70
     Mean:     Objective 1=-127.17  Objective 2=-812.47

Generation 995:	[-23.58088903 -78.59957411]
Mean fitness:	-409.09 +- 658.70
Mean fitness per obj: ['-128.65 +-168.11', '-689.53 +-825.97']
Gen  996/1000 [█████████████████████████████████████████████████░]  99.6%
     Best:     Objective 1= -26.75  Objective 2= -68.23
     Mean:     Objective 1=-128.65  Objective 2=-689.53

Gen  997/1000 [█████████████████████████████████████████████████░]  99.7%
     Best:     Objective 1= -28.92  Objective 2= -90.69
     Mean:     Objective 1=-136.22  Objective 2=-703.30

Gen  998/1000 [█████████████████████████████████████████████████░]  99.8%
     Best:     Objective 1= -25.89  Objective 2= -73.42
     Mean:     Objective 1=-128.22  Objective 2=-717.99

Gen  999/1000 [█████████████████████████████████████████████████░]  99.9%
     Best:     Objective 1= -27.64  Objective 2= -73.96
     Mean:     Objective 1=-116.86  Objective 2=-686.55

Gen 1000/1000 [██████████████████████████████████████████████████] 100.0%
     Best:     Objective 1= -20.93  Objective 2= -69.25
     Mean:     Objective 1=-137.71  Objective 2=-696.98

Fitness plot saved to: results/20260401_113146_nsga_ckpts/fitness_plot.pdf
Pareto front plot saved to: results/20260401_113146_nsga_ckpts/pareto_fronts.pdf
Loaded genotype from: results/20260401_113146_nsga_ckpts/999/x_best.npy  (shape: (560,))
Controller: NeuralNetworkController  |  Parameters: 560

Evaluating on flat terrain (256 episodes)...
  Flat : mean=-106.93 +/- 59.88  best=-28.58  worst=-429.43
Evaluating on ice terrain (256 episodes)...
  Ice  : mean=-739.40 +/- 1153.09  best=-98.38  worst=-10304.67
  Video saved to: results/20260401_113146_nsga_ckpts/evaluation_flat.mp4
  Video saved to: results/20260401_113146_nsga_ckpts/evaluation_ice.mp4

Score saved to: results/20260401_113146_nsga_ckpts/evaluation_score.txt

==================================================
  FLAT : -106.93 +/- 59.88  (best: -28.58)
  ICE  : -739.40 +/- 1153.09  (best: -98.38)
==================================================
